name,datetime,temp,feelslike,dew,humidity,precip,precipprob,preciptype,snow,snowdepth,windgust,windspeed,winddir,sealevelpressure,cloudcover,visibility,solarradiation,solarenergy,uvindex,severerisk,conditions,icon,stations
"Bhopal, Madhya Pradesh, India",2024-01-01T00:00:00,63.8,63.8,59.6,86.39,0,0,,0,0,8.3,6.5,98.5,1016,14.6,,0,0,0,,Clear,clear-night,remote
"Bhopal, Madhya Pradesh, India",2024-01-01T01:00:00,63.2,63.2,59.1,86.36,0,0,,0,0,11.2,6.5,103.2,1016,8,,0,0,0,,Clear,clear-night,remote
"Bhopal, Madhya Pradesh, India",2024-01-01T02:00:00,62,62,60.5,95.03,0,0,,0,0,11,2.2,360,1014.7,40,1.2,0,0,0,,Partially cloudy,partly-cloudy-night,42667099999
"Bhopal, Madhya Pradesh, India",2024-01-01T03:00:00,61.8,61.8,58.6,89.12,0,0,,0,0,10.5,5.6,104.3,1015,9.7,,0,0,0,,Clear,clear-night,remote
"Bhopal, Madhya Pradesh, India",2024-01-01T04:00:00,59.1,59.1,57.6,94.97,0,0,,0,0,9.4,4.7,96.1,1016,14.7,,0,0,0,,Clear,clear-night,remote
"Bhopal, Madhya Pradesh, India",2024-01-01T05:00:00,57.9,57.9,57.3,97.92,0,0,,0,0,8.5,2.2,70,1016.1,45.4,0.6,0,0,0,,Partially cloudy,fog,"VABP,42667099999"
"Bhopal, Madhya Pradesh, India",2024-01-01T06:00:00,59.1,59.1,56.4,90.75,0,0,,0,0,7.8,4.5,101.4,1016,18.3,,0,0,0,,Clear,clear-night,remote
"Bhopal, Madhya Pradesh, India",2024-01-01T07:00:00,58.9,58.9,56.4,91.34,0,0,,0,0,7.6,4.3,108.8,1016,15.8,,0,0,0,,Clear,clear-night,remote
"Bhopal, Madhya Pradesh, India",2024-01-01T08:00:00,56.3,56.3,55.1,95.82,0,0,,0,0,7.4,2.2,319,1018,100,0.6,8.3,0,0,,Overcast,fog,"VABP,42672099999,42667099999,42763099999"
"Bhopal, Madhya Pradesh, India",2024-01-01T09:00:00,64.4,64.4,64.4,100,0,0,,0,0,9.8,3.4,300,1019,0,0.6,128.7,0.5,1,,Clear,fog,"VABP,42667099999"
"Bhopal, Madhya Pradesh, India",2024-01-01T10:00:00,68,68,66.2,93.97,0,0,,0,0,11.2,3.4,340,1019,0,0.6,327.6,1.2,3,,Clear,fog,"VABP,42667099999"
"Bhopal, Madhya Pradesh, India",2024-01-01T11:00:00,75.3,75.3,60.6,60.23,0,0,,0,0,12.8,0,157,1016.1,50,0.6,497.3,1.8,5,,Partially cloudy,fog,"42667099999,42763099999"
"Bhopal, Madhya Pradesh, India",2024-01-01T12:00:00,73.4,73.4,68,83.22,0,0,,0,0,13.6,6.9,300,1017,50,1.2,592.3,2.1,6,,Partially cloudy,partly-cloudy-day,"VABP,42667099999"
"Bhopal, Madhya Pradesh, India",2024-01-01T13:00:00,75.2,75.2,66.2,73.63,0,0,,0,0,13.2,4.7,330,1018,50,1.2,634.7,2.3,6,,Partially cloudy,partly-cloudy-day,"VABP,42667099999"
"Bhopal, Madhya Pradesh, India",2024-01-01T14:00:00,78.4,78.4,62.3,57.83,0,0,,0,0,13,0,0,1013.8,36.2,1,614.7,2.2,6,,Partially cloudy,partly-cloudy-day,"VABP,42667099999,42763099999"
"Bhopal, Madhya Pradesh, India",2024-01-01T15:00:00,75.2,75.2,66.2,73.63,0,0,,0,0,12.1,8.1,360,1015,0,1.2,507.4,1.8,5,,Clear,clear-day,"VABP,42667099999"
"Bhopal, Madhya Pradesh, India",2024-01-01T16:00:00,72.4,72.4,61.1,67.56,0,0,,0,0,12.3,3.4,241.7,1013,39.2,,395.7,1.4,4,,Partially cloudy,partly-cloudy-day,remote
"Bhopal, Madhya Pradesh, India",2024-01-01T17:00:00,69.8,69.8,66,87.55,0,0,,0,0,9.6,6.8,360,1014.2,100,0.6,255.5,0.9,3,,Overcast,fog,"VABP,42672099999,42667099999,42763099999"
"Bhopal, Madhya Pradesh, India",2024-01-01T18:00:00,73.3,73.3,60.7,64.71,0.004,100,rain,0,0,5.8,2,354.4,1014,28.8,,73.5,0.3,0,,"Rain, Partially cloudy",rain,remote
"Bhopal, Madhya Pradesh, India",2024-01-01T19:00:00,73.3,73.3,62.3,68.52,0,0,,0,0,3.8,4,22.2,1014,34.2,,1.3,0,0,,Partially cloudy,partly-cloudy-night,remote
"Bhopal, Madhya Pradesh, India",2024-01-01T20:00:00,64.5,64.5,62,91.7,0,0,,0,0,6,6.9,15,1016.5,31.4,0.6,0,0,0,,Partially cloudy,fog,"VABP,42667099999"
"Bhopal, Madhya Pradesh, India",2024-01-01T21:00:00,62.6,62.6,62.6,100,0,0,,0,0,7.2,5.8,10,1017,0,0.6,0,0,0,,Clear,fog,"VABP,42667099999"
"Bhopal, Madhya Pradesh, India",2024-01-01T22:00:00,60.8,60.8,60.8,100,0,0,,0,0,8.3,4.7,10,1018,0,0.6,0,0,0,,Clear,fog,"VABP,42667099999"
"Bhopal, Madhya Pradesh, India",2024-01-01T23:00:00,61,61,59.6,95.07,0,0,,0,0,8.7,4.7,360,1016.7,18.9,0.6,0,0,0,,Clear,fog,"VABP,42667099999"
"Bhopal, Madhya Pradesh, India",2024-01-02T00:00:00,61.8,61.8,59.8,93.22,0,0,,0,0,8.9,5.4,57.3,1016,15.7,,0,0,0,,Clear,clear-night,remote
"Bhopal, Madhya Pradesh, India",2024-01-02T01:00:00,61.1,61.1,59.3,93.8,0,0,,0,0,9.4,5.4,64.8,1016,18,,0,0,0,,Clear,clear-night,remote
"Bhopal, Madhya Pradesh, India",2024-01-02T02:00:00,58.4,58.4,55.1,88.96,0,0,,0,0,9.4,4.7,340,1016,17.2,0.6,0,0,0,,Clear,fog,42667099999
"Bhopal, Madhya Pradesh, India",2024-01-02T03:00:00,59.6,59.6,58.2,94.98,0,0,,0,0,9.2,4.9,65.8,1015,20,,0,0,0,,Clear,clear-night,remote
"Bhopal, Madhya Pradesh, India",2024-01-02T04:00:00,57.8,57.8,57.1,97.44,0,0,,0,0,8.3,4.9,56.4,1016,20.1,,0,0,0,,Partially cloudy,partly-cloudy-night,remote
"Bhopal, Madhya Pradesh, India",2024-01-02T05:00:00,56.2,56.2,55.9,98.8,0,0,,0,0,8.1,3.4,20,1016,100,0,0,0,0,,Overcast,cloudy,"VABP,42667099999"
"Bhopal, Madhya Pradesh, India",2024-01-02T06:00:00,55.4,55.4,55.4,100,0,0,,0,0,8.3,5.8,350,1017,100,0,0,0,0,,Overcast,cloudy,"VABP,42667099999"
"Bhopal, Madhya Pradesh, India",2024-01-02T07:00:00,55.4,55.4,55.4,100,0,0,,0,0,8.5,5.8,340,1017,100,0,0,0,0,,Overcast,cloudy,"VABP,42667099999"
"Bhopal, Madhya Pradesh, India",2024-01-02T08:00:00,56.1,56.1,55.7,98.47,0,0,,0,0,8.9,5.7,360,1018,100,0,8.4,0,0,,Overcast,cloudy,"VABP,42672099999,42667099999,42763099999"
"Bhopal, Madhya Pradesh, India",2024-01-02T09:00:00,57.2,57.2,55.4,93.7,0,0,,0,0,12.1,3.4,30,1019,100,,136.4,0.5,1,,Overcast,cloudy,"VABP,42667099999"
"Bhopal, Madhya Pradesh, India",2024-01-02T10:00:00,58.9,58.9,56.9,93.14,0,0,,0,0,13.4,5.1,67.2,1018,8.3,,321.4,1.2,3,,Clear,clear-day,remote
"Bhopal, Madhya Pradesh, India",2024-01-02T11:00:00,61.8,61.8,59.6,92.46,0,0,,0,0,13.9,2.2,45,1017.3,5.7,0.6,499.3,1.8,5,,Clear,fog,"VABP,42667099999,42763099999"
"Bhopal, Madhya Pradesh, India",2024-01-02T12:00:00,69.8,69.8,68,94.02,0,0,,0,0,13.9,2.2,100,1016,0,1.2,600.5,2.2,6,,Clear,clear-day,"VABP,42667099999"
"Bhopal, Madhya Pradesh, India",2024-01-02T13:00:00,73.4,73.4,66.2,78.21,0,0,,0,0,12.3,3.4,130,1015,0,1.2,655.8,2.4,7,,Clear,clear-day,"VABP,42667099999"
"Bhopal, Madhya Pradesh, India",2024-01-02T14:00:00,77.3,77.3,63.6,62.76,0,0,,0,0,12.3,2.2,90,1013.6,46.9,1,652.1,2.3,7,,Partially cloudy,partly-cloudy-day,"VABP,42667099999,42763099999"
"Bhopal, Madhya Pradesh, India",2024-01-02T15:00:00,71.6,71.6,69.8,94.06,0,0,,0,0,12.1,0,320,1014,0,1.2,557,2,6,,Clear,clear-day,"VABP,42667099999"
"Bhopal, Madhya Pradesh, India",2024-01-02T16:00:00,70.6,70.6,61.4,72.73,0,0,,0,0,11.2,3.4,189.5,1013,30.2,,410.2,1.5,4,,Partially cloudy,partly-cloudy-day,remote
"Bhopal, Madhya Pradesh, India",2024-01-02T17:00:00,67.9,67.9,64.2,87.89,0,0,,0,0,10.7,6.8,360,1013.5,28.3,1,246.5,0.9,2,,Partially cloudy,partly-cloudy-day,"VABP,42672099999,42667099999,42763099999"
"Bhopal, Madhya Pradesh, India",2024-01-02T18:00:00,64.4,64.4,64.4,100,0,0,,0,0,4.5,9.2,360,1015,27.3,1.2,77,0.3,0,,Partially cloudy,partly-cloudy-night,"VABP,42667099999"
"Bhopal, Madhya Pradesh, India",2024-01-02T19:00:00,71,71,62.9,75.59,0,0,,0,0,2.9,4,31.8,1013,32.3,,1.5,0,0,,Partially cloudy,partly-cloudy-night,remote
"Bhopal, Madhya Pradesh, India",2024-01-02T20:00:00,60.9,60.9,59.8,96.21,0,0,,0,0,6.9,5.8,15,1015.9,27.3,0.6,0,0,0,,Partially cloudy,fog,"VABP,42667099999"
"Bhopal, Madhya Pradesh, India",2024-01-02T21:00:00,63.1,63.1,60.3,90.9,0,0,,0,0,10.5,5.1,36.7,1015,13.8,,0,0,0,,Clear,clear-night,remote
"Bhopal, Madhya Pradesh, India",2024-01-02T22:00:00,62,62,60.2,93.82,0,0,,0,0,11.9,5.8,41.9,1016,8.8,,0,0,0,,Clear,clear-night,remote
"Bhopal, Madhya Pradesh, India",2024-01-02T23:00:00,59.6,59.6,58.4,95.6,0,0,,0,0,11.6,3.4,320,1016,6,0.6,0,0,0,,Clear,fog,42667099999
"Bhopal, Madhya Pradesh, India",2024-01-03T00:00:00,59.6,59.6,58.9,97.46,0,0,,0,0,11,6,56.5,1016,7.5,,0,0,0,,Clear,clear-night,remote
"Bhopal, Madhya Pradesh, India",2024-01-03T01:00:00,60,60,58.7,95.6,0,0,,0,0,10.5,5.8,65.5,1015,9,,0,0,0,,Clear,clear-night,remote
"Bhopal, Madhya Pradesh, India",2024-01-03T02:00:00,57.3,57.3,56.9,98.71,0,0,,0,0,10.1,3.4,320,1015.2,6.7,0.6,0,0,0,,Clear,fog,42667099999
"Bhopal, Madhya Pradesh, India",2024-01-03T03:00:00,58.4,58.4,57.3,96.19,0,0,,0,0,9.6,5.4,86.1,1015,8.5,,0,0,0,,Clear,clear-night,remote
"Bhopal, Madhya Pradesh, India",2024-01-03T04:00:00,59.1,59.1,58,96.21,0,0,,0,0,9.2,4.7,80.6,1015,13.1,,0,0,0,,Clear,clear-night,remote
"Bhopal, Madhya Pradesh, India",2024-01-03T05:00:00,59.3,59.3,58.7,98.09,0,0,,0,0,8.9,8.1,360,1015,9.6,0,0,0,0,,Clear,clear-night,42667099999
"Bhopal, Madhya Pradesh, India",2024-01-03T06:00:00,57.2,57.2,57.2,100,0,0,,0,0,7.8,8.1,360,1016,100,0,0,0,0,,Overcast,cloudy,"VABP,42667099999"
"Bhopal, Madhya Pradesh, India",2024-01-03T07:00:00,59.4,59.4,57.6,93.76,0,0,,0,0,6.7,3.8,82.7,1015,38,,0,0,0,,Partially cloudy,partly-cloudy-night,remote
"Bhopal, Madhya Pradesh, India",2024-01-03T08:00:00,58.2,58.2,57.9,99.03,0,0,,0,0,7.6,2.2,50,1017,100,0.3,8.1,0,0,,Overcast,fog,"VABP,42672099999,42667099999,42763099999"
"Bhopal, Madhya Pradesh, India",2024-01-03T09:00:00,61.2,61.2,57.8,88.52,0,0,,0,0,10.7,3.1,100.6,1016,34.8,,130.4,0.5,1,,Partially cloudy,partly-cloudy-day,remote
"Bhopal, Madhya Pradesh, India",2024-01-03T10:00:00,62,62,58,86.85,0,0,,0,0,12.3,2.9,138.7,1017,37.7,,283.3,1,3,,Partially cloudy,partly-cloudy-day,remote
"Bhopal, Madhya Pradesh, India",2024-01-03T11:00:00,59.3,59.3,59.3,99.83,0.039,100,rain,0,0,14.5,5.8,50,1016.9,99.8,0.6,473.8,1.7,5,,"Rain, Overcast",rain,"VABP,42667099999,42763099999"
"Bhopal, Madhya Pradesh, India",2024-01-03T12:00:00,64.4,64.4,62.6,93.88,0,0,,0,0,15.2,2.2,100,1016,50,0.6,565.8,2,6,,Partially cloudy,fog,"VABP,42667099999"
"Bhopal, Madhya Pradesh, India",2024-01-03T13:00:00,69.8,69.8,69.8,100,0,0,,0,0,13.4,2.2,130,1015,50,0.6,473.2,1.7,5,,Partially cloudy,fog,"VABP,42667099999"
"Bhopal, Madhya Pradesh, India",2024-01-03T14:00:00,73.4,73.4,66.6,79.17,0,0,,0,0,14.8,2.3,51,1013.3,40,1,528.4,1.9,5,,Partially cloudy,partly-cloudy-day,"VABP,42667099999,42763099999"
"Bhopal, Madhya Pradesh, India",2024-01-03T15:00:00,71.7,71.7,60.9,68.78,0,0,,0,0,15.2,0.7,355.1,1013,25.4,,416.4,1.5,4,,Partially cloudy,partly-cloudy-day,remote
"Bhopal, Madhya Pradesh, India",2024-01-03T16:00:00,68.4,68.4,63.1,82.9,0,0,,0,0,16.1,2,48.8,1013,50,,389.5,1.4,4,,Partially cloudy,partly-cloudy-day,remote
"Bhopal, Madhya Pradesh, India",2024-01-03T17:00:00,70.3,70.3,66,86.25,0,0,,0,0,14.5,5.7,1,1013.2,50.6,1.8,213.7,0.8,2,,Partially cloudy,partly-cloudy-day,"VABP,42672099999,42667099999,42763099999"
"Bhopal, Madhya Pradesh, India",2024-01-03T18:00:00,64.4,64.4,64.4,100,0,0,,0,0,10.3,9.2,360,1014,27.3,1.2,77,0.3,0,,Partially cloudy,partly-cloudy-night,"VABP,42667099999"
"Bhopal, Madhya Pradesh, India",2024-01-03T19:00:00,62.6,62.6,60.8,93.84,0,0,,0,0,13.4,10.3,350,1015,27.3,1.2,1.2,0,0,,Partially cloudy,partly-cloudy-night,"VABP,42667099999"
"Bhopal, Madhya Pradesh, India",2024-01-03T20:00:00,61.6,61.6,60.2,95.08,0,0,,0,0,15,8.1,360,1015.4,25,0.6,0,0,0,,Partially cloudy,fog,"VABP,42667099999"
"Bhopal, Madhya Pradesh, India",2024-01-03T21:00:00,62,62,60.3,94.42,0,0,,0,0,15,4.7,34.4,1015,44.6,,0,0,0,,Partially cloudy,partly-cloudy-night,remote
"Bhopal, Madhya Pradesh, India",2024-01-03T22:00:00,61.2,61.2,59.8,95.02,0,0,,0,0,16.1,5.6,45.6,1015,36.2,,0,0,0,,Partially cloudy,partly-cloudy-night,remote
"Bhopal, Madhya Pradesh, India",2024-01-03T23:00:00,59.7,59.7,58.6,96.19,0,0,,0,0,12.8,4.7,45,1015.9,100,0.6,0,0,0,,Overcast,fog,"VABP,42667099999"
"Bhopal, Madhya Pradesh, India",2024-01-04T00:00:00,60.2,60.2,58.9,95.61,0,0,,0,0,10.5,5.8,58.2,1015,26.7,,0,0,0,,Partially cloudy,partly-cloudy-night,remote
"Bhopal, Madhya Pradesh, India",2024-01-04T01:00:00,60.2,60.2,58.7,94.99,0,0,,0,0,10.1,5.1,61.7,1015,30.9,,0,0,0,,Partially cloudy,partly-cloudy-night,remote
"Bhopal, Madhya Pradesh, India",2024-01-04T02:00:00,58.7,58.7,57.5,95.58,0,0,,0,0,8.5,5.8,20,1014.7,29.6,0,0,0,0,,Partially cloudy,partly-cloudy-night,42667099999
"Bhopal, Madhya Pradesh, India",2024-01-04T03:00:00,58.9,58.9,58,96.83,0,0,,0,0,8.9,5.4,60.7,1015,31.6,,0,0,0,,Partially cloudy,partly-cloudy-night,remote
"Bhopal, Madhya Pradesh, India",2024-01-04T04:00:00,58.7,58.7,57.3,94.96,0,0,,0,0,9.2,5.1,59.9,1015,56.8,,0,0,0,,Partially cloudy,partly-cloudy-night,remote
"Bhopal, Madhya Pradesh, India",2024-01-04T05:00:00,57.9,57.9,57.3,97.92,0,0,,0,0,8.5,7,9,1015.4,100,0,0,0,0,,Overcast,cloudy,"VABP,42667099999"
"Bhopal, Madhya Pradesh, India",2024-01-04T06:00:00,57.2,57.2,57.2,100,0,0,,0,0,7.2,2.2,60,1017,100,,0,0,0,,Overcast,cloudy,"VABP,42667099999"
"Bhopal, Madhya Pradesh, India",2024-01-04T07:00:00,57.2,57.2,57.2,100,0,0,,0,0,8.1,3.4,20,1017,100,0.6,0,0,0,,Overcast,fog,"VABP,42667099999"
"Bhopal, Madhya Pradesh, India",2024-01-04T08:00:00,58.1,58.1,57.2,97.03,0,0,,0,0,8.7,6.8,1,1017.5,100,0.6,5.3,0,0,,Overcast,fog,"VABP,42672099999,42667099999,42763099999"
"Bhopal, Madhya Pradesh, India",2024-01-04T09:00:00,59,59,59,100,0,0,,0,0,9.6,2.2,320,1019,100,0.6,75.6,0.3,1,,Overcast,fog,"VABP,42667099999"
"Bhopal, Madhya Pradesh, India",2024-01-04T10:00:00,59,59,59,100,0,0,,0,0,10.3,5.8,50,1019,100,0.6,172.1,0.6,2,,Overcast,fog,"VABP,42667099999"
"Bhopal, Madhya Pradesh, India",2024-01-04T11:00:00,61.1,61.1,58.7,91.88,0,0,,0,0,11.9,4.7,20,1018.6,100,0.6,324.6,1.2,3,,Overcast,fog,"VABP,42667099999,42763099999"
"Bhopal, Madhya Pradesh, India",2024-01-04T12:00:00,59,59,59,100,0,0,,0,0,12.3,8.1,360,1018,100,0,437,1.6,4,,Overcast,cloudy,"VABP,42667099999"
"Bhopal, Madhya Pradesh, India",2024-01-04T13:00:00,59,59,59,100,0,0,,0,0,12.3,4.7,30,1016,100,0.6,405.4,1.5,4,,Overcast,fog,"VABP,42667099999"
"Bhopal, Madhya Pradesh, India",2024-01-04T14:00:00,59.9,59.9,59.9,99.95,0.315,100,rain,0,0,11,5.8,1,1014.9,100,0.3,285.1,1,3,,"Rain, Overcast",rain,"VABP,42667099999,42763099999"
"Bhopal, Madhya Pradesh, India",2024-01-04T15:00:00,60.8,60.8,60.8,100,0,0,,0,0,10.7,2.2,30,1014,100,0.6,251.2,0.9,3,,Overcast,fog,"VABP,42667099999"
"Bhopal, Madhya Pradesh, India",2024-01-04T16:00:00,60.8,60.8,60.8,100,0,0,,0,0,10.1,4.7,10,1014,100,0.6,181.1,0.7,2,,Overcast,fog,"VABP,42667099999"
"Bhopal, Madhya Pradesh, India",2024-01-04T17:00:00,60.9,60.9,59.3,94.64,0,0,,0,0,10.1,7.9,1,1014.6,100,0.4,104.6,0.4,1,,Overcast,fog,"VABP,42672099999,42667099999,42763099999"
"Bhopal, Madhya Pradesh, India",2024-01-04T18:00:00,60.8,60.8,59,93.79,0,0,,0,0,7.2,11.4,350,1015,100,0.6,50.8,0.2,0,,Overcast,fog,"VABP,42667099999"
"Bhopal, Madhya Pradesh, India",2024-01-04T19:00:00,60.8,60.8,59,93.79,0,0,,0,0,5.4,6.9,350,1016,27.3,0.6,1.2,0,0,,Partially cloudy,fog,"VABP,42667099999"
"Bhopal, Madhya Pradesh, India",2024-01-04T20:00:00,59.2,59.2,59.1,99.4,0,0,,0,0,7.4,11.4,340,1015.9,58.2,0.3,0,0,0,,Partially cloudy,fog,"VABP,42667099999"
"Bhopal, Madhya Pradesh, India",2024-01-04T21:00:00,59,59,59,100,0,0,,0,0,8.5,9.2,360,1017,100,0.6,0,0,0,,Overcast,fog,"VABP,42667099999"
"Bhopal, Madhya Pradesh, India",2024-01-04T22:00:00,59,59,59,100,0,0,,0,0,8.7,10.3,360,1017,100,0.6,0,0,0,,Overcast,fog,"VABP,42667099999"
"Bhopal, Madhya Pradesh, India",2024-01-04T23:00:00,59,59,58.7,98.81,0,0,,0,0,8.3,10.3,360,1016,100,0.3,0,0,0,,Overcast,fog,"VABP,42667099999"
"Bhopal, Madhya Pradesh, India",2024-01-05T00:00:00,59.4,59.4,59.3,99.36,0,0,,0,0,7.2,4.9,62.8,1015,18.6,,0,0,0,,Clear,clear-night,remote
"Bhopal, Madhya Pradesh, India",2024-01-05T01:00:00,59.8,59.8,59.4,98.73,0.004,100,rain,0,0,10.7,4.5,61.5,1015,23.8,,0,0,0,,"Rain, Partially cloudy",rain,remote
"Bhopal, Madhya Pradesh, India",2024-01-05T02:00:00,57.4,57.4,57.3,99.4,0,0,,0,0,7.8,4.7,50,1015.7,100,0.3,0,0,0,,Overcast,fog,"VABP,42667099999"
"Bhopal, Madhya Pradesh, India",2024-01-05T03:00:00,58.6,58.6,58.4,99.36,0.008,100,rain,0,0,10.7,4.3,63.8,1015,28.3,,0,0,0,,"Rain, Partially cloudy",rain,remote
"Bhopal, Madhya Pradesh, India",2024-01-05T04:00:00,57.5,57.5,57.5,100,0.008,100,rain,0,0,9.6,4.5,52.9,1015,46.4,,0,0,0,,"Rain, Partially cloudy",rain,remote
"Bhopal, Madhya Pradesh, India",2024-01-05T05:00:00,57.4,57.4,57.3,99.4,0,0,,0,0,8.7,3.4,20,1015.1,100,0,0,0,0,,Overcast,cloudy,"VABP,42667099999"
"Bhopal, Madhya Pradesh, India",2024-01-05T06:00:00,57.2,57.2,57.2,100,0,0,,0,0,8.7,6.9,360,1016,100,0,0,0,0,,Overcast,cloudy,"VABP,42667099999"
"Bhopal, Madhya Pradesh, India",2024-01-05T07:00:00,57.2,57.2,57.2,100,0,0,,0,0,8.7,2.2,30,1017,100,0,0,0,0,,Overcast,cloudy,"VABP,42667099999"
"Bhopal, Madhya Pradesh, India",2024-01-05T08:00:00,57.7,57.7,57.5,99.08,0,0,,0,0,10.5,3.3,21,1017.8,100,0,7,0,0,,Overcast,cloudy,"VABP,42672099999,42667099999,42763099999"
"Bhopal, Madhya Pradesh, India",2024-01-05T09:00:00,59.1,59.1,59.1,100,0,0,,0,0,11.9,4.7,30,1018,99.7,0.6,107.7,0.4,1,,Overcast,fog,42667099999
"Bhopal, Madhya Pradesh, India",2024-01-05T10:00:00,59,59,59,100,0,0,,0,0,13,4.7,40,1018,100,0.6,223.1,0.8,2,,Overcast,fog,"VABP,42667099999"
"Bhopal, Madhya Pradesh, India",2024-01-05T11:00:00,61.5,61.5,60.2,95.67,0,0,,0,0,14.8,2.3,50,1016.6,99.9,0.6,347.2,1.2,3,,Overcast,fog,"42667099999,42763099999"
"Bhopal, Madhya Pradesh, India",2024-01-05T12:00:00,64.4,64.4,62.6,93.88,0,0,,0,0,18.3,3.4,50,1016,100,0.6,415.2,1.5,4,,Overcast,fog,"VABP,42667099999"
"Bhopal, Madhya Pradesh, India",2024-01-05T13:00:00,62.5,62.5,62.1,98.74,0.004,100,rain,0,0,14.8,5.6,60.4,1016,58.6,,431.4,1.6,4,,"Rain, Partially cloudy",rain,remote
"Bhopal, Madhya Pradesh, India",2024-01-05T14:00:00,67.6,67.6,64.6,89.99,0,0,,0,0,14.3,4.7,20,1013.6,88.9,1,432.8,1.6,4,,Partially cloudy,partly-cloudy-day,"VABP,42667099999,42763099999"
"Bhopal, Madhya Pradesh, India",2024-01-05T15:00:00,66.3,66.3,63.1,89.31,0,0,,0,0,19.5,4,51.5,1014,93.1,,409.2,1.5,4,,Overcast,cloudy,remote
"Bhopal, Madhya Pradesh, India",2024-01-05T16:00:00,63.9,63.9,61.4,91.52,0.004,100,rain,0,0,19,3.6,32.8,1014,62.8,,219.3,0.8,2,,"Rain, Partially cloudy",rain,remote
"Bhopal, Madhya Pradesh, India",2024-01-05T17:00:00,64.4,64.4,62,92.01,0,0,,0,0,17.2,9,340,1014.5,93.7,1,150.2,0.5,2,,Overcast,cloudy,"VABP,42672099999,42667099999,42763099999"
"Bhopal, Madhya Pradesh, India",2024-01-05T18:00:00,63.6,63.6,61.4,92.68,0.02,100,rain,0,0,13.9,4.9,27.5,1014,48,,54.8,0.2,0,,"Rain, Partially cloudy",rain,remote
"Bhopal, Madhya Pradesh, India",2024-01-05T19:00:00,62.6,62.6,60.8,93.84,0,0,,0,0,11.2,5.8,340,1017,100,0.6,1.5,0,0,,Overcast,fog,"VABP,42667099999"
"Bhopal, Madhya Pradesh, India",2024-01-05T20:00:00,62.6,62.6,60.2,91.91,0,0,,0,0,11.4,3.4,325,1016.9,100,0.6,0,0,0,,Overcast,fog,"VABP,42667099999"
"Bhopal, Madhya Pradesh, India",2024-01-05T21:00:00,62.6,62.6,60.8,93.84,0,0,,0,0,10.1,5.8,330,1017,100,0.6,0,0,0,,Overcast,fog,"VABP,42667099999"
"Bhopal, Madhya Pradesh, India",2024-01-05T22:00:00,62.6,62.6,60.8,93.84,0,0,,0,0,11,6.9,350,1017,100,0.6,0,0,0,,Overcast,fog,"VABP,42667099999"
"Bhopal, Madhya Pradesh, India",2024-01-05T23:00:00,61.3,61.3,60.5,97.08,0,0,,0,0,11.9,9.2,340,1016.9,100,0.6,0,0,0,,Overcast,fog,"VABP,42667099999"
"Bhopal, Madhya Pradesh, India",2024-01-06T00:00:00,60.8,60.8,60.8,100,0,0,,0,0,10.7,5.8,360,1017,100,0.6,0,0,0,,Overcast,fog,"VABP,42667099999"
"Bhopal, Madhya Pradesh, India",2024-01-06T01:00:00,59,59,59,100,0,0,,0,0,8.7,4.7,20,1017,100,0.6,0,0,0,,Overcast,fog,"VABP,42667099999"
"Bhopal, Madhya Pradesh, India",2024-01-06T02:00:00,59.6,59.6,58.4,95.6,0,0,,0,0,8.7,6.9,360,1016.4,59.3,0.6,0,0,0,,Partially cloudy,fog,42667099999
"Bhopal, Madhya Pradesh, India",2024-01-06T03:00:00,58.6,58.6,58.6,100,0,0,,0,0,9.2,5.1,47.9,1016,87.5,,0,0,0,,Partially cloudy,partly-cloudy-night,remote
"Bhopal, Madhya Pradesh, India",2024-01-06T04:00:00,59.3,59.3,59.3,100,0,0,,0,0,9.4,6,36.1,1017,97.5,,0,0,0,,Overcast,cloudy,remote
"Bhopal, Madhya Pradesh, India",2024-01-06T05:00:00,59,59,57.7,95.45,0,0,,0,0,9.6,4.7,20,1016.8,100,0,0,0,0,,Overcast,cloudy,"VABP,42667099999"
"Bhopal, Madhya Pradesh, India",2024-01-06T06:00:00,57.2,57.2,57.2,100,0,0,,0,0,9.8,3.4,10,1017,100,0,0,0,0,,Overcast,cloudy,"VABP,42667099999"
"Bhopal, Madhya Pradesh, India",2024-01-06T07:00:00,57.2,57.2,57.2,100,0,0,,0,0,9.8,6.9,10,1018,100,0,0,0,0,,Overcast,cloudy,"VABP,42667099999"
"Bhopal, Madhya Pradesh, India",2024-01-06T08:00:00,57.9,57.9,57.6,99.07,0,0,,0,0,10.5,4.7,50,1018.9,100,0,6.1,0,0,,Overcast,cloudy,"VABP,42667099999,42763099999"
"Bhopal, Madhya Pradesh, India",2024-01-06T09:00:00,57.2,57.2,57.2,100,0,0,,0,0,16.3,6.9,10,1020,100,0,89,0.3,1,,Overcast,cloudy,"VABP,42667099999"
"Bhopal, Madhya Pradesh, India",2024-01-06T10:00:00,59,59,59,100,0,0,,0,0,17.7,4.7,10,1020,100,0.6,217.3,0.8,2,,Overcast,fog,"VABP,42667099999"
"Bhopal, Madhya Pradesh, India",2024-01-06T11:00:00,60.1,60.1,58.2,93.34,0,0,,0,0,18.1,5.8,15,1018.8,100,0.6,340.2,1.2,3,,Overcast,fog,"VABP,42667099999,42763099999"
"Bhopal, Madhya Pradesh, India",2024-01-06T12:00:00,60.8,60.8,60.8,100,0,0,,0,0,17.7,6.9,360,1018,100,0.6,408.4,1.5,4,,Overcast,fog,"VABP,42667099999"
"Bhopal, Madhya Pradesh, India",2024-01-06T13:00:00,62.6,62.6,62.6,100,0,0,,0,0,12.1,3.4,20,1017,100,0.6,440.2,1.6,4,,Overcast,fog,"VABP,42667099999"
"Bhopal, Madhya Pradesh, India",2024-01-06T14:00:00,64.5,64.5,61.6,90.19,0,0,,0,0,10.3,4.7,20,1016.2,89,1,463.7,1.7,5,,Partially cloudy,partly-cloudy-day,"VABP,42667099999,42763099999"
"Bhopal, Madhya Pradesh, India",2024-01-06T15:00:00,66.8,66.8,60.3,79.68,0,0,,0,0,8.7,2.2,32.3,1016,44.7,,391.6,1.4,4,,Partially cloudy,partly-cloudy-day,remote
"Bhopal, Madhya Pradesh, India",2024-01-06T16:00:00,66.6,66.6,58.7,75.68,0,0,,0,0,9.2,3.4,27.6,1015,23.7,,381,1.4,4,,Partially cloudy,partly-cloudy-day,remote
"Bhopal, Madhya Pradesh, India",2024-01-06T17:00:00,64.9,64.9,61.3,88.16,0,0,,0,0,9.6,4.6,15,1016.4,84.6,1,268.3,1,3,,Partially cloudy,partly-cloudy-day,"VABP,42672099999,42667099999,42763099999"
"Bhopal, Madhya Pradesh, India",2024-01-06T18:00:00,66.1,66.1,60,80.66,0,0,,0,0,9.2,3.4,31.1,1016,14.8,,106.5,0.4,0,,Clear,clear-night,remote
"Bhopal, Madhya Pradesh, India",2024-01-06T19:00:00,64.8,64.8,59.8,83.73,0,0,,0,0,7.2,4,40,1016,9.5,,2.8,0,0,,Clear,clear-night,remote
"Bhopal, Madhya Pradesh, India",2024-01-06T20:00:00,59.1,59.1,58.4,97.46,0,0,,0,0,7.2,6.9,360,1018.8,80,0.6,0,0,0,,Partially cloudy,fog,42667099999
"Bhopal, Madhya Pradesh, India",2024-01-06T21:00:00,59.8,59.8,57.6,92.56,0,0,,0,0,7.4,4,41.6,1018,12.9,,0,0,0,,Clear,clear-night,remote
"Bhopal, Madhya Pradesh, India",2024-01-06T22:00:00,59.4,59.4,57.6,93.76,0,0,,0,0,7.8,4.5,36,1018,8.9,,0,0,0,,Clear,clear-night,remote
"Bhopal, Madhya Pradesh, India",2024-01-06T23:00:00,57.7,57.7,57.4,99.1,0,0,,0,0,8.9,6.9,360,1019,84.3,0.6,0,0,0,,Partially cloudy,fog,"VABP,42667099999"
"Bhopal, Madhya Pradesh, India",2024-01-07T00:00:00,58.6,58.6,57.3,95.58,0,0,,0,0,9.6,5.6,39.7,1018,9.5,,0,0,0,,Clear,clear-night,remote
"Bhopal, Madhya Pradesh, India",2024-01-07T01:00:00,58.2,58.2,57.5,97.45,0,0,,0,0,9.6,5.4,43.6,1018,11.6,,0,0,0,,Clear,clear-night,remote
"Bhopal, Madhya Pradesh, India",2024-01-07T02:00:00,57.5,57.5,56.9,98.07,0,0,,0,0,9.4,6.9,360,1018.1,33.1,0,0,0,0,,Partially cloudy,partly-cloudy-night,42667099999
"Bhopal, Madhya Pradesh, India",2024-01-07T03:00:00,57.6,57.6,57.6,100,0,0,,0,0,9.8,6,56.9,1018,84,,0,0,0,,Partially cloudy,partly-cloudy-night,remote
"Bhopal, Madhya Pradesh, India",2024-01-07T04:00:00,57.5,57.5,57.5,100,0,0,,0,0,10.5,6.9,66.2,1018,100,,0,0,0,,Overcast,cloudy,remote
"Bhopal, Madhya Pradesh, India",2024-01-07T05:00:00,57.5,57.5,56.9,98.07,0,0,,0,0,12.8,2.2,20,1017.6,100,0,0,0,0,,Overcast,cloudy,42667099999
"Bhopal, Madhya Pradesh, India",2024-01-07T06:00:00,58.9,58.9,57.8,96.2,0,0,,0,0,13.4,9.2,72.8,1018,100,,0,0,0,,Overcast,cloudy,remote
"Bhopal, Madhya Pradesh, India",2024-01-07T07:00:00,59.1,59.1,57.8,95.59,0,0,,0,0,13.6,8.7,70,1019,100,,0,0,0,,Overcast,cloudy,remote
"Bhopal, Madhya Pradesh, India",2024-01-07T08:00:00,57.8,57.8,57.5,99.04,0,0,,0,0,15,5.7,20,1020,100,0.6,3,0,0,,Overcast,fog,"VABP,42672099999,42667099999,42763099999"
"Bhopal, Madhya Pradesh, India",2024-01-07T09:00:00,57.5,57.5,56.9,98.07,0,0,,0,0,16.8,9.2,72.9,1020,100,,47.7,0.2,0,,Overcast,cloudy,remote
"Bhopal, Madhya Pradesh, India",2024-01-07T10:00:00,56.7,56.7,56.4,98.71,0,0,,0,0,17.2,8.1,74.8,1021,100,,144.8,0.5,1,,Overcast,cloudy,remote
"Bhopal, Madhya Pradesh, India",2024-01-07T11:00:00,60.8,60.8,59.6,95.85,0,0,,0,0,16.8,5.8,360,1020.7,100,0.6,202.2,0.7,2,,Overcast,fog,"VABP,42667099999,42763099999"
"Bhopal, Madhya Pradesh, India",2024-01-07T12:00:00,61.4,61.4,60,95.02,0,0,,0,0,16.1,6.5,66.5,1021,100,,318.4,1.1,3,,Overcast,cloudy,remote
"Bhopal, Madhya Pradesh, India",2024-01-07T13:00:00,61.1,61.1,60,96.24,0,0,,0,0,13.4,6,64.1,1019,100,,159.9,0.6,2,,Overcast,cloudy,remote
"Bhopal, Madhya Pradesh, India",2024-01-07T14:00:00,60.9,60.9,60.4,98.24,0,0,,0,0,13,6.9,341,1017.7,100,0.6,130,0.5,1,,Overcast,fog,"VABP,42667099999,42763099999"
"Bhopal, Madhya Pradesh, India",2024-01-07T15:00:00,64.3,64.3,62,92.11,0,0,,0,0,12.5,5.6,62.6,1018,100,,158.4,0.6,2,,Overcast,cloudy,remote
"Bhopal, Madhya Pradesh, India",2024-01-07T16:00:00,62,62,60.9,96.25,0.008,100,rain,0,0,12.1,6.7,53.7,1017,97.3,,149.5,0.5,1,,"Rain, Overcast",rain,remote
"Bhopal, Madhya Pradesh, India",2024-01-07T17:00:00,61.7,61.7,60.3,95.07,0,0,,0,0,12.3,6.8,45,1016.8,93.6,0.6,102.8,0.4,1,,Overcast,fog,"VABP,42672099999,42667099999,42763099999"
"Bhopal, Madhya Pradesh, India",2024-01-07T18:00:00,63.6,63.6,61.4,92.68,0,0,,0,0,12.3,6.9,44.3,1017,49,,52.9,0.2,0,,Partially cloudy,partly-cloudy-night,remote
"Bhopal, Madhya Pradesh, India",2024-01-07T19:00:00,63.8,63.8,61.6,92.68,0,0,,0,0,11,6.5,49.3,1017,32.3,,1.6,0,0,,Partially cloudy,partly-cloudy-night,remote
"Bhopal, Madhya Pradesh, India",2024-01-07T20:00:00,61.3,61.3,60.5,97.08,0,0,,0,0,9.8,4.7,15,1018.5,100,1,0,0,0,,Overcast,cloudy,"VABP,42667099999"
"Bhopal, Madhya Pradesh, India",2024-01-07T21:00:00,62,62,60.5,95.03,0,0,,0,0,10.3,6.3,64.5,1018,12.1,,0,0,0,,Clear,clear-night,remote
"Bhopal, Madhya Pradesh, India",2024-01-07T22:00:00,61.8,61.8,60,93.82,0,0,,0,0,10.3,6,70.7,1019,16.6,,0,0,0,,Clear,clear-night,remote
"Bhopal, Madhya Pradesh, India",2024-01-07T23:00:00,61,61,60.5,97.94,0,0,,0,0,10.1,3.4,45,1018.6,100,1,0,0,0,,Overcast,cloudy,"VABP,42667099999"
"Bhopal, Madhya Pradesh, India",2024-01-08T00:00:00,60.2,60.2,59.3,96.84,0,0,,0,0,9.8,4.9,77.7,1018,34.5,,0,0,0,,Partially cloudy,partly-cloudy-night,remote
"Bhopal, Madhya Pradesh, India",2024-01-08T01:00:00,60.3,60.3,59.1,95.61,0,0,,0,0,8.1,4.7,80.3,1018,41.6,,0,0,0,,Partially cloudy,partly-cloudy-night,remote
"Bhopal, Madhya Pradesh, India",2024-01-08T02:00:00,59.1,59.1,58.7,98.72,0,0,,0,0,9.2,2.2,20,1017.8,50.3,0.6,0,0,0,,Partially cloudy,fog,42667099999
"Bhopal, Madhya Pradesh, India",2024-01-08T03:00:00,60.3,60.3,58.9,95,0,0,,0,0,8.3,5.4,77.9,1018,41.5,,0,0,0,,Partially cloudy,partly-cloudy-night,remote
"Bhopal, Madhya Pradesh, India",2024-01-08T04:00:00,59.1,59.1,57.3,93.75,0.008,100,rain,0,0,9.2,6,60.2,1018,52.5,,0,0,0,,"Rain, Partially cloudy",rain,remote
"Bhopal, Madhya Pradesh, India",2024-01-08T05:00:00,59.1,59.1,58.8,99.11,0,0,,0,0,9.8,3.4,20,1017.9,100,0.6,0,0,0,,Overcast,fog,"VABP,42667099999"
"Bhopal, Madhya Pradesh, India",2024-01-08T06:00:00,58.9,58.9,56.4,91.34,0,0,,0,0,9.8,5.6,77.5,1018,42.6,,0,0,0,,Partially cloudy,partly-cloudy-night,remote
"Bhopal, Madhya Pradesh, India",2024-01-08T07:00:00,59.6,59.6,56.6,89.6,0,0,,0,0,9.4,5.4,82.6,1018,39.4,,0,0,0,,Partially cloudy,partly-cloudy-night,remote
"Bhopal, Madhya Pradesh, India",2024-01-08T08:00:00,59.6,59.6,59.2,98.66,0,0,,0,0,9.2,4.5,70,1019.8,100,0.6,6,0,0,,Overcast,fog,"42672099999,42667099999,42763099999"
"Bhopal, Madhya Pradesh, India",2024-01-08T09:00:00,59.1,59.1,59.1,100,0,0,,0,0,10.7,4.7,50,1021,24.9,0.6,105.3,0.4,1,,Partially cloudy,fog,42667099999
"Bhopal, Madhya Pradesh, India",2024-01-08T10:00:00,64.4,64.4,64.4,100,0,0,,0,0,11.6,4.7,50,1021,100,0.6,216.8,0.8,2,,Overcast,fog,"VABP,42667099999"
"Bhopal, Madhya Pradesh, India",2024-01-08T11:00:00,67.6,67.6,65.3,92.3,0,0,,0,0,12.1,4.7,50,1019.4,100,0.6,355.2,1.3,4,,Overcast,fog,"VABP,42667099999,42763099999"
"Bhopal, Madhya Pradesh, India",2024-01-08T12:00:00,69.8,69.8,69.8,100,0,0,,0,0,12.3,2.2,30,1019,100,0.6,518.2,1.9,5,,Overcast,fog,"VABP,42667099999"
"Bhopal, Madhya Pradesh, India",2024-01-08T13:00:00,73.4,73.4,73.4,100,0,0,,0,0,11.2,2.2,70,1018,100,0.6,565.9,2,6,,Overcast,fog,"VABP,42667099999"
"Bhopal, Madhya Pradesh, India",2024-01-08T14:00:00,75.2,75.2,67.5,77.03,0,0,,0,0,10.1,4.7,56,1016.1,19.9,1,610.3,2.2,6,,Clear,clear-day,"VABP,42667099999,42763099999"
"Bhopal, Madhya Pradesh, India",2024-01-08T15:00:00,75.2,75.2,71.6,88.6,0,0,,0,0,8.9,5.8,40,1017,0,1.2,559.8,2,6,,Clear,clear-day,"VABP,42667099999"
"Bhopal, Madhya Pradesh, India",2024-01-08T16:00:00,73.4,73.4,73.4,100,0,0,,0,0,9.6,6.9,10,1016,0,1.2,453.3,1.6,5,,Clear,clear-day,"VABP,42667099999"
"Bhopal, Madhya Pradesh, India",2024-01-08T17:00:00,70.6,70.6,66.9,88.03,0,0,,0,0,9.6,6.8,20,1016,78.7,0.6,295.3,1.1,3,,Partially cloudy,fog,"VABP,42672099999,42667099999,42763099999"
"Bhopal, Madhya Pradesh, India",2024-01-08T18:00:00,71.3,71.3,64.8,80.03,0,0,,0,0,9.4,4,52.3,1016,15.5,,105.3,0.4,0,,Clear,clear-night,remote
"Bhopal, Madhya Pradesh, India",2024-01-08T19:00:00,64.4,64.4,64.4,100,0,0,,0,0,8.7,4.7,10,1018,0,0.6,3.2,0,0,,Clear,fog,"VABP,42667099999"
"Bhopal, Madhya Pradesh, India",2024-01-08T20:00:00,63.4,63.4,62.6,97.1,0,0,,0,0,10.1,5.8,15,1017.7,2.9,0.6,0,0,0,,Clear,fog,"VABP,42667099999"
"Bhopal, Madhya Pradesh, India",2024-01-08T21:00:00,62.6,62.6,62.6,100,0,0,,0,0,10.5,4.7,20,1019,0,0.6,0,0,0,,Clear,fog,"VABP,42667099999"
"Bhopal, Madhya Pradesh, India",2024-01-08T22:00:00,62.6,62.6,62.6,100,0,0,,0,0,11,3.4,50,1019,100,0.6,0,0,0,,Overcast,fog,"VABP,42667099999"
"Bhopal, Madhya Pradesh, India",2024-01-08T23:00:00,62.8,62.8,62.4,98.54,0,0,,0,0,11,3.4,45,1018.5,100,0.6,0,0,0,,Overcast,fog,"VABP,42667099999"
"Bhopal, Madhya Pradesh, India",2024-01-09T00:00:00,63.2,63.2,62,95.66,0,0,,0,0,10.5,5.6,93.3,1018,0,,0,0,0,,Clear,clear-night,remote
"Bhopal, Madhya Pradesh, India",2024-01-09T01:00:00,63.1,63.1,61.6,95.05,0,0,,0,0,9.6,5.6,95.1,1018,0.1,,0,0,0,,Clear,clear-night,remote
"Bhopal, Madhya Pradesh, India",2024-01-09T02:00:00,61,61,60.9,99.41,0,0,,0,0,9.4,3.4,50,1017.5,100,0.3,0,0,0,,Overcast,fog,"VABP,42667099999"
"Bhopal, Madhya Pradesh, India",2024-01-09T03:00:00,61.4,61.4,60,95.02,0,0,,0,0,9.2,5.6,93.3,1017,2.4,,0,0,0,,Clear,clear-night,remote
"Bhopal, Madhya Pradesh, India",2024-01-09T04:00:00,60.7,60.7,60,97.47,0,0,,0,0,9.6,5.6,102.8,1017,0.8,,0,0,0,,Clear,clear-night,remote
"Bhopal, Madhya Pradesh, India",2024-01-09T05:00:00,61.1,61.1,60.5,98.1,0,0,,0,0,9.6,5.8,90,1015.9,0,0.6,0,0,0,,Clear,fog,42667099999
"Bhopal, Madhya Pradesh, India",2024-01-09T06:00:00,60.8,60.8,60.8,100,0,0,,0,0,9.4,6.9,110,1017,0,0.6,0,0,0,,Clear,fog,"VABP,42667099999"
"Bhopal, Madhya Pradesh, India",2024-01-09T07:00:00,60.8,60.8,60.8,100,0,0,,0,0,9.2,9.2,100,1017,0,0.6,0,0,0,,Clear,fog,"VABP,42667099999"
"Bhopal, Madhya Pradesh, India",2024-01-09T08:00:00,62.6,62.6,61,94.69,0,0,,0,0,8.7,9,110,1017.6,100,0.6,7.3,0,0,,Overcast,fog,"VABP,42672099999,42667099999,42763099999"
"Bhopal, Madhya Pradesh, India",2024-01-09T09:00:00,64.4,64.4,64.4,100,0,0,,0,0,11.9,8.1,130,1019,4.7,,128.3,0.5,1,,Clear,clear-day,"VABP,42667099999"
"Bhopal, Madhya Pradesh, India",2024-01-09T10:00:00,61.6,61.6,59.8,93.81,0,0,,0,0,13.4,4.7,126.4,1019,1.2,,308.2,1.1,3,,Clear,clear-day,remote
"Bhopal, Madhya Pradesh, India",2024-01-09T11:00:00,75.6,75.6,65.2,70.18,0,0,,0,0,14.3,3.4,159,1018,0,1,508.8,1.8,5,,Clear,clear-day,"VABP,42667099999,42763099999"
"Bhopal, Madhya Pradesh, India",2024-01-09T12:00:00,78.8,78.8,62.6,57.63,0,0,,0,0,14.8,8.1,190,1018,0,1.2,620.6,2.2,6,,Clear,clear-day,"VABP,42667099999"
"Bhopal, Madhya Pradesh, India",2024-01-09T13:00:00,78.8,78.8,60.8,54.08,0,0,,0,0,11,2.2,150,1019,50,1.2,702.6,2.5,7,,Partially cloudy,partly-cloudy-day,"VABP,42667099999"
"Bhopal, Madhya Pradesh, India",2024-01-09T14:00:00,80.8,81.3,59,47.41,0,0,,0,0,15.9,3.3,246,1015.6,50,1.6,675.9,2.4,7,,Partially cloudy,partly-cloudy-day,"VABP,42667099999,42763099999"
"Bhopal, Madhya Pradesh, India",2024-01-09T15:00:00,73.4,73.4,73.4,100,0,0,,0,0,16.1,9.2,300,1017,88.9,1.9,583.8,2.1,6,,Partially cloudy,partly-cloudy-day,"VABP,42667099999"
"Bhopal, Madhya Pradesh, India",2024-01-09T16:00:00,71.6,71.6,71.6,100,0,0,,0,0,13.9,10.3,320,1017,50,0.6,416.5,1.5,4,,Partially cloudy,fog,"VABP,42667099999"
"Bhopal, Madhya Pradesh, India",2024-01-09T17:00:00,69.4,69.4,65.6,87.59,0,0,,0,0,11.2,9,320,1016.3,64.2,0.6,194.7,0.7,2,,Partially cloudy,fog,"VABP,42672099999,42667099999,42763099999"
"Bhopal, Madhya Pradesh, India",2024-01-09T18:00:00,66.2,66.2,66.2,100,0,0,,0,0,9.8,9.2,330,1018,88.9,0.6,88.3,0.3,0,,Partially cloudy,fog,"VABP,42667099999"
"Bhopal, Madhya Pradesh, India",2024-01-09T19:00:00,64.4,64.4,64.4,100,0,0,,0,0,12.3,8.1,10,1019,88.9,0.6,2.9,0,0,,Partially cloudy,fog,"VABP,42667099999"
"Bhopal, Madhya Pradesh, India",2024-01-09T20:00:00,63.4,63.4,62.3,95.97,0,0,,0,0,13.2,8.1,20,1018.8,84.3,0.6,0,0,0,,Partially cloudy,fog,"VABP,42667099999"
"Bhopal, Madhya Pradesh, India",2024-01-09T21:00:00,62.6,62.6,62.6,100,0,0,,0,0,13,6.9,360,1019,50,0.6,0,0,0,,Partially cloudy,fog,"VABP,42667099999"
"Bhopal, Madhya Pradesh, India",2024-01-09T22:00:00,60.8,60.8,60.8,100,0,0,,0,0,11.6,6.9,300,1019,50,0.6,0,0,0,,Partially cloudy,fog,"VABP,42667099999"
"Bhopal, Madhya Pradesh, India",2024-01-09T23:00:00,61,61,59.6,95.07,0,0,,0,0,10.7,5.8,360,1018.8,54.6,0.6,0,0,0,,Partially cloudy,fog,"VABP,42667099999"
"Bhopal, Madhya Pradesh, India",2024-01-10T00:00:00,62.5,62.5,61.2,95.65,0,0,,0,0,10.1,5.8,42.7,1018,8.6,,0,0,0,,Clear,clear-night,remote
"Bhopal, Madhya Pradesh, India",2024-01-10T01:00:00,62.1,62.1,60.7,95.03,0,0,,0,0,9.8,5.1,43.6,1018,16.3,,0,0,0,,Clear,clear-night,remote
"Bhopal, Madhya Pradesh, India",2024-01-10T02:00:00,58.7,58.7,56,90.74,0,0,,0,0,8.7,3.4,20,1018.1,17.7,0.6,0,0,0,,Clear,fog,42667099999
"Bhopal, Madhya Pradesh, India",2024-01-10T03:00:00,60.7,60.7,60,97.47,0,0,,0,0,7.8,4.5,40.4,1017,16.9,,0,0,0,,Clear,clear-night,remote
"Bhopal, Madhya Pradesh, India",2024-01-10T04:00:00,60,60,59.6,98.73,0,0,,0,0,7.4,4,49.4,1017,30.1,,0,0,0,,Partially cloudy,partly-cloudy-night,remote
"Bhopal, Madhya Pradesh, India",2024-01-10T05:00:00,57.3,57.3,56.1,95.71,0,0,,0,0,7.8,6.9,360,1017.8,100,0,0,0,0,,Overcast,cloudy,"VABP,42667099999"
"Bhopal, Madhya Pradesh, India",2024-01-10T06:00:00,59.6,59.6,58.2,94.98,0,0,,0,0,8.9,4.9,27.5,1017,94.9,,0,0,0,,Overcast,cloudy,remote
"Bhopal, Madhya Pradesh, India",2024-01-10T07:00:00,57.2,57.2,55.4,93.7,0,0,,0,0,9.8,6.9,350,1019,100,0,0,0,0,,Overcast,cloudy,"VABP,42667099999"
"Bhopal, Madhya Pradesh, India",2024-01-10T08:00:00,57.3,57.3,57.1,99.06,0,0,,0,0,10.7,5.7,20,1019.7,100,0,5.9,0,0,,Overcast,cloudy,"VABP,42672099999,42667099999,42763099999"
"Bhopal, Madhya Pradesh, India",2024-01-10T09:00:00,57.2,57.2,57.2,100,0,0,,0,0,14.3,6.9,10,1020,100,0,76.7,0.3,1,,Overcast,cloudy,"VABP,42667099999"
"Bhopal, Madhya Pradesh, India",2024-01-10T10:00:00,57.2,57.2,57.2,100,0,0,,0,0,15.2,5.8,350,1020,100,0,186.6,0.7,2,,Overcast,cloudy,"VABP,42667099999"
"Bhopal, Madhya Pradesh, India",2024-01-10T11:00:00,59.7,59.7,58.6,95.85,0,0,,0,0,14.8,3.4,26,1019.8,100,0.6,330.2,1.2,3,,Overcast,fog,"VABP,42667099999,42763099999"
"Bhopal, Madhya Pradesh, India",2024-01-10T12:00:00,60.8,60.8,59,93.79,0,0,,0,0,14.1,5.8,340,1019,100,0.6,379.5,1.4,4,,Overcast,fog,"VABP,42667099999"
"Bhopal, Madhya Pradesh, India",2024-01-10T13:00:00,60.8,60.8,60.8,100,0,0,,0,0,13.6,4.7,350,1017,100,0.6,409.9,1.5,4,,Overcast,fog,"VABP,42667099999"
"Bhopal, Madhya Pradesh, India",2024-01-10T14:00:00,62.1,62.1,60.5,94.4,0,0,,0,0,12.8,9.1,355,1016.5,100,0.6,448.6,1.6,4,,Overcast,fog,"VABP,42667099999,42763099999"
"Bhopal, Madhya Pradesh, India",2024-01-10T15:00:00,62.6,62.6,62.6,100,0,0,,0,0,11.2,2.2,350,1017,100,0.6,324.5,1.2,3,,Overcast,fog,"VABP,42667099999"
"Bhopal, Madhya Pradesh, India",2024-01-10T16:00:00,60.8,60.8,60.8,100,0,0,,0,0,9.2,2.2,360,1017,100,0.6,367.8,1.3,4,,Overcast,fog,"VABP,42667099999"
"Bhopal, Madhya Pradesh, India",2024-01-10T17:00:00,62.6,62.6,60.2,91.87,0,0,,0,0,8.7,0,1,1016.5,88.6,0.6,180.7,0.7,2,,Partially cloudy,fog,"VABP,42672099999,42667099999,42763099999"
"Bhopal, Madhya Pradesh, India",2024-01-10T18:00:00,60.8,60.8,60.8,100,0,0,,0,0,8.3,4.7,320,1017,88.9,0.6,83.8,0.3,0,,Partially cloudy,fog,"VABP,42667099999"
"Bhopal, Madhya Pradesh, India",2024-01-10T19:00:00,60.8,60.8,60.8,100,0,0,,0,0,6,5.8,340,1018,88.9,0.6,3.3,0,0,,Partially cloudy,fog,"VABP,42667099999"
"Bhopal, Madhya Pradesh, India",2024-01-10T20:00:00,61.3,61.3,60.2,96.21,0,0,,0,0,6.5,3.4,360,1018.5,88.9,0.6,0,0,0,,Partially cloudy,fog,"VABP,42667099999"
"Bhopal, Madhya Pradesh, India",2024-01-10T21:00:00,63.2,63.2,60.5,90.91,0,0,,0,0,6.3,3.1,47.5,1018,11,,0,0,0,,Clear,clear-night,remote
"Bhopal, Madhya Pradesh, India",2024-01-10T22:00:00,59,59,59,100,0,0,,0,0,5.4,2.2,60,1019,88.9,0.6,0,0,0,,Partially cloudy,fog,"VABP,42667099999"
"Bhopal, Madhya Pradesh, India",2024-01-10T23:00:00,59.1,59.1,58.6,98.22,0,0,,0,0,6,2.2,70,1018.7,88.9,0.6,0,0,0,,Partially cloudy,fog,"VABP,42667099999"
"Bhopal, Madhya Pradesh, India",2024-01-11T00:00:00,60.9,60.9,59.3,94.4,0,0,,0,0,6.3,4.3,107.1,1018,0.7,,0,0,0,,Clear,clear-night,remote
"Bhopal, Madhya Pradesh, India",2024-01-11T01:00:00,60.9,60.9,59.1,93.79,0,0,,0,0,6.7,4.5,111.1,1018,4.7,,0,0,0,,Clear,clear-night,remote
"Bhopal, Madhya Pradesh, India",2024-01-11T02:00:00,57.5,57.5,56.9,98.07,0,0,,0,0,6.3,3.4,110,1017.6,90,0.6,0,0,0,,Partially cloudy,fog,42667099999
"Bhopal, Madhya Pradesh, India",2024-01-11T03:00:00,62.1,62.1,59.4,90.87,0,0,,0,0,6.5,4.5,108.5,1017,2.5,,0,0,0,,Clear,clear-night,remote
"Bhopal, Madhya Pradesh, India",2024-01-11T04:00:00,57.8,57.8,56.9,96.81,0,0,,0,0,6.3,4,80,1017,3.5,,0,0,0,,Clear,clear-night,remote
"Bhopal, Madhya Pradesh, India",2024-01-11T05:00:00,56.9,56.9,56.4,98.07,0,0,,0,0,6,5.8,360,1019,5.1,0,0,0,0,,Clear,clear-night,42667099999
"Bhopal, Madhya Pradesh, India",2024-01-11T06:00:00,55.4,55.4,55.4,100,0,0,,0,0,6.5,5.8,360,1018,100,0.6,0,0,0,,Overcast,fog,"VABP,42667099999"
"Bhopal, Madhya Pradesh, India",2024-01-11T07:00:00,59.4,59.4,58,94.98,0,0,,0,0,6.3,5.1,43.4,1019,100,,0,0,0,,Overcast,cloudy,remote
"Bhopal, Madhya Pradesh, India",2024-01-11T08:00:00,56.3,56.3,55.9,98.67,0,0,,0,0,7.6,3.3,20,1020.2,100,0.4,6.7,0,0,,Overcast,fog,"VABP,42672099999,42667099999,42763099999"
"Bhopal, Madhya Pradesh, India",2024-01-11T09:00:00,57.2,57.2,55.4,93.7,0,0,,0,0,10.7,4.7,10,1022,100,0.6,120.9,0.4,1,,Overcast,fog,"VABP,42667099999"
"Bhopal, Madhya Pradesh, India",2024-01-11T10:00:00,59.1,59.1,58.4,97.46,0,0,,0,0,12.3,6,57.6,1021,72.4,,307.2,1.1,3,,Partially cloudy,partly-cloudy-day,remote
"Bhopal, Madhya Pradesh, India",2024-01-11T11:00:00,64.1,64.1,61.3,90.71,0,0,,0,0,13,2.2,25,1020.5,100,1,485.1,1.7,5,,Overcast,cloudy,"VABP,42667099999,42763099999"
"Bhopal, Madhya Pradesh, India",2024-01-11T12:00:00,66.2,66.2,66.2,100,0,0,,0,0,13,4.7,360,1020,0,1.2,600.7,2.2,6,,Clear,clear-day,"VABP,42667099999"
"Bhopal, Madhya Pradesh, India",2024-01-11T13:00:00,71.6,71.6,71.6,100,0,0,,0,0,12.5,2.2,70,1019,0,1.2,645.7,2.3,6,,Clear,clear-day,"VABP,42667099999"
"Bhopal, Madhya Pradesh, India",2024-01-11T14:00:00,73.4,73.4,67.5,81.59,0,0,,0,0,11.4,3.4,26,1016.9,50,1.2,663.9,2.4,7,,Partially cloudy,partly-cloudy-day,"VABP,42667099999,42763099999"
"Bhopal, Madhya Pradesh, India",2024-01-11T15:00:00,73.4,73.4,73.4,100,0,0,,0,0,9.4,5.8,340,1017,0,1.2,519.2,1.9,5,,Clear,clear-day,"VABP,42667099999"
"Bhopal, Madhya Pradesh, India",2024-01-11T16:00:00,71.6,71.6,71.6,100,0,0,,0,0,9.2,6.9,350,1017,0,1.2,340.3,1.2,3,,Clear,clear-day,"VABP,42667099999"
"Bhopal, Madhya Pradesh, India",2024-01-11T17:00:00,69.2,69.2,66.7,91.67,0,0,,0,0,8.7,6.8,1,1016.3,72.6,1.3,164.7,0.6,2,,Partially cloudy,partly-cloudy-day,"VABP,42672099999,42667099999,42763099999"
"Bhopal, Madhya Pradesh, India",2024-01-11T18:00:00,72.2,72.2,62.9,72.43,0,0,,0,0,8.1,3.6,35.7,1016,95.3,,75.7,0.3,0,,Overcast,cloudy,remote
"Bhopal, Madhya Pradesh, India",2024-01-11T19:00:00,64.4,64.4,64.4,100,0,0,,0,0,6.9,5.8,360,1018,0,1.2,3.1,0,0,,Clear,clear-night,"VABP,42667099999"
"Bhopal, Madhya Pradesh, India",2024-01-11T20:00:00,63.3,63.3,61.6,94.28,0,0,,0,0,8.1,3.4,360,1017.7,75.2,1,0,0,0,,Partially cloudy,partly-cloudy-night,"VABP,42667099999"
"Bhopal, Madhya Pradesh, India",2024-01-11T21:00:00,66.6,66.6,62,84.92,0,0,,0,0,8.1,4.5,52.7,1018,12.5,,0,0,0,,Clear,clear-night,remote
"Bhopal, Madhya Pradesh, India",2024-01-11T22:00:00,60.8,60.8,60.8,100,0,0,,0,0,7.2,0,0,1019,0,1.2,0,0,0,,Clear,clear-night,"VABP,42667099999"
"Bhopal, Madhya Pradesh, India",2024-01-11T23:00:00,60.6,60.6,58.8,93.79,0,0,,0,0,6.3,0,0,1018.5,3.3,1,0,0,0,,Clear,clear-night,"VABP,42667099999"
"Bhopal, Madhya Pradesh, India",2024-01-12T00:00:00,61.6,61.6,59.8,93.81,0,0,,0,0,6.7,4,70,1017,0.8,,0,0,0,,Clear,clear-night,remote
"Bhopal, Madhya Pradesh, India",2024-01-12T01:00:00,60.7,60.7,59.1,94.4,0,0,,0,0,7.2,4.9,74.8,1017,1.2,,0,0,0,,Clear,clear-night,remote
"Bhopal, Madhya Pradesh, India",2024-01-12T02:00:00,58.7,58.7,56.9,93.74,0,0,,0,0,6.7,0,79.2,1017.1,0.9,0.6,0,0,0,,Clear,fog,42667099999
"Bhopal, Madhya Pradesh, India",2024-01-12T03:00:00,59.6,59.6,58.6,96.22,0,0,,0,0,6.7,4.9,76.5,1017,0.3,,0,0,0,,Clear,clear-night,remote
"Bhopal, Madhya Pradesh, India",2024-01-12T04:00:00,56.2,56.2,55.1,96.16,0,0,,0,0,6.7,4,54.2,1017,0.2,,0,0,0,,Clear,clear-night,remote
"Bhopal, Madhya Pradesh, India",2024-01-12T05:00:00,54.8,54.8,52.8,93.02,0,0,,0,0,6.7,0,47.3,1017.1,0,0.6,0,0,0,,Clear,fog,42667099999
"Bhopal, Madhya Pradesh, India",2024-01-12T06:00:00,51.8,51.8,51.8,100,0,0,,0,0,6.5,3.4,350,1018,0,0.6,0,0,0,,Clear,fog,"VABP,42667099999"
"Bhopal, Madhya Pradesh, India",2024-01-12T07:00:00,56.4,56.4,54.4,93.06,0,0,,0,0,6.5,4,60.2,1017,0,,0,0,0,,Clear,clear-night,remote
"Bhopal, Madhya Pradesh, India",2024-01-12T08:00:00,57.4,57.4,56.8,97.91,0,0,,0,0,6.5,2.2,1,1019.1,0,0.6,7.5,0,0,,Clear,fog,"VABP,42672099999,42667099999,42763099999"
"Bhopal, Madhya Pradesh, India",2024-01-12T09:00:00,62.6,62.6,62.6,100,0,0,,0,0,9.2,3.4,20,1020,0,0.6,134.9,0.5,1,,Clear,fog,"VABP,42667099999"
"Bhopal, Madhya Pradesh, India",2024-01-12T10:00:00,68,68,68,100,0,0,,0,0,10.5,3.4,40,1020,0,1.2,335,1.2,3,,Clear,clear-day,"VABP,42667099999"
"Bhopal, Madhya Pradesh, India",2024-01-12T11:00:00,73.4,73.4,65,75.12,0,0,,0,0,11.4,3.4,70,1018.3,0,1,518.2,1.9,5,,Clear,clear-day,"VABP,42667099999,42763099999"
"Bhopal, Madhya Pradesh, India",2024-01-12T12:00:00,75.2,75.2,62.6,64.93,0,0,,0,0,11.4,5.8,90,1018,0,1.2,651.5,2.3,7,,Clear,clear-day,"VABP,42667099999"
"Bhopal, Madhya Pradesh, India",2024-01-12T13:00:00,73.1,73.1,61.4,66.78,0,0,,0,0,11.6,2.7,84.7,1017,0,,724.2,2.6,7,,Clear,clear-day,remote
"Bhopal, Madhya Pradesh, India",2024-01-12T14:00:00,79.3,79.3,53.9,41.54,0,0,,0,0,10.1,2.2,180,1015.6,0,3.1,722.3,2.6,7,,Clear,clear-day,"VABP,42667099999,42763099999"
"Bhopal, Madhya Pradesh, India",2024-01-12T15:00:00,78.8,78.8,57.2,47.55,0,0,,0,0,8.5,4.7,310,1016,0,3.7,650.5,2.3,7,,Clear,clear-day,"VABP,42667099999"
"Bhopal, Madhya Pradesh, India",2024-01-12T16:00:00,77,77,57.2,50.46,0,0,,0,0,7.8,6.9,340,1016,0,3.7,515.2,1.9,5,,Clear,clear-day,"VABP,42667099999"
"Bhopal, Madhya Pradesh, India",2024-01-12T17:00:00,75.4,75.4,57.3,53.37,0,0,,0,0,7.2,5.7,355,1015.1,39.1,3.2,315.2,1.1,3,,Partially cloudy,partly-cloudy-day,"VABP,42672099999,42667099999,42763099999"
"Bhopal, Madhya Pradesh, India",2024-01-12T18:00:00,75.3,75.3,62.1,63.72,0,0,,0,0,5.4,3.6,28.2,1015,34.5,,116.6,0.4,0,,Partially cloudy,partly-cloudy-night,remote
"Bhopal, Madhya Pradesh, India",2024-01-12T19:00:00,75.1,75.1,62.3,64.51,0,0,,0,0,7.2,4.5,30.3,1016,28.3,,4.6,0,0,,Partially cloudy,partly-cloudy-night,remote
"Bhopal, Madhya Pradesh, India",2024-01-12T20:00:00,67.4,67.4,58.4,72.88,0,0,,0,0,8.1,2.2,20,1017.1,30,2.5,0,0,0,,Partially cloudy,partly-cloudy-night,42667099999
"Bhopal, Madhya Pradesh, India",2024-01-12T21:00:00,66.3,66.3,59.6,79.13,0,0,,0,0,8.5,4.9,36.7,1017,24.5,,0,0,0,,Partially cloudy,partly-cloudy-night,remote
"Bhopal, Madhya Pradesh, India",2024-01-12T22:00:00,66.1,66.1,59.3,78.61,0,0,,0,0,8.7,4.9,43.1,1018,5,,0,0,0,,Clear,clear-night,remote
"Bhopal, Madhya Pradesh, India",2024-01-12T23:00:00,62.7,62.7,57.3,82.51,0,0,,0,0,8.5,2.2,20,1017.9,45.4,2.5,0,0,0,,Partially cloudy,partly-cloudy-night,"VABP,42667099999"
"Bhopal, Madhya Pradesh, India",2024-01-13T00:00:00,63.1,63.1,57.5,82.01,0,0,,0,0,8.1,4.3,54.1,1017,4.1,,0,0,0,,Clear,clear-night,remote
"Bhopal, Madhya Pradesh, India",2024-01-13T01:00:00,61.8,61.8,56.9,84.08,0,0,,0,0,6.9,4.3,62.2,1017,1.4,,0,0,0,,Clear,clear-night,remote
"Bhopal, Madhya Pradesh, India",2024-01-13T02:00:00,60.2,60.2,55.1,83.43,0,0,,0,0,6.5,2.2,340,1017.1,40,1.2,0,0,0,,Partially cloudy,partly-cloudy-night,42667099999
"Bhopal, Madhya Pradesh, India",2024-01-13T03:00:00,59.6,59.6,56,87.87,0,0,,0,0,6.3,4.3,93.9,1017,0.8,,0,0,0,,Clear,clear-night,remote
"Bhopal, Madhya Pradesh, India",2024-01-13T04:00:00,58.2,58.2,55.5,90.72,0,0,,0,0,7.2,4.5,118.2,1016,0,,0,0,0,,Clear,clear-night,remote
"Bhopal, Madhya Pradesh, India",2024-01-13T05:00:00,60.2,60.2,59.2,96.49,0,0,,0,0,7.8,6.9,110,1015.8,50,1.2,0,0,0,,Partially cloudy,partly-cloudy-night,"VABP,42667099999"
"Bhopal, Madhya Pradesh, India",2024-01-13T06:00:00,60.8,60.8,60.8,100,0,0,,0,0,8.5,6.9,100,1016,50,1.2,0,0,0,,Partially cloudy,partly-cloudy-night,"VABP,42667099999"
"Bhopal, Madhya Pradesh, India",2024-01-13T07:00:00,62.6,62.6,60.8,93.84,0,0,,0,0,8.5,8.1,120,1017,0,1.9,0,0,0,,Clear,clear-night,"VABP,42667099999"
"Bhopal, Madhya Pradesh, India",2024-01-13T08:00:00,64.6,64.6,60.6,87.02,0,0,,0,0,7.8,6.8,139,1017.4,0,1.6,7.7,0,0,,Clear,clear-day,"VABP,42672099999,42667099999,42763099999"
"Bhopal, Madhya Pradesh, India",2024-01-13T09:00:00,60.3,60.3,55.7,84.54,0,0,,0,0,9.4,3.8,136.4,1017,0,,139,0.5,1,,Clear,clear-day,remote
"Bhopal, Madhya Pradesh, India",2024-01-13T10:00:00,73.4,73.4,62.6,68.97,0,0,,0,0,9.4,4.7,130,1019,0,3.1,341,1.2,3,,Clear,clear-day,"VABP,42667099999"
"Bhopal, Madhya Pradesh, India",2024-01-13T11:00:00,78.8,78.8,60.1,52.82,0,0,,0,0,9.4,0,1,1017.8,0,3.1,521.6,1.9,5,,Clear,clear-day,"VABP,42667099999,42763099999"
"Bhopal, Madhya Pradesh, India",2024-01-13T12:00:00,80.6,81.5,60.8,50.99,0,0,,0,0,9.2,4.7,190,1018,0,3.7,651.9,2.3,7,,Clear,clear-day,"VABP,42667099999"
"Bhopal, Madhya Pradesh, India",2024-01-13T13:00:00,78.3,78.3,61.8,56.85,0,0,,0,0,8.9,2,236.7,1017,2.2,,715.5,2.6,7,,Clear,clear-day,remote
"Bhopal, Madhya Pradesh, India",2024-01-13T14:00:00,81.1,82.2,62.2,52.62,0,0,,0,0,10.1,3.3,223,1014.6,27.2,3.1,708.5,2.6,7,,Partially cloudy,partly-cloudy-day,"VABP,42667099999,42763099999"
"Bhopal, Madhya Pradesh, India",2024-01-13T15:00:00,80.6,82.3,64.4,57.87,0,0,,0,0,13,4.7,270,1015,50,3.7,638.3,2.3,6,,Partially cloudy,partly-cloudy-day,"VABP,42667099999"
"Bhopal, Madhya Pradesh, India",2024-01-13T16:00:00,78.5,78.5,63.1,59.08,0,0,,0,0,14.3,7.2,289.2,1014,70.3,,440.1,1.6,4,,Partially cloudy,partly-cloudy-day,remote
"Bhopal, Madhya Pradesh, India",2024-01-13T17:00:00,77.1,77.1,56.2,48.47,0,0,,0,0,13.4,5.7,319,1014,19.1,2.8,223.6,0.8,2,,Clear,clear-day,"VABP,42672099999,42667099999,42763099999"
"Bhopal, Madhya Pradesh, India",2024-01-13T18:00:00,73.4,73.4,71.6,94.11,0,0,,0,0,8.1,4.7,330,1016,0,2.5,88.5,0.3,0,,Clear,clear-night,"VABP,42667099999"
"Bhopal, Madhya Pradesh, India",2024-01-13T19:00:00,71.6,71.6,69.8,94.06,0,0,,0,0,6.3,4.7,350,1017,0,1.9,3.7,0,0,,Clear,clear-night,"VABP,42667099999"
"Bhopal, Madhya Pradesh, India",2024-01-13T20:00:00,69.9,69.9,66.3,88.47,0,0,,0,0,6.7,2.2,39,1016.2,100,1.6,0,0,0,,Overcast,cloudy,"VABP,42672099999,42667099999"
"Bhopal, Madhya Pradesh, India",2024-01-13T21:00:00,71,71,64.3,79.5,0,0,,0,0,6.9,3.8,48.9,1016,14.5,,0,0,0,,Clear,clear-night,remote
"Bhopal, Madhya Pradesh, India",2024-01-13T22:00:00,70.4,70.4,64.3,80.97,0,0,,0,0,6.9,4.3,50.8,1016,17.8,,0,0,0,,Clear,clear-night,remote
"Bhopal, Madhya Pradesh, India",2024-01-13T23:00:00,64.6,64.6,62.8,93.76,0,0,,0,0,6.7,2.2,90,1016.3,13.5,1.6,0,0,0,,Clear,clear-night,"VABP,42667099999"
"Bhopal, Madhya Pradesh, India",2024-01-14T00:00:00,65.7,65.7,62.1,88.16,0,0,,0,0,6.5,4,62,1016,7.2,,0,0,0,,Clear,clear-night,remote
"Bhopal, Madhya Pradesh, India",2024-01-14T01:00:00,64.7,64.7,61.1,88.11,0,0,,0,0,6.5,4.3,75.6,1015,5.4,,0,0,0,,Clear,clear-night,remote
"Bhopal, Madhya Pradesh, India",2024-01-14T02:00:00,63.2,63.2,61.1,92.67,0,0,,0,0,6.9,3.4,50,1014.3,2.3,0.6,0,0,0,,Clear,fog,42667099999
"Bhopal, Madhya Pradesh, India",2024-01-14T03:00:00,62,62,59.1,90.28,0,0,,0,0,6.9,4.3,84.9,1015,2.4,,0,0,0,,Clear,clear-night,remote
"Bhopal, Madhya Pradesh, India",2024-01-14T04:00:00,59.8,59.8,57.8,93.16,0,0,,0,0,6.7,4,78.7,1015,0.6,,0,0,0,,Clear,clear-night,remote
"Bhopal, Madhya Pradesh, India",2024-01-14T05:00:00,59.1,59.1,57.3,93.75,0,0,,0,0,6.5,2.2,320,1014.9,0,0.6,0,0,0,,Clear,fog,42667099999
"Bhopal, Madhya Pradesh, India",2024-01-14T06:00:00,57.2,57.2,57.2,100,0,0,,0,0,6.5,0,0,1017,0,1.2,0,0,0,,Clear,clear-night,"VABP,42667099999"
"Bhopal, Madhya Pradesh, India",2024-01-14T07:00:00,57.2,57.2,57.2,100,0,0,,0,0,6.5,0,0,1017,0,1.2,0,0,0,,Clear,clear-night,"VABP,42667099999"
"Bhopal, Madhya Pradesh, India",2024-01-14T08:00:00,65.1,65.1,59.7,82.71,0,0,,0,0,6.5,6.8,110,1016.8,10,1.3,7.3,0,0,,Clear,clear-day,"VABP,42672099999,42667099999,42763099999"
"Bhopal, Madhya Pradesh, India",2024-01-14T09:00:00,62,62,57.1,84.09,0,0,,0,0,8.1,4,107.3,1017,0,,134.2,0.5,1,,Clear,clear-day,remote
"Bhopal, Madhya Pradesh, India",2024-01-14T10:00:00,73.4,73.4,59,60.7,0,0,,0,0,8.9,8.1,100,1018,0,2.5,326.8,1.2,3,,Clear,clear-day,"VABP,42667099999"
"Bhopal, Madhya Pradesh, India",2024-01-14T11:00:00,77.2,77.2,60.4,56.04,0,0,,0,0,9.4,5.8,110,1016.7,0,2.8,518.2,1.9,5,,Clear,clear-day,"VABP,42667099999,42763099999"
"Bhopal, Madhya Pradesh, India",2024-01-14T12:00:00,76.6,76.6,63.4,63.87,0,0,,0,0,9.4,1.3,151.5,1017,0,,649.5,2.3,6,,Clear,clear-day,remote
"Bhopal, Madhya Pradesh, India",2024-01-14T13:00:00,78.8,78.8,59,50.73,0,0,,0,0,9.6,6.9,210,1016,27.3,3.1,717.8,2.6,7,,Partially cloudy,partly-cloudy-day,"VABP,42667099999"
"Bhopal, Madhya Pradesh, India",2024-01-14T14:00:00,79.6,79.6,61.4,53.76,0,0,,0,0,11,5.8,230,1013.8,45.3,2.8,693.8,2.5,7,,Partially cloudy,partly-cloudy-day,"VABP,42667099999,42763099999"
"Bhopal, Madhya Pradesh, India",2024-01-14T15:00:00,77,77,60.8,57.39,0,0,,0,0,11.2,4.7,220,1015,50,3.1,585.7,2.1,6,,Partially cloudy,partly-cloudy-day,"VABP,42667099999"
"Bhopal, Madhya Pradesh, India",2024-01-14T16:00:00,77,77,50,38.78,0,0,,0,0,11,6.9,220,1014,0,3.1,436,1.6,4,,Clear,clear-day,"VABP,42667099999"
"Bhopal, Madhya Pradesh, India",2024-01-14T17:00:00,76,76,57.4,52.53,0,0,,0,0,10.7,9,270,1014,30.5,2.8,308.5,1.1,3,,Partially cloudy,partly-cloudy-day,"VABP,42672099999,42667099999,42763099999"
"Bhopal, Madhya Pradesh, India",2024-01-14T18:00:00,77.4,77.4,63.2,61.61,0,0,,0,0,9.6,3.4,349.1,1014,26.2,,114.5,0.4,0,,Partially cloudy,partly-cloudy-night,remote
"Bhopal, Madhya Pradesh, India",2024-01-14T19:00:00,68,68,62.6,82.87,0,0,,0,0,8.1,2.2,300,1017,0,3.1,5.3,0,0,,Clear,clear-night,"VABP,42667099999"
"Bhopal, Madhya Pradesh, India",2024-01-14T20:00:00,66.3,66.3,60.3,81.06,0,0,,0,0,8.7,1.1,50,1016.4,21,2.8,0,0,0,,Partially cloudy,partly-cloudy-night,"VABP,42667099999"
"Bhopal, Madhya Pradesh, India",2024-01-14T21:00:00,67.9,67.9,62.1,81.82,0,0,,0,0,9.2,4.7,22,1016,11.3,,0,0,0,,Clear,clear-night,remote
"Bhopal, Madhya Pradesh, India",2024-01-14T22:00:00,64.4,64.4,64.4,100,0,0,,0,0,8.9,2.2,360,1017,0,3.1,0,0,0,,Clear,clear-night,"VABP,42667099999"
"Bhopal, Madhya Pradesh, India",2024-01-14T23:00:00,62.8,62.8,60.2,90.97,0,0,,0,0,8.9,3.4,360,1016.7,27.3,2.5,0,0,0,,Partially cloudy,partly-cloudy-night,"VABP,42667099999"
"Bhopal, Madhya Pradesh, India",2024-01-15T00:00:00,60.8,60.8,60.8,100,0,0,,0,0,9.2,4.7,360,1016,27.3,2.5,0,0,0,,Partially cloudy,partly-cloudy-night,"VABP,42667099999"
"Bhopal, Madhya Pradesh, India",2024-01-15T01:00:00,62.9,62.9,58.7,86.34,0,0,,0,0,10.1,6,52.3,1016,10,,0,0,0,,Clear,clear-night,remote
"Bhopal, Madhya Pradesh, India",2024-01-15T02:00:00,60.2,60.2,55.1,83.43,0,0,,0,0,10.1,3.4,360,1015.7,30,1.2,0,0,0,,Partially cloudy,partly-cloudy-night,42667099999
"Bhopal, Madhya Pradesh, India",2024-01-15T03:00:00,61.2,61.2,56.2,83.5,0,0,,0,0,9.8,5.8,52.2,1016,12.2,,0,0,0,,Clear,clear-night,remote
"Bhopal, Madhya Pradesh, India",2024-01-15T04:00:00,58.9,58.9,54.2,84.45,0,0,,0,0,9.6,4.9,43.8,1015,10,,0,0,0,,Clear,clear-night,remote
"Bhopal, Madhya Pradesh, India",2024-01-15T05:00:00,57.7,57.7,56.8,96.74,0,0,,0,0,8.5,3.4,20,1015.8,50,1.6,0,0,0,,Partially cloudy,partly-cloudy-night,"VABP,42667099999"
"Bhopal, Madhya Pradesh, India",2024-01-15T06:00:00,57.2,57.2,57.2,100,0,0,,0,0,8.1,4.7,40,1016,50,1.9,0,0,0,,Partially cloudy,partly-cloudy-night,"VABP,42667099999"
"Bhopal, Madhya Pradesh, India",2024-01-15T07:00:00,57.2,57.2,57.2,100,0,0,,0,0,7.8,3.4,20,1017,50,1.9,0,0,0,,Partially cloudy,partly-cloudy-night,"VABP,42667099999"
"Bhopal, Madhya Pradesh, India",2024-01-15T08:00:00,58.1,58.1,55,89.36,0,0,,0,0,7.6,3.3,20,1017.7,40,1.6,5.9,0,0,,Partially cloudy,partly-cloudy-day,"VABP,42672099999,42667099999,42763099999"
"Bhopal, Madhya Pradesh, India",2024-01-15T09:00:00,66.2,66.2,57.2,72.76,0,0,,0,0,10.3,3.4,70,1019,0,1.9,113.6,0.4,1,,Clear,clear-day,"VABP,42667099999"
"Bhopal, Madhya Pradesh, India",2024-01-15T10:00:00,69.8,69.8,51.8,52.8,0,0,,0,0,12.5,4.7,80,1019,0,2.5,294.2,1.1,3,,Clear,clear-day,"VABP,42667099999"
"Bhopal, Madhya Pradesh, India",2024-01-15T11:00:00,71.3,71.3,47.8,43.17,0,0,,0,0,13,8,90,1017.7,40,2.8,458.7,1.7,5,,Partially cloudy,partly-cloudy-day,"VABP,42667099999,42763099999"
"Bhopal, Madhya Pradesh, India",2024-01-15T12:00:00,73.4,73.4,50,43.73,0,0,,0,0,13.2,4.7,70,1017,0,3.1,592.1,2.1,6,,Clear,clear-day,"VABP,42667099999"
"Bhopal, Madhya Pradesh, India",2024-01-15T13:00:00,75.2,75.2,51.8,44,0,0,,0,0,13.4,3.4,50,1016,0,3.1,718,2.6,7,,Clear,clear-day,"VABP,42667099999"
"Bhopal, Madhya Pradesh, India",2024-01-15T14:00:00,74.1,74.1,48.1,39.78,0,0,,0,0,12.8,6.9,341,1013.6,30,2.8,722.6,2.6,7,,Partially cloudy,partly-cloudy-day,"VABP,42667099999,42763099999"
"Bhopal, Madhya Pradesh, India",2024-01-15T15:00:00,74.6,74.6,53.9,48.49,0,0,,0,0,11,3.1,53.4,1014,0,,657.6,2.4,7,,Clear,clear-day,remote
"Bhopal, Madhya Pradesh, India",2024-01-15T16:00:00,73.4,73.4,48.2,40.89,0,0,,0,0,10.1,6.9,350,1014,0,3.7,530.3,1.9,5,,Clear,clear-day,"VABP,42667099999"
"Bhopal, Madhya Pradesh, India",2024-01-15T17:00:00,72.1,72.1,50.9,47.24,0,0,,0,0,8.9,6.8,1,1013.9,50,3.1,342.2,1.2,3,,Partially cloudy,partly-cloudy-day,"VABP,42672099999,42667099999,42763099999"
"Bhopal, Madhya Pradesh, India",2024-01-15T18:00:00,68,68,51.8,56.16,0,0,,0,0,7.6,3.4,360,1015,0,3.7,135.6,0.5,0,,Clear,clear-night,"VABP,42667099999"
"Bhopal, Madhya Pradesh, India",2024-01-15T19:00:00,71.1,71.1,58.9,65.29,0,0,,0,0,7.2,4.3,50,1014,0,,6.6,0,0,,Clear,clear-night,remote
"Bhopal, Madhya Pradesh, India",2024-01-15T20:00:00,63.1,63.1,53,69.62,0,0,,0,0,7.2,2.2,340,1015.7,0,3.2,0,0,0,,Clear,clear-night,"VABP,42667099999"
"Bhopal, Madhya Pradesh, India",2024-01-15T21:00:00,60.8,60.8,57.2,87.93,0,0,,0,0,7.2,2.2,350,1017,0,3.7,0,0,0,,Clear,clear-night,"VABP,42667099999"
"Bhopal, Madhya Pradesh, India",2024-01-15T22:00:00,61.8,61.8,55.5,79.81,0,0,,0,0,7.4,4.5,44.6,1016,0,,0,0,0,,Clear,clear-night,remote
"Bhopal, Madhya Pradesh, India",2024-01-15T23:00:00,58.8,58.8,54.8,86.38,0,0,,0,0,7.6,0,0,1015.9,0,3.2,0,0,0,,Clear,clear-night,"VABP,42667099999"
"Bhopal, Madhya Pradesh, India",2024-01-16T00:00:00,59.1,59.1,54.1,83.36,0,0,,0,0,7.6,4.5,59.1,1015,0,,0,0,0,,Clear,clear-night,remote
"Bhopal, Madhya Pradesh, India",2024-01-16T01:00:00,58.2,58.2,53.5,84.4,0,0,,0,0,7.6,4,67.9,1015,0,,0,0,0,,Clear,clear-night,remote
"Bhopal, Madhya Pradesh, India",2024-01-16T02:00:00,55.5,55.5,52.1,88.25,0,0,,0,0,6.7,0,72.6,1014.5,0,2.5,0,0,0,,Clear,clear-night,42667099999
"Bhopal, Madhya Pradesh, India",2024-01-16T03:00:00,55.3,55.3,52.2,89.42,0,0,,0,0,6.7,4.3,79.7,1014,0,,0,0,0,,Clear,clear-night,remote
"Bhopal, Madhya Pradesh, India",2024-01-16T04:00:00,54.2,54.2,51.9,91.78,0,0,,0,0,6.9,4.3,79.7,1013,0,,0,0,0,,Clear,clear-night,remote
"Bhopal, Madhya Pradesh, India",2024-01-16T05:00:00,53.6,53.6,52,94.33,0,0,,0,0,6.9,0,0,1014.3,0,1.6,0,0,0,,Clear,clear-night,"VABP,42667099999"
"Bhopal, Madhya Pradesh, India",2024-01-16T06:00:00,53.6,53.6,53.6,100,0,0,,0,0,6.9,3.4,20,1015,0,1.2,0,0,0,,Clear,clear-night,"VABP,42667099999"
"Bhopal, Madhya Pradesh, India",2024-01-16T07:00:00,54.9,54.9,50.6,85.33,0,0,,0,0,6.9,4.3,89.2,1014,0,,0,0,0,,Clear,clear-night,remote
"Bhopal, Madhya Pradesh, India",2024-01-16T08:00:00,58.9,58.9,55,86.81,0,0,,0,0,7.2,5.7,90,1015.9,30,1.6,7.9,0,0,,Partially cloudy,partly-cloudy-day,"VABP,42672099999,42667099999,42763099999"
"Bhopal, Madhya Pradesh, India",2024-01-16T09:00:00,55.8,55.8,50.6,82.59,0,0,,0,0,10.5,5.1,99.7,1016,0,,142.4,0.5,1,,Clear,clear-day,remote
"Bhopal, Madhya Pradesh, India",2024-01-16T10:00:00,66.2,66.2,55.4,68.18,0,0,,0,0,12.1,5.8,110,1017,0,2.5,350.7,1.3,4,,Clear,clear-day,"VABP,42667099999"
"Bhopal, Madhya Pradesh, India",2024-01-16T11:00:00,70.1,70.1,52,52.76,0,0,,0,0,12.8,8,115,1015.3,0,2.8,538.3,1.9,5,,Clear,clear-day,"VABP,42667099999,42763099999"
"Bhopal, Madhya Pradesh, India",2024-01-16T12:00:00,71.6,71.6,51.8,49.67,0,0,,0,0,12.8,6.9,110,1015,0,3.1,675.4,2.4,7,,Clear,clear-day,"VABP,42667099999"
"Bhopal, Madhya Pradesh, India",2024-01-16T13:00:00,69.7,69.7,54.1,57.52,0,0,,0,0,10.7,1.6,140.8,1014,0.9,,744.2,2.7,7,,Clear,clear-day,remote
"Bhopal, Madhya Pradesh, India",2024-01-16T14:00:00,75.2,75.2,46,35.42,0,0,,0,0,8.9,5.8,110,1011.8,30,3.1,743.1,2.7,7,,Partially cloudy,partly-cloudy-day,"VABP,42667099999,42763099999"
"Bhopal, Madhya Pradesh, India",2024-01-16T15:00:00,75.2,75.2,46.4,35.97,0,0,,0,0,8.1,4.7,150,1012,0,3.7,670,2.4,7,,Clear,clear-day,"VABP,42667099999"
"Bhopal, Madhya Pradesh, India",2024-01-16T16:00:00,73.4,73.4,48.2,40.89,0,0,,0,0,7.2,5.8,360,1012,0,3.7,532,1.9,5,,Clear,clear-day,"VABP,42667099999"
"Bhopal, Madhya Pradesh, India",2024-01-16T17:00:00,72.3,72.3,49.6,44.73,0,0,,0,0,5.6,2.2,50,1011.2,40,3.2,344.3,1.2,3,,Partially cloudy,partly-cloudy-day,"VABP,42672099999,42667099999,42763099999"
"Bhopal, Madhya Pradesh, India",2024-01-16T18:00:00,68,68,51.8,56.16,0,0,,0,0,4.3,4.7,330,1013,0,3.7,138,0.5,0,,Clear,clear-night,"VABP,42667099999"
"Bhopal, Madhya Pradesh, India",2024-01-16T19:00:00,66.2,66.2,51.8,59.76,0,0,,0,0,6.9,2.2,360,1013,0,3.1,7.1,0,0,,Clear,clear-night,"VABP,42667099999"
"Bhopal, Madhya Pradesh, India",2024-01-16T20:00:00,64.1,64.1,55.6,74,0,0,,0,0,7.2,1.1,50,1012.9,0,1.9,0,0,0,,Clear,clear-night,"VABP,42667099999"
"Bhopal, Madhya Pradesh, India",2024-01-16T21:00:00,59,59,55.4,87.84,0,0,,0,0,7.4,1.1,300,1014,0,2.5,0,0,0,,Clear,clear-night,"VABP,42667099999"
"Bhopal, Madhya Pradesh, India",2024-01-16T22:00:00,61.8,61.8,56,81.39,0,0,,0,0,7.4,4.9,103.2,1013,2.7,,0,0,0,,Clear,clear-night,remote
"Bhopal, Madhya Pradesh, India",2024-01-16T23:00:00,59.3,59.3,54.8,85.03,0,0,,0,0,7.4,2.2,160,1013.4,15.7,1.2,0,0,0,,Clear,clear-night,42667099999
"Bhopal, Madhya Pradesh, India",2024-01-17T00:00:00,59.1,59.1,54.8,85.57,0,0,,0,0,7.6,5.4,101.3,1013,31.9,,0,0,0,,Partially cloudy,partly-cloudy-night,remote
"Bhopal, Madhya Pradesh, India",2024-01-17T01:00:00,58.7,58.7,54.2,84.99,0,0,,0,0,7.6,5.1,95.1,1012,62.9,,0,0,0,,Partially cloudy,partly-cloudy-night,remote
"Bhopal, Madhya Pradesh, India",2024-01-17T02:00:00,57.5,57.5,53,84.92,0,0,,0,0,7.4,2.2,110,1012.2,30,2.5,0,0,0,,Partially cloudy,partly-cloudy-night,42667099999
"Bhopal, Madhya Pradesh, India",2024-01-17T03:00:00,56.7,56.7,53.9,90.07,0,0,,0,0,7.4,4,93.8,1012,81,,0,0,0,,Partially cloudy,partly-cloudy-night,remote
"Bhopal, Madhya Pradesh, India",2024-01-17T04:00:00,54.9,54.9,52.6,91.8,0,0,,0,0,6.9,4,82.9,1011,85.6,,0,0,0,,Partially cloudy,partly-cloudy-night,remote
"Bhopal, Madhya Pradesh, India",2024-01-17T05:00:00,52.5,52.5,51,94.89,0,0,,0,0,7.2,4.7,360,1012.9,45.4,1.2,0,0,0,,Partially cloudy,partly-cloudy-night,"VABP,42667099999"
"Bhopal, Madhya Pradesh, India",2024-01-17T06:00:00,51.8,51.8,51.8,100,0,0,,0,0,7.4,5.8,360,1013,50,1.2,0,0,0,,Partially cloudy,partly-cloudy-night,"VABP,42667099999"
"Bhopal, Madhya Pradesh, India",2024-01-17T07:00:00,55.3,55.3,51.3,86.5,0,0,,0,0,7.6,4.5,80.1,1013,83.6,,0,0,0,,Partially cloudy,partly-cloudy-night,remote
"Bhopal, Madhya Pradesh, India",2024-01-17T08:00:00,57,57,53.4,87.84,0,0,,0,0,8.1,4.6,360,1014.2,82.1,1.6,7.3,0,0,,Partially cloudy,partly-cloudy-day,"VABP,42672099999,42667099999,42763099999"
"Bhopal, Madhya Pradesh, India",2024-01-17T09:00:00,62.6,62.6,57.2,82.51,0,0,,0,0,11.2,4.7,90,1015,0,1.9,120.6,0.4,1,,Clear,clear-day,"VABP,42667099999"
"Bhopal, Madhya Pradesh, India",2024-01-17T10:00:00,68,68,51.8,56.16,0,0,,0,0,13,8.1,100,1015,0,1.9,312.5,1.1,3,,Clear,clear-day,"VABP,42667099999"
"Bhopal, Madhya Pradesh, India",2024-01-17T11:00:00,72.3,72.3,50.8,46.83,0,0,,0,0,13.6,6.9,110,1014,91.8,2.8,497,1.8,5,,Overcast,cloudy,"VABP,42667099999,42763099999"
"Bhopal, Madhya Pradesh, India",2024-01-17T12:00:00,73.4,73.4,48.2,40.89,0,0,,0,0,14.1,5.8,100,1013,27.3,3.1,668.7,2.4,7,,Partially cloudy,partly-cloudy-day,"VABP,42667099999"
"Bhopal, Madhya Pradesh, India",2024-01-17T13:00:00,75.2,75.2,48.2,38.49,0,0,,0,0,13.4,3.4,120,1013,0,3.7,741.2,2.7,7,,Clear,clear-day,"VABP,42667099999"
"Bhopal, Madhya Pradesh, India",2024-01-17T14:00:00,76.3,76.3,47.7,36.39,0,0,,0,0,12.3,8,160,1010.7,50,3.1,742.5,2.7,7,,Partially cloudy,partly-cloudy-day,"VABP,42667099999,42763099999"
"Bhopal, Madhya Pradesh, India",2024-01-17T15:00:00,75.2,75.2,50,41.17,0,0,,0,0,10.5,4.7,250,1011,0,3.7,668.7,2.4,7,,Clear,clear-day,"VABP,42667099999"
"Bhopal, Madhya Pradesh, India",2024-01-17T16:00:00,75.2,75.2,50,41.17,0,0,,0,0,9.2,4.7,340,1011,0,3.7,517.9,1.9,5,,Clear,clear-day,"VABP,42667099999"
"Bhopal, Madhya Pradesh, India",2024-01-17T17:00:00,74,74,52.4,46.84,0,0,,0,0,8.1,5.7,321,1010.9,36.1,3.2,346.2,1.2,3,,Partially cloudy,partly-cloudy-day,"VABP,42672099999,42667099999,42763099999"
"Bhopal, Madhya Pradesh, India",2024-01-17T18:00:00,68,68,53.6,60,0,0,,0,0,5.8,5.8,360,1013,0,3.1,140.4,0.5,0,,Clear,clear-night,"VABP,42667099999"
"Bhopal, Madhya Pradesh, India",2024-01-17T19:00:00,71.7,71.7,60,66.62,0,0,,0,0,6.3,4.7,99.7,1011,86.4,,7.5,0,0,,Partially cloudy,partly-cloudy-night,remote
"Bhopal, Madhya Pradesh, India",2024-01-17T20:00:00,65.9,65.9,53.8,65.19,0,0,,0,0,7.2,3.4,20,1013.6,99.3,2.8,0,0,0,,Overcast,cloudy,"VABP,42667099999"
"Bhopal, Madhya Pradesh, India",2024-01-17T21:00:00,64.4,64.4,51.8,63.62,0,0,,0,0,7.4,2.2,30,1015,0,3.1,0,0,0,,Clear,clear-night,"VABP,42667099999"
"Bhopal, Madhya Pradesh, India",2024-01-17T22:00:00,62.7,62.7,57.1,81.98,0,0,,0,0,7.4,4.9,71.9,1014,96.9,,0,0,0,,Overcast,cloudy,remote
"Bhopal, Madhya Pradesh, India",2024-01-17T23:00:00,61,61,53.8,77.06,0,0,,0,0,8.1,5.8,360,1014.6,94.6,2.8,0,0,0,,Overcast,cloudy,"VABP,42667099999"
"Bhopal, Madhya Pradesh, India",2024-01-18T00:00:00,61.4,61.4,55.8,81.89,0,0,,0,0,8.7,6.3,55.1,1014,96.4,,0,0,0,,Overcast,cloudy,remote
"Bhopal, Madhya Pradesh, India",2024-01-18T01:00:00,61.6,61.6,55.3,79.8,0,0,,0,0,13,7.4,56.1,1014,82,,0,0,0,,Partially cloudy,partly-cloudy-night,remote
"Bhopal, Madhya Pradesh, India",2024-01-18T02:00:00,56,56,52.1,86.54,0,0,,0,0,13,6.9,20,1014.2,18.4,1.2,0,0,0,,Clear,clear-night,42667099999
"Bhopal, Madhya Pradesh, India",2024-01-18T03:00:00,58.4,58.4,53.7,84.41,0,0,,0,0,11.9,6.3,65.2,1014,7.6,,0,0,0,,Clear,clear-night,remote
"Bhopal, Madhya Pradesh, India",2024-01-18T04:00:00,55.1,55.1,51.3,87.06,0,0,,0,0,10.3,5.8,52.5,1014,0.8,,0,0,0,,Clear,clear-night,remote
"Bhopal, Madhya Pradesh, India",2024-01-18T05:00:00,52.3,52.3,50.6,94.01,0,0,,0,0,9.2,3.4,50,1015,1.9,1.6,0,0,0,,Clear,clear-night,"VABP,42667099999"
"Bhopal, Madhya Pradesh, India",2024-01-18T06:00:00,51.8,51.8,51.8,100,0,0,,0,0,9.2,2.2,30,1015,0,1.9,0,0,0,,Clear,clear-night,"VABP,42667099999"
"Bhopal, Madhya Pradesh, India",2024-01-18T07:00:00,51.8,51.8,50,93.55,0,0,,0,0,9.8,2.2,60,1016,0,1.2,0,0,0,,Clear,clear-night,"VABP,42667099999"
"Bhopal, Madhya Pradesh, India",2024-01-18T08:00:00,55.4,55.4,53.1,91.99,0,0,,0,0,10.1,3.3,50,1016.9,10,1.3,7.6,0,0,,Clear,clear-day,"VABP,42672099999,42667099999,42763099999"
"Bhopal, Madhya Pradesh, India",2024-01-18T09:00:00,60.8,60.8,55.4,82.39,0,0,,0,0,12.8,5.8,40,1017,0,1.9,139.5,0.5,1,,Clear,clear-day,"VABP,42667099999"
"Bhopal, Madhya Pradesh, India",2024-01-18T10:00:00,66.2,66.2,51.8,59.76,0,0,,0,0,14.8,5.8,50,1017,0,1.9,345.8,1.2,3,,Clear,clear-day,"VABP,42667099999"
"Bhopal, Madhya Pradesh, India",2024-01-18T11:00:00,70.2,70.2,47.1,43.7,0,0,,0,0,15.7,8,50,1016,50,1.9,533,1.9,5,,Partially cloudy,partly-cloudy-day,"VABP,42667099999,42763099999"
"Bhopal, Madhya Pradesh, India",2024-01-18T12:00:00,67.4,67.4,53.7,61.52,0,0,,0,0,15.9,7.2,60.4,1016,0,,670.5,2.4,7,,Clear,clear-day,remote
"Bhopal, Madhya Pradesh, India",2024-01-18T13:00:00,68.4,68.4,54.2,60.46,0,0,,0,0,16.8,6.9,52,1015,0,,744.8,2.7,7,,Clear,clear-day,remote
"Bhopal, Madhya Pradesh, India",2024-01-18T14:00:00,77.3,77.3,44.6,31.38,0,0,,0,0,16.8,6.9,20,1013,50,3.1,744.6,2.7,7,,Partially cloudy,partly-cloudy-day,"VABP,42667099999,42763099999"
"Bhopal, Madhya Pradesh, India",2024-01-18T15:00:00,73.3,73.3,54.8,52.27,0,0,,0,0,16.1,6.5,43.5,1013,0,,676.7,2.4,7,,Clear,clear-day,remote
"Bhopal, Madhya Pradesh, India",2024-01-18T16:00:00,71.6,71.6,46.4,40.6,0,0,,0,0,15.2,11.4,360,1014,0,3.7,537,1.9,5,,Clear,clear-day,"VABP,42667099999"
"Bhopal, Madhya Pradesh, India",2024-01-18T17:00:00,68.9,68.9,50.5,52.06,0,0,,0,0,13.9,4.6,20,1013.5,50,3.2,349.7,1.3,3,,Partially cloudy,partly-cloudy-day,"VABP,42672099999,42667099999,42763099999"
"Bhopal, Madhya Pradesh, India",2024-01-18T18:00:00,64.4,64.4,50,59.52,0,0,,0,0,12.1,3.4,10,1015,0,3.1,141.8,0.5,0,,Clear,clear-night,"VABP,42667099999"
"Bhopal, Madhya Pradesh, India",2024-01-18T19:00:00,64.4,64.4,50,59.52,0,0,,0,0,8.5,4.7,20,1016,0,3.1,8.2,0,0,,Clear,clear-night,"VABP,42667099999"
"Bhopal, Madhya Pradesh, India",2024-01-18T20:00:00,62.4,62.4,50.8,65.69,0,0,,0,0,10.5,5.8,360,1015.9,0.7,2.8,0,0,0,,Clear,clear-night,"VABP,42667099999"
"Bhopal, Madhya Pradesh, India",2024-01-18T21:00:00,60.8,60.8,50,67.56,0,0,,0,0,11.6,5.8,10,1017,0,3.1,0,0,0,,Clear,clear-night,"VABP,42667099999"
"Bhopal, Madhya Pradesh, India",2024-01-18T22:00:00,61.2,61.2,49,64.09,0,0,,0,0,11.6,6.7,39.7,1017,4.4,,0,0,0,,Clear,clear-night,remote
"Bhopal, Madhya Pradesh, India",2024-01-18T23:00:00,57.2,57.2,52.5,84.45,0,0,,0,0,11,5.8,20,1017,3.2,1.9,0,0,0,,Clear,clear-night,"VABP,42667099999"
"Bhopal, Madhya Pradesh, India",2024-01-19T00:00:00,57.1,57.1,47.9,71.36,0,0,,0,0,10.5,6.5,50,1017,5,,0,0,0,,Clear,clear-night,remote
"Bhopal, Madhya Pradesh, India",2024-01-19T01:00:00,56.4,56.4,47.7,72.74,0,0,,0,0,11.4,6.3,50.7,1017,6.2,,0,0,0,,Clear,clear-night,remote
"Bhopal, Madhya Pradesh, India",2024-01-19T02:00:00,55.5,55.5,48.8,78.25,0,0,,0,0,10.3,3.4,20,1016.6,3.8,1.2,0,0,0,,Clear,clear-night,42667099999
"Bhopal, Madhya Pradesh, India",2024-01-19T03:00:00,54.2,54.2,47.4,77.62,0,0,,0,0,9.6,5.6,48.7,1016,6.1,,0,0,0,,Clear,clear-night,remote
"Bhopal, Madhya Pradesh, India",2024-01-19T04:00:00,51.5,51.5,45.4,79.53,0,0,,0,0,9.6,5.4,38,1016,1.8,,0,0,0,,Clear,clear-night,remote
"Bhopal, Madhya Pradesh, India",2024-01-19T05:00:00,51.5,51.5,44.9,77.92,0,0,,0,0,9.8,6.9,360,1016.8,4.4,1.2,0,0,0,,Clear,clear-night,42667099999
"Bhopal, Madhya Pradesh, India",2024-01-19T06:00:00,50,48.4,50,100,0,0,,0,0,10.1,4.7,10,1017,0,1.2,0,0,0,,Clear,clear-night,"VABP,42667099999"
"Bhopal, Madhya Pradesh, India",2024-01-19T07:00:00,49.9,48.3,49.9,100,0,0,,0,0,10.1,4.7,30,1017,4.1,1.9,0,0,0,,Clear,clear-night,VABP
"Bhopal, Madhya Pradesh, India",2024-01-19T08:00:00,52.5,52.5,45,75.5,0,0,,0,0,9.8,4.6,50,1019.2,40,1.6,7.8,0,0,,Partially cloudy,partly-cloudy-day,"VABP,42672099999,42667099999,42763099999"
"Bhopal, Madhya Pradesh, India",2024-01-19T09:00:00,60.8,60.8,42.8,51.48,0,0,,0,0,12.1,2.2,50,1019,0,1.9,142.7,0.5,1,,Clear,clear-day,"VABP,42667099999"
"Bhopal, Madhya Pradesh, India",2024-01-19T10:00:00,64.4,64.4,39.2,39.46,0,0,,0,0,13.4,2.2,60,1019,0,3.1,351.1,1.3,4,,Clear,clear-day,"VABP,42667099999"
"Bhopal, Madhya Pradesh, India",2024-01-19T11:00:00,67.7,67.7,40.6,37.21,0,0,,0,0,14.3,4.7,1,1018.1,4.8,2.8,545.4,2,5,,Clear,clear-day,"VABP,42667099999,42763099999"
"Bhopal, Madhya Pradesh, India",2024-01-19T12:00:00,63.8,63.8,45.9,52.28,0,0,,0,0,14.5,6,65.6,1018,2.7,,684.7,2.5,7,,Clear,clear-day,remote
"Bhopal, Madhya Pradesh, India",2024-01-19T13:00:00,69.8,69.8,39.2,32.74,0,0,,0,0,15,8.1,10,1016,0,3.1,754.8,2.7,8,,Clear,clear-day,"VABP,42667099999"
"Bhopal, Madhya Pradesh, India",2024-01-19T14:00:00,71.9,71.9,42.6,34.78,0,0,,0,0,14.5,4.7,50,1014.8,2.1,2.8,752.8,2.7,8,,Clear,clear-day,"VABP,42667099999,42763099999"
"Bhopal, Madhya Pradesh, India",2024-01-19T15:00:00,71.6,71.6,41,33.03,0,0,,0,0,13.9,4.7,10,1015,0,3.1,684.3,2.5,7,,Clear,clear-day,"VABP,42667099999"
"Bhopal, Madhya Pradesh, India",2024-01-19T16:00:00,71.6,71.6,41,33.03,0,0,,0,0,13.2,9.2,350,1015,0,3.1,548.6,2,5,,Clear,clear-day,"VABP,42667099999"
"Bhopal, Madhya Pradesh, India",2024-01-19T17:00:00,68.7,68.7,44.7,42.07,0,0,,0,0,12.1,5.7,346,1014.1,23.9,2.9,356.5,1.3,4,,Partially cloudy,partly-cloudy-day,"VABP,42672099999,42667099999,42763099999"
"Bhopal, Madhya Pradesh, India",2024-01-19T18:00:00,64.4,64.4,48.2,55.66,0,0,,0,0,10.7,4.7,10,1016,0,3.1,147.8,0.5,0,,Clear,clear-night,"VABP,42667099999"
"Bhopal, Madhya Pradesh, India",2024-01-19T19:00:00,60.8,60.8,50,67.56,0,0,,0,0,7.6,5.8,10,1016,0,3.1,8.9,0,0,,Clear,clear-night,"VABP,42667099999"
"Bhopal, Madhya Pradesh, India",2024-01-19T20:00:00,60.9,60.9,50.3,68.03,0,0,,0,0,7.8,6.9,20,1016.3,4.7,2.5,0,0,0,,Clear,clear-night,42667099999
"Bhopal, Madhya Pradesh, India",2024-01-19T21:00:00,57.2,57.2,51.8,82.14,0,0,,0,0,8.5,8.1,10,1017,0,3.1,0,0,0,,Clear,clear-night,"VABP,42667099999"
"Bhopal, Madhya Pradesh, India",2024-01-19T22:00:00,55.4,55.4,53.6,93.65,0,0,,0,0,10.1,8.1,10,1017,0,3.1,0,0,0,,Clear,clear-night,"VABP,42667099999"
"Bhopal, Madhya Pradesh, India",2024-01-19T23:00:00,53.7,53.7,48.8,83.56,0,0,,0,0,11.9,6.9,20,1017.4,22,2.5,0,0,0,,Partially cloudy,partly-cloudy-night,42667099999
"Bhopal, Madhya Pradesh, India",2024-01-20T00:00:00,54.8,54.8,45.8,71.6,0,0,,0,0,12.5,7.4,46.3,1017,79.1,,0,0,0,,Partially cloudy,partly-cloudy-night,remote
"Bhopal, Madhya Pradesh, India",2024-01-20T01:00:00,54.6,54.6,45.8,72.07,0,0,,0,0,12.8,6.9,50.6,1017,65.9,,0,0,0,,Partially cloudy,partly-cloudy-night,remote
"Bhopal, Madhya Pradesh, India",2024-01-20T02:00:00,52.4,52.4,47.6,83.47,0,0,,0,0,12.1,6.9,340,1016,26,1.2,0,0,0,,Partially cloudy,partly-cloudy-night,42667099999
"Bhopal, Madhya Pradesh, India",2024-01-20T03:00:00,53.3,53.3,45.8,75.46,0,0,,0,0,11.9,6.5,53.2,1016,28.9,,0,0,0,,Partially cloudy,partly-cloudy-night,remote
"Bhopal, Madhya Pradesh, India",2024-01-20T04:00:00,51.7,51.7,44.9,77.4,0,0,,0,0,11.4,5.8,46.5,1016,25.5,,0,0,0,,Partially cloudy,partly-cloudy-night,remote
"Bhopal, Madhya Pradesh, India",2024-01-20T05:00:00,48.4,44.8,46.8,93.91,0,0,,0,0,10.7,8.1,20,1016.4,84.3,1.2,0,0,0,,Partially cloudy,partly-cloudy-night,"VABP,42667099999"
"Bhopal, Madhya Pradesh, India",2024-01-20T06:00:00,52.4,52.4,45.8,77.99,0,0,,0,0,10.3,5.1,48.9,1016,92.8,,0,0,0,,Overcast,cloudy,remote
"Bhopal, Madhya Pradesh, India",2024-01-20T07:00:00,52.4,52.4,45.9,78.53,0,0,,0,0,9.6,5.1,57,1017,90.8,,0,0,0,,Overcast,cloudy,remote
"Bhopal, Madhya Pradesh, India",2024-01-20T08:00:00,49.1,45.7,47.4,93.77,0,0,,0,0,9.4,7.9,360,1018.5,84.3,0.6,5.2,0,0,,Partially cloudy,fog,"VABP,42672099999,42667099999,42763099999"
"Bhopal, Madhya Pradesh, India",2024-01-20T09:00:00,53.6,53.6,51.8,93.6,0,0,,0,0,11.6,3.4,50,1019,88.9,0.6,85.1,0.3,1,,Partially cloudy,fog,"VABP,42667099999"
"Bhopal, Madhya Pradesh, India",2024-01-20T10:00:00,57.2,57.2,55.4,93.7,0,0,,0,0,12.1,4.7,30,1019,88.9,0.6,183.2,0.7,2,,Partially cloudy,fog,"VABP,42667099999"
"Bhopal, Madhya Pradesh, India",2024-01-20T11:00:00,61,61,51.3,70.33,0,0,,0,0,12.3,4.7,50,1018.5,84.4,1,335.1,1.2,3,,Partially cloudy,partly-cloudy-day,"VABP,42667099999,42763099999"
"Bhopal, Madhya Pradesh, India",2024-01-20T12:00:00,68,68,48.2,49.13,0,0,,0,0,12.8,4.7,20,1017,88.9,1.2,586.3,2.1,6,,Partially cloudy,partly-cloudy-day,"VABP,42667099999"
"Bhopal, Madhya Pradesh, India",2024-01-20T13:00:00,63.4,63.4,50.1,61.83,0,0,,0,0,13.6,4.9,77.4,1017,26.2,,580.6,2.1,6,,Partially cloudy,partly-cloudy-day,remote
"Bhopal, Madhya Pradesh, India",2024-01-20T14:00:00,68.8,68.8,51.4,53.83,0,0,,0,0,13,8,346,1015,60,1.2,543.9,2,5,,Partially cloudy,partly-cloudy-day,"VABP,42667099999,42763099999"
"Bhopal, Madhya Pradesh, India",2024-01-20T15:00:00,68,68,50,52.54,0,0,,0,0,10.7,6.9,350,1015,50,1.2,530.9,1.9,5,,Partially cloudy,partly-cloudy-day,"VABP,42667099999"
"Bhopal, Madhya Pradesh, India",2024-01-20T16:00:00,66.2,66.2,50,55.91,0,0,,0,0,10.5,10.3,350,1015,50,1.2,440.6,1.6,4,,Partially cloudy,partly-cloudy-day,"VABP,42667099999"
"Bhopal, Madhya Pradesh, India",2024-01-20T17:00:00,65.1,65.1,51.5,61.54,0,0,,0,0,11.6,7.9,339,1015.3,83.6,1.3,293.9,1.1,3,,Partially cloudy,partly-cloudy-day,"VABP,42672099999,42667099999,42763099999"
"Bhopal, Madhya Pradesh, India",2024-01-20T18:00:00,62.6,62.6,57.2,82.51,0,0,,0,0,11.9,6.9,360,1017,88.9,1.2,131.3,0.5,0,,Partially cloudy,partly-cloudy-night,"VABP,42667099999"
"Bhopal, Madhya Pradesh, India",2024-01-20T19:00:00,60.8,60.8,57.2,87.93,0,0,,0,0,8.5,6.9,360,1017,88.9,1.2,8.7,0,0,,Partially cloudy,partly-cloudy-night,"VABP,42667099999"
"Bhopal, Madhya Pradesh, India",2024-01-20T20:00:00,57.7,57.7,54.9,90.5,0,0,,0,0,8.1,4.7,15,1018,84.3,1,0,0,0,,Partially cloudy,partly-cloudy-night,"VABP,42667099999"
"Bhopal, Madhya Pradesh, India",2024-01-20T21:00:00,58.6,58.6,52.6,80.62,0,0,,0,0,8.7,4.9,34.1,1018,81.6,,0,0,0,,Partially cloudy,partly-cloudy-night,remote
"Bhopal, Madhya Pradesh, India",2024-01-20T22:00:00,55.4,55.4,55.4,100,0,0,,0,0,8.7,0,350,1019,25,1.9,0,0,0,,Partially cloudy,partly-cloudy-night,"VABP,42667099999"
"Bhopal, Madhya Pradesh, India",2024-01-20T23:00:00,53.7,53.7,50.3,88.16,0,0,,0,0,8.1,5.8,360,1019.2,80.1,1.2,0,0,0,,Partially cloudy,partly-cloudy-night,42667099999
"Bhopal, Madhya Pradesh, India",2024-01-21T00:00:00,53.7,53.7,50.4,88.75,0,0,,0,0,8.1,4.5,21.1,1019,4.9,,0,0,0,,Clear,clear-night,remote
"Bhopal, Madhya Pradesh, India",2024-01-21T01:00:00,53,53,50.1,89.91,0,0,,0,0,7.6,4.3,18.7,1018,0.8,,0,0,0,,Clear,clear-night,remote
"Bhopal, Madhya Pradesh, India",2024-01-21T02:00:00,50.1,50.1,47,89.19,0,0,,0,0,7.2,4.7,360,1018.6,0.2,0.6,0,0,0,,Clear,fog,42667099999
"Bhopal, Madhya Pradesh, India",2024-01-21T03:00:00,51,51,48.6,91.66,0,0,,0,0,6.7,3.8,14.9,1017,0,,0,0,0,,Clear,clear-night,remote
"Bhopal, Madhya Pradesh, India",2024-01-21T04:00:00,48.5,47.3,47,94.74,0,0,,0,0,6.5,3.8,21.2,1017,10,,0,0,0,,Clear,clear-night,remote
"Bhopal, Madhya Pradesh, India",2024-01-21T05:00:00,47.9,46,47,96.67,0,0,,0,0,6.5,4.7,340,1018.1,10.3,0,0,0,0,,Clear,clear-night,42667099999
"Bhopal, Madhya Pradesh, India",2024-01-21T06:00:00,46.4,45.3,44.6,93.4,0,0,,0,0,6.5,3.4,360,1018,100,0,0,0,0,,Overcast,cloudy,"VABP,42667099999"
"Bhopal, Madhya Pradesh, India",2024-01-21T07:00:00,44.6,44.6,44.6,100,0,0,,0,0,6.7,2.2,330,1018,100,0,0,0,0,,Overcast,cloudy,"VABP,42667099999"
"Bhopal, Madhya Pradesh, India",2024-01-21T08:00:00,46.4,44.3,46.4,99.97,0,0,,0,0,6.7,4.6,355,1019.4,100,0,8.2,0,0,,Overcast,cloudy,"VABP,42672099999,42667099999,42763099999"
"Bhopal, Madhya Pradesh, India",2024-01-21T09:00:00,48.2,46.3,48.2,100,0,0,,0,0,9.2,4.7,340,1020,100,0,145,0.5,1,,Overcast,cloudy,"VABP,42667099999"
"Bhopal, Madhya Pradesh, India",2024-01-21T10:00:00,49.2,47.5,45.8,87.94,0,0,,0,0,10.7,4.7,33,1020,45,,356.6,1.3,4,,Partially cloudy,partly-cloudy-day,remote
"Bhopal, Madhya Pradesh, India",2024-01-21T11:00:00,60.6,60.6,40.4,47.3,0,0,,0,0,12.5,9.1,342,1018.6,52.6,1.2,548.3,2,5,,Partially cloudy,partly-cloudy-day,"42667099999,42763099999"
"Bhopal, Madhya Pradesh, India",2024-01-21T12:00:00,62.6,62.6,46.4,55.4,0,0,,0,0,13,4.7,320,1018,0,1.2,688.5,2.5,7,,Clear,clear-day,"VABP,42667099999"
"Bhopal, Madhya Pradesh, India",2024-01-21T13:00:00,66.2,66.2,42.8,42.6,0,0,,0,0,13.6,6.9,340,1017,0,1.9,764.3,2.8,8,,Clear,clear-day,"VABP,42667099999"
"Bhopal, Madhya Pradesh, India",2024-01-21T14:00:00,68.8,68.8,41.2,36.57,0,0,,0,0,13.4,6.9,1,1016.2,30,2.8,765.4,2.8,8,,Partially cloudy,partly-cloudy-day,"VABP,42667099999,42763099999"
"Bhopal, Madhya Pradesh, India",2024-01-21T15:00:00,68,68,41,37.35,0,0,,0,0,13.2,9.2,360,1016,27.3,3.1,691.4,2.5,7,,Partially cloudy,partly-cloudy-day,"VABP,42667099999"
"Bhopal, Madhya Pradesh, India",2024-01-21T16:00:00,69.8,69.8,37.4,30.52,0,0,,0,0,12.8,6.9,360,1016,27.3,3.1,550.2,2,6,,Partially cloudy,partly-cloudy-day,"VABP,42667099999"
"Bhopal, Madhya Pradesh, India",2024-01-21T17:00:00,68,68,42.7,40.02,0,0,,0,0,11.9,4.6,20,1015.6,32.2,2.9,352.9,1.3,4,,Partially cloudy,partly-cloudy-day,"VABP,42672099999,42667099999,42763099999"
"Bhopal, Madhya Pradesh, India",2024-01-21T18:00:00,62.6,62.6,44.6,51.75,0,0,,0,0,9.8,3.4,10,1017,27.3,3.1,150.7,0.5,0,,Partially cloudy,partly-cloudy-night,"VABP,42667099999"
"Bhopal, Madhya Pradesh, India",2024-01-21T19:00:00,59,59,44.6,58.79,0,0,,0,0,7.8,2.2,20,1018,27.3,2.5,10.3,0,0,,Partially cloudy,partly-cloudy-night,"VABP,42667099999"
"Bhopal, Madhya Pradesh, India",2024-01-21T20:00:00,59.1,59.1,47.5,65.38,0,0,,0,0,8.1,2.2,20,1018,0,1.6,0,0,0,,Clear,clear-night,"VABP,42667099999"
"Bhopal, Madhya Pradesh, India",2024-01-21T21:00:00,55.4,55.4,51.8,87.66,0,0,,0,0,8.1,2.2,340,1019,0,1.9,0,0,0,,Clear,clear-night,"VABP,42667099999"
"Bhopal, Madhya Pradesh, India",2024-01-21T22:00:00,51.8,51.8,51.8,100,0,0,,0,0,8.3,3.4,360,1019,0,1.2,0,0,0,,Clear,clear-night,"VABP,42667099999"
"Bhopal, Madhya Pradesh, India",2024-01-21T23:00:00,51.1,51.1,48.8,91.94,0,0,,0,0,8.1,3.4,360,1019.2,66.4,1.2,0,0,0,,Partially cloudy,partly-cloudy-night,"VABP,42667099999"
"Bhopal, Madhya Pradesh, India",2024-01-22T00:00:00,52.8,52.8,48.6,85.78,0,0,,0,0,7.8,4.5,27.7,1019,76.3,,0,0,0,,Partially cloudy,partly-cloudy-night,remote
"Bhopal, Madhya Pradesh, India",2024-01-22T01:00:00,52.4,52.4,48.6,86.92,0,0,,0,0,8.5,4.5,33.8,1018,99.8,,0,0,0,,Overcast,cloudy,remote
"Bhopal, Madhya Pradesh, India",2024-01-22T02:00:00,50.1,50.1,47.9,92.25,0,0,,0,0,7.4,2.2,20,1018.6,30,0.6,0,0,0,,Partially cloudy,fog,42667099999
"Bhopal, Madhya Pradesh, India",2024-01-22T03:00:00,49.7,48.2,46.8,89.78,0,0,,0,0,7.4,4.5,51.2,1018,89.7,,0,0,0,,Partially cloudy,partly-cloudy-night,remote
"Bhopal, Madhya Pradesh, India",2024-01-22T04:00:00,47.6,45.7,45.6,92.8,0,0,,0,0,7.4,4.5,57.3,1018,69.3,,0,0,0,,Partially cloudy,partly-cloudy-night,remote
"Bhopal, Madhya Pradesh, India",2024-01-22T05:00:00,48.3,47.4,47.4,96.6,0,0,,0,0,7.4,3.4,20,1017.7,45.4,0.6,0,0,0,,Partially cloudy,fog,"VABP,42667099999"
"Bhopal, Madhya Pradesh, India",2024-01-22T06:00:00,48.2,46.3,48.2,100,0,0,,0,0,7.4,4.7,10,1018,50,0.6,0,0,0,,Partially cloudy,fog,"VABP,42667099999"
"Bhopal, Madhya Pradesh, India",2024-01-22T07:00:00,48.2,45.6,48.2,100,0,0,,0,0,7.4,5.8,20,1019,50,0.6,0,0,0,,Partially cloudy,fog,"VABP,42667099999"
"Bhopal, Madhya Pradesh, India",2024-01-22T08:00:00,51.8,51.8,49.9,93.12,0,0,,0,0,7.6,4.6,51,1019.2,10,0.7,8.5,0,0,,Clear,fog,"VABP,42672099999,42667099999,42763099999"
"Bhopal, Madhya Pradesh, India",2024-01-22T09:00:00,50.8,50.8,45.6,82.24,0,0,,0,0,10.3,6,78.1,1020,5.5,,148.7,0.5,1,,Clear,clear-day,remote
"Bhopal, Madhya Pradesh, India",2024-01-22T10:00:00,64.4,64.4,39.2,39.46,0,0,,0,0,12.3,9.2,90,1020,0,1.9,363.2,1.3,4,,Clear,clear-day,"VABP,42667099999"
"Bhopal, Madhya Pradesh, India",2024-01-22T11:00:00,69.5,69.5,38.8,32.63,0,0,,0,0,14.1,6.9,90,1019.3,32,2.8,556.2,2,6,,Partially cloudy,partly-cloudy-day,"VABP,42667099999,42763099999"
"Bhopal, Madhya Pradesh, India",2024-01-22T12:00:00,69.8,69.8,37.4,30.52,0,0,,0,0,14.8,8.1,70,1018,27.3,3.1,689.4,2.5,7,,Partially cloudy,partly-cloudy-day,"VABP,42667099999"
"Bhopal, Madhya Pradesh, India",2024-01-22T13:00:00,71.6,71.6,35.6,26.74,0,0,,0,0,15.4,5.8,90,1015,27.3,3.7,769.4,2.8,8,,Partially cloudy,partly-cloudy-day,"VABP,42667099999"
"Bhopal, Madhya Pradesh, India",2024-01-22T14:00:00,73.9,73.9,36.1,25.2,0,0,,0,0,14.3,4.7,50,1015.9,40,3.1,769.9,2.8,8,,Partially cloudy,partly-cloudy-day,"VABP,42667099999,42763099999"
"Bhopal, Madhya Pradesh, India",2024-01-22T15:00:00,73.4,73.4,39.2,28.98,0,0,,0,0,12.8,5.8,320,1016,0,3.7,684,2.5,7,,Clear,clear-day,"VABP,42667099999"
"Bhopal, Madhya Pradesh, India",2024-01-22T16:00:00,71.6,71.6,42.8,35.4,0,0,,0,0,11.6,10.3,240,1016,0,3.7,545.8,2,5,,Clear,clear-day,"VABP,42667099999"
"Bhopal, Madhya Pradesh, India",2024-01-22T17:00:00,70,70,46.3,42.65,0,0,,0,0,10.5,9,340,1015.3,39.7,3.2,369.8,1.3,4,,Partially cloudy,partly-cloudy-day,"VABP,42672099999,42667099999,42763099999"
"Bhopal, Madhya Pradesh, India",2024-01-22T18:00:00,66.2,66.2,46.4,48.86,0,0,,0,0,9.4,4.7,350,1017,0,3.7,156.4,0.6,2,,Clear,clear-day,"VABP,42667099999"
"Bhopal, Madhya Pradesh, India",2024-01-22T19:00:00,64.4,64.4,46.4,52.01,0,0,,0,0,8.1,6.9,360,1017,0,3.7,11,0,0,,Clear,clear-night,"VABP,42667099999"
"Bhopal, Madhya Pradesh, India",2024-01-22T20:00:00,62.7,62.7,47.3,57.19,0,0,,0,0,8.1,3.4,340,1017.3,75,3.2,0,0,0,,Partially cloudy,partly-cloudy-night,"VABP,42667099999"
"Bhopal, Madhya Pradesh, India",2024-01-22T21:00:00,59.4,59.4,49.9,70.65,0,0,,0,0,8.3,4.7,23.5,1017,1,,0,0,0,,Clear,clear-night,remote
"Bhopal, Madhya Pradesh, India",2024-01-22T22:00:00,59,59,44.6,58.79,0,0,,0,0,8.1,9.2,350,1018,50,3.7,0,0,0,,Partially cloudy,partly-cloudy-night,"VABP,42667099999"
"Bhopal, Madhya Pradesh, India",2024-01-22T23:00:00,57.4,57.4,46.6,67.17,0,0,,0,0,8.3,11.4,360,1018.6,45.4,3.2,0,0,0,,Partially cloudy,partly-cloudy-night,"VABP,42667099999"
"Bhopal, Madhya Pradesh, India",2024-01-23T00:00:00,55.4,55.4,51.8,87.66,0,0,,0,0,9.2,10.3,350,1018,50,3.7,0,0,0,,Partially cloudy,partly-cloudy-night,"VABP,42667099999"
"Bhopal, Madhya Pradesh, India",2024-01-23T01:00:00,56.7,56.7,47.9,72.29,0,0,,0,0,10.5,6.3,22.3,1018,11.6,,0,0,0,,Clear,clear-night,remote
"Bhopal, Madhya Pradesh, India",2024-01-23T02:00:00,54.7,54.7,50.2,84.95,0,0,,0,0,11,10.3,360,1017.6,1.8,2.8,0,0,0,,Clear,clear-night,"VABP,42667099999"
"Bhopal, Madhya Pradesh, India",2024-01-23T03:00:00,54.1,54.1,46.8,76.56,0,0,,0,0,11.2,6.5,27.1,1018,0,,0,0,0,,Clear,clear-night,remote
"Bhopal, Madhya Pradesh, India",2024-01-23T04:00:00,51.5,51.5,45.4,79.53,0,0,,0,0,11.2,6.7,31.8,1018,0,,0,0,0,,Clear,clear-night,remote
"Bhopal, Madhya Pradesh, India",2024-01-23T05:00:00,51.1,51.1,48.2,89.67,0,0,,0,0,10.7,6.9,360,1018.1,0,2.8,0,0,0,,Clear,clear-night,"VABP,42667099999"
"Bhopal, Madhya Pradesh, India",2024-01-23T06:00:00,50,48.4,48.2,93.5,0,0,,0,0,10.3,4.7,360,1018,0,2.5,0,0,0,,Clear,clear-night,"VABP,42667099999"
"Bhopal, Madhya Pradesh, India",2024-01-23T07:00:00,50.4,50.4,45.6,83.34,0,0,,0,0,10.1,6.5,32,1018,0,,0,0,0,,Clear,clear-night,remote
"Bhopal, Madhya Pradesh, India",2024-01-23T08:00:00,52.5,52.5,44.7,74.93,0,0,,0,0,10.1,7.9,1,1019.3,0,1.6,8.6,0,0,,Clear,clear-day,"VABP,42672099999,42667099999,42763099999"
"Bhopal, Madhya Pradesh, India",2024-01-23T09:00:00,59,59,37.4,44.5,0,0,,0,0,12.8,6.9,360,1020,0,1.9,148.6,0.5,1,,Clear,clear-day,"VABP,42667099999"
"Bhopal, Madhya Pradesh, India",2024-01-23T10:00:00,66.2,66.2,33.8,29.95,0,0,,0,0,13.9,5.8,20,1020,0,2.5,364,1.3,4,,Clear,clear-day,"VABP,42667099999"
"Bhopal, Madhya Pradesh, India",2024-01-23T11:00:00,68,68,34,28.36,0,0,,0,0,14.3,6.9,360,1018.4,0,3.1,557.8,2,6,,Clear,clear-day,"VABP,42667099999,42763099999"
"Bhopal, Madhya Pradesh, India",2024-01-23T12:00:00,69.8,69.8,33.8,26.46,0,0,,0,0,15,5.8,10,1018,0,3.7,701.6,2.5,7,,Clear,clear-day,"VABP,42667099999"
"Bhopal, Madhya Pradesh, India",2024-01-23T13:00:00,69.8,69.8,30.2,22.89,0,0,,0,0,17,9.2,340,1017,0,3.7,776.3,2.8,8,,Clear,clear-day,"VABP,42667099999"
"Bhopal, Madhya Pradesh, India",2024-01-23T14:00:00,72.1,72.1,29.7,20.73,0,0,,0,0,16.8,11.4,1,1015,0,3.1,779.8,2.8,8,,Clear,clear-day,"VABP,42667099999,42763099999"
"Bhopal, Madhya Pradesh, India",2024-01-23T15:00:00,71.6,71.6,28.4,20,0,0,,0,0,16.1,6.9,360,1016,0,3.7,709.1,2.6,7,,Clear,clear-day,"VABP,42667099999"
"Bhopal, Madhya Pradesh, India",2024-01-23T16:00:00,68.6,68.6,45.2,42.98,0,0,,0,0,15.7,6.9,13.6,1015,0,,570.4,2.1,6,,Clear,clear-day,remote
"Bhopal, Madhya Pradesh, India",2024-01-23T17:00:00,69.8,69.8,34.6,27.33,0,0,,0,0,15.2,5.7,1,1015.2,0,3.2,378.7,1.4,4,,Clear,clear-day,"VABP,42672099999,42667099999,42763099999"
"Bhopal, Madhya Pradesh, India",2024-01-23T18:00:00,68.8,68.8,45.8,43.6,0,0,,0,0,13.4,4,15.2,1015,0,,162.6,0.6,2,,Clear,clear-day,remote
"Bhopal, Madhya Pradesh, India",2024-01-23T19:00:00,60.8,60.8,35.6,38.88,0,0,,0,0,8.1,2.2,10,1017,0,3.7,12,0,0,,Clear,clear-night,"VABP,42667099999"
"Bhopal, Madhya Pradesh, India",2024-01-23T20:00:00,58.7,58.7,42.1,54.04,0,0,,0,0,8.1,2.2,360,1017.1,0,3.2,0,0,0,,Clear,clear-night,"VABP,42667099999"
"Bhopal, Madhya Pradesh, India",2024-01-23T21:00:00,55.4,55.4,37.4,50.66,0,0,,0,0,8.1,2.2,320,1017,0,3.7,0,0,0,,Clear,clear-night,"VABP,42667099999"
"Bhopal, Madhya Pradesh, India",2024-01-23T22:00:00,53.6,53.6,37.4,54.1,0,0,,0,0,8.3,2.2,340,1018,0,3.7,0,0,0,,Clear,clear-night,"VABP,42667099999"
"Bhopal, Madhya Pradesh, India",2024-01-23T23:00:00,51.3,51.3,41.7,69.42,0,0,,0,0,8.1,2.2,340,1018.1,0,2.8,0,0,0,,Clear,clear-night,"VABP,42667099999"
"Bhopal, Madhya Pradesh, India",2024-01-24T00:00:00,53,53,43.1,68.99,0,0,,0,0,7.8,4.7,42.5,1018,0,,0,0,0,,Clear,clear-night,remote
"Bhopal, Madhya Pradesh, India",2024-01-24T01:00:00,51.7,51.7,43.1,72.26,0,0,,0,0,8.5,4.7,46.5,1017,0,,0,0,0,,Clear,clear-night,remote
"Bhopal, Madhya Pradesh, India",2024-01-24T02:00:00,50.6,50.6,42,72.15,0,0,,0,0,7.8,2.2,360,1017.3,0,1.2,0,0,0,,Clear,clear-night,42667099999
"Bhopal, Madhya Pradesh, India",2024-01-24T03:00:00,48.8,46.5,42.3,78.22,0,0,,0,0,8.1,5.6,49.3,1017,0,,0,0,0,,Clear,clear-night,remote
"Bhopal, Madhya Pradesh, India",2024-01-24T04:00:00,46.8,44.6,41.4,81.39,0,0,,0,0,8.1,4.9,54.3,1017,0,,0,0,0,,Clear,clear-night,remote
"Bhopal, Madhya Pradesh, India",2024-01-24T05:00:00,47.6,47.6,39.8,74.39,0,0,,0,0,7.8,1.1,20,1018.1,40,1.2,0,0,0,,Partially cloudy,partly-cloudy-night,42667099999
"Bhopal, Madhya Pradesh, India",2024-01-24T06:00:00,44.6,44.6,41,87.1,0,0,,0,0,7.6,2.2,290,1018,50,1.9,0,0,0,,Partially cloudy,partly-cloudy-night,"VABP,42667099999"
"Bhopal, Madhya Pradesh, India",2024-01-24T07:00:00,48.3,46,42.5,80.37,0,0,,0,0,7.2,5.4,73.6,1018,0,,0,0,0,,Clear,clear-night,remote
"Bhopal, Madhya Pradesh, India",2024-01-24T08:00:00,50.9,50.9,43.1,74.75,0,0,,0,0,7.2,2.2,319,1020.1,0,1.9,8.9,0,0,,Clear,clear-day,"VABP,42672099999,42667099999,42763099999"
"Bhopal, Madhya Pradesh, India",2024-01-24T09:00:00,62.6,62.6,37.4,39.17,0,0,,0,0,8.3,3.4,80,1021,0,2.5,148.5,0.5,1,,Clear,clear-day,"VABP,42667099999"
"Bhopal, Madhya Pradesh, India",2024-01-24T10:00:00,53.1,53.1,42.2,66.21,0,0,,0,0,9.6,3.8,95.4,1020,0.5,,366.1,1.3,4,,Clear,clear-day,remote
"Bhopal, Madhya Pradesh, India",2024-01-24T11:00:00,68.2,68.2,23.2,18.11,0,0,,0,0,11.2,4.7,110,1019.2,0,3.1,559.9,2,6,,Clear,clear-day,"VABP,42667099999,42763099999"
"Bhopal, Madhya Pradesh, India",2024-01-24T12:00:00,71.6,71.6,15.8,11.76,0,0,,0,0,11.4,0,0,1019,0,3.7,701.9,2.5,7,,Clear,clear-day,"VABP,42667099999"
"Bhopal, Madhya Pradesh, India",2024-01-24T13:00:00,73.4,73.4,23,15.05,0,0,,0,0,12.3,4.7,350,1018,0,3.7,778.9,2.8,8,,Clear,clear-day,"VABP,42667099999"
"Bhopal, Madhya Pradesh, India",2024-01-24T14:00:00,72.7,72.7,29.2,19.92,0,0,,0,0,12.1,4.7,355,1015.8,0,3.1,780.9,2.8,8,,Clear,clear-day,"VABP,42667099999,42763099999"
"Bhopal, Madhya Pradesh, India",2024-01-24T15:00:00,71.6,71.6,28.4,20,0,0,,0,0,12.3,5.8,340,1016,0,3.7,709.3,2.6,7,,Clear,clear-day,"VABP,42667099999"
"Bhopal, Madhya Pradesh, India",2024-01-24T16:00:00,73.5,73.5,35.7,25.17,0,0,,0,0,12.3,9.2,360,1016,0,3.7,570.2,2.1,6,,Clear,clear-day,"VABP,42667099999"
"Bhopal, Madhya Pradesh, India",2024-01-24T17:00:00,72.1,72.1,37.6,28.52,0,0,,0,0,11.6,4.6,320,1015.8,0,3.2,378.8,1.4,4,,Clear,clear-day,"VABP,42672099999,42667099999,42763099999"
"Bhopal, Madhya Pradesh, India",2024-01-24T18:00:00,69.9,69.9,47,44.07,0,0,,0,0,9.6,3.8,40.3,1016,0,,163.5,0.6,2,,Clear,clear-day,remote
"Bhopal, Madhya Pradesh, India",2024-01-24T19:00:00,59,59,33.8,38.58,0,0,,0,0,7.6,3.4,290,1018,0,3.1,12.6,0,0,,Clear,clear-night,"VABP,42667099999"
"Bhopal, Madhya Pradesh, India",2024-01-24T20:00:00,59.1,59.1,36.4,42.64,0,0,,0,0,8.1,0,0,1018.8,0,2.8,0,0,0,,Clear,clear-night,"VABP,42667099999"
"Bhopal, Madhya Pradesh, India",2024-01-24T21:00:00,57.2,57.2,35.6,44.21,0,0,,0,0,8.5,0,0,1019,0,3.1,0,0,0,,Clear,clear-night,"VABP,42667099999"
"Bhopal, Madhya Pradesh, India",2024-01-24T22:00:00,55.4,55.4,35.6,47.19,0,0,,0,0,8.5,0,0,1019,0,3.1,0,0,0,,Clear,clear-night,"VABP,42667099999"
"Bhopal, Madhya Pradesh, India",2024-01-24T23:00:00,55.5,55.5,37.8,51.26,0,0,,0,0,8.9,0,0,1019,0,2.8,0,0,0,,Clear,clear-night,"VABP,42667099999"
"Bhopal, Madhya Pradesh, India",2024-01-25T00:00:00,54.8,54.8,43.6,65.95,0,0,,0,0,9.2,6.7,82.4,1019,0,,0,0,0,,Clear,clear-night,remote
"Bhopal, Madhya Pradesh, India",2024-01-25T01:00:00,54.2,54.2,42.9,65.43,0,0,,0,0,8.9,6.5,91.8,1018,0,,0,0,0,,Clear,clear-night,remote
"Bhopal, Madhya Pradesh, India",2024-01-25T02:00:00,53,53,42,66.19,0,0,,0,0,8.5,4.7,360,1018.6,0,2.5,0,0,0,,Clear,clear-night,42667099999
"Bhopal, Madhya Pradesh, India",2024-01-25T03:00:00,51.3,51.3,42.9,72.73,0,0,,0,0,8.3,5.1,101.2,1018,0,,0,0,0,,Clear,clear-night,remote
"Bhopal, Madhya Pradesh, India",2024-01-25T04:00:00,49.9,48,41.6,73.08,0,0,,0,0,8.1,5.1,100.4,1018,0,,0,0,0,,Clear,clear-night,remote
"Bhopal, Madhya Pradesh, India",2024-01-25T05:00:00,50.5,50.5,39.6,66.02,0,0,,0,0,8.3,2.2,20,1019.2,0,1.6,0,0,0,,Clear,clear-night,"VABP,42667099999"
"Bhopal, Madhya Pradesh, India",2024-01-25T06:00:00,50.6,50.6,41.4,70.66,0,0,,0,0,8.5,5.6,104.4,1019,0,,0,0,0,,Clear,clear-night,remote
"Bhopal, Madhya Pradesh, India",2024-01-25T07:00:00,46.4,46.4,39.2,75.86,0,0,,0,0,8.5,0,0,1020,50,1.9,0,0,0,,Partially cloudy,partly-cloudy-night,"VABP,42667099999"
"Bhopal, Madhya Pradesh, India",2024-01-25T08:00:00,59.4,59.4,33,36.77,0,0,,0,0,8.3,2.2,56,1021,30.2,2.5,9,0,0,,Partially cloudy,partly-cloudy-day,"VABP,42672099999,42667099999,42763099999"
"Bhopal, Madhya Pradesh, India",2024-01-25T09:00:00,52.8,52.8,40.7,63.46,0,0,,0,0,10.5,5.4,94.4,1021,0.5,,151.5,0.5,2,,Clear,clear-day,remote
"Bhopal, Madhya Pradesh, India",2024-01-25T10:00:00,55.3,55.3,41.3,59.1,0,0,,0,0,12.1,4.9,101.6,1022,3.2,,367.4,1.3,4,,Clear,clear-day,remote
"Bhopal, Madhya Pradesh, India",2024-01-25T11:00:00,70.7,70.7,31.5,23.41,0,0,,0,0,14.1,6.9,110,1021,40.1,3.1,561.6,2,6,,Partially cloudy,partly-cloudy-day,"VABP,42667099999,42763099999"
"Bhopal, Madhya Pradesh, India",2024-01-25T12:00:00,71.6,71.6,30.2,21.53,0,0,,0,0,16.1,6.9,120,1021,0,3.7,704.3,2.5,7,,Clear,clear-day,"VABP,42667099999"
"Bhopal, Madhya Pradesh, India",2024-01-25T13:00:00,73.4,73.4,30.2,20.26,0,0,,0,0,14.5,8.1,170,1020,0,3.7,782.3,2.8,8,,Clear,clear-day,"VABP,42667099999"
"Bhopal, Madhya Pradesh, India",2024-01-25T14:00:00,74.2,74.2,31.5,20.79,0,0,,0,0,13.9,4.7,90,1017.8,40.1,3.1,784.6,2.8,8,,Partially cloudy,partly-cloudy-day,"VABP,42667099999,42763099999"
"Bhopal, Madhya Pradesh, India",2024-01-25T15:00:00,73.4,73.4,30.2,20.26,0,0,,0,0,12.5,4.7,120,1018,0,3.7,713.3,2.6,7,,Clear,clear-day,"VABP,42667099999"
"Bhopal, Madhya Pradesh, India",2024-01-25T16:00:00,73.4,73.4,32,21.79,0,0,,0,0,11.4,5.8,20,1018,0,3.7,574.7,2.1,6,,Clear,clear-day,"VABP,42667099999"
"Bhopal, Madhya Pradesh, India",2024-01-25T17:00:00,72.2,72.2,35.3,25.9,0,0,,0,0,10.3,3.3,5,1017.1,40.1,3.2,383.4,1.4,4,,Partially cloudy,partly-cloudy-day,"VABP,42672099999,42667099999,42763099999"
"Bhopal, Madhya Pradesh, India",2024-01-25T18:00:00,66.2,66.2,35.6,32.17,0,0,,0,0,8.3,4.7,10,1019,0,3.7,167.2,0.6,2,,Clear,clear-day,"VABP,42667099999"
"Bhopal, Madhya Pradesh, India",2024-01-25T19:00:00,62.6,62.6,35.6,36.48,0,0,,0,0,7.2,3.4,10,1020,0,3.7,13.4,0,0,,Clear,clear-night,"VABP,42667099999"
"Bhopal, Madhya Pradesh, India",2024-01-25T20:00:00,61.8,61.8,38,41.15,0,0,,0,0,7.4,3.9,25,1020.4,0,3.2,0,0,0,,Clear,clear-night,"VABP,42667099999"
"Bhopal, Madhya Pradesh, India",2024-01-25T21:00:00,62.6,62.6,33.8,33.96,0,0,,0,0,7.6,2.2,40,1021,0,3.1,0,0,0,,Clear,clear-night,"VABP,42667099999"
"Bhopal, Madhya Pradesh, India",2024-01-25T22:00:00,57.2,57.2,33.8,41.16,0,0,,0,0,7.4,2.2,10,1021,0,3.1,0,0,0,,Clear,clear-night,"VABP,42667099999"
"Bhopal, Madhya Pradesh, India",2024-01-25T23:00:00,56.6,56.6,38.4,50.35,0,0,,0,0,6.7,0,0,1020.7,0,2.8,0,0,0,,Clear,clear-night,"VABP,42667099999"
"Bhopal, Madhya Pradesh, India",2024-01-26T00:00:00,56,56,45.2,67.01,0,0,,0,0,6.9,6.9,51,1020,0.2,,0,0,0,,Clear,clear-night,remote
"Bhopal, Madhya Pradesh, India",2024-01-26T01:00:00,54.9,54.9,45.6,70.64,0,0,,0,0,8.9,6.7,60,1020,0.2,,0,0,0,,Clear,clear-night,remote
"Bhopal, Madhya Pradesh, India",2024-01-26T02:00:00,54.2,54.2,40.2,58.95,0,0,,0,0,8.7,2.2,20,1019.5,0.7,2.5,0,0,0,,Clear,clear-night,42667099999
"Bhopal, Madhya Pradesh, India",2024-01-26T03:00:00,51.2,51.2,45,79.5,0,0,,0,0,8.7,6.3,76.8,1019,0,,0,0,0,,Clear,clear-night,remote
"Bhopal, Madhya Pradesh, India",2024-01-26T04:00:00,49,46.7,44.3,83.82,0,0,,0,0,8.7,5.6,78.7,1019,0,,0,0,0,,Clear,clear-night,remote
"Bhopal, Madhya Pradesh, India",2024-01-26T05:00:00,49.8,46.5,42.3,75.33,0,0,,0,0,8.7,8.1,50,1020.1,2.3,1.6,0,0,0,,Clear,clear-night,"VABP,42667099999"
"Bhopal, Madhya Pradesh, India",2024-01-26T06:00:00,50,47.2,44.6,81.62,0,0,,0,0,8.7,6.9,360,1020,0,1.9,0,0,0,,Clear,clear-night,"VABP,42667099999"
"Bhopal, Madhya Pradesh, India",2024-01-26T07:00:00,48.1,48.1,44.5,87.28,0,0,,0,0,8.3,2.2,350,1021,18.1,1.9,0,0,0,,Clear,clear-night,VABP
"Bhopal, Madhya Pradesh, India",2024-01-26T08:00:00,56,56,41.3,57.57,0,0,,0,0,8.3,0,1,1021.9,7.4,1.6,9.3,0,0,,Clear,clear-day,"VABP,42667099999,42763099999"
"Bhopal, Madhya Pradesh, India",2024-01-26T09:00:00,64.4,64.4,37.4,36.77,0,0,,0,0,11,3.4,90,1023,0,2.5,152.9,0.6,2,,Clear,clear-day,"VABP,42667099999"
"Bhopal, Madhya Pradesh, India",2024-01-26T10:00:00,68,68,33.8,28.14,0,0,,0,0,12.1,8.1,90,1023,0,3.7,369.9,1.3,4,,Clear,clear-day,"VABP,42667099999"
"Bhopal, Madhya Pradesh, India",2024-01-26T11:00:00,72.5,72.5,33.9,24.22,0,0,,0,0,12.5,4.7,90,1022,30.2,3.1,562,2,6,,Partially cloudy,partly-cloudy-day,"VABP,42667099999,42763099999"
"Bhopal, Madhya Pradesh, India",2024-01-26T12:00:00,73.4,73.4,33.8,23.42,0,0,,0,0,12.5,4.7,90,1022,0,3.7,708.3,2.5,7,,Clear,clear-day,"VABP,42667099999"
"Bhopal, Madhya Pradesh, India",2024-01-26T13:00:00,75.2,75.2,33.8,22.05,0,0,,0,0,12.8,3.4,100,1021,0,3.7,784.4,2.8,8,,Clear,clear-day,"VABP,42667099999"
"Bhopal, Madhya Pradesh, India",2024-01-26T14:00:00,75.7,75.7,33.4,21.38,0,0,,0,0,11.4,5.8,340,1018.9,40.1,3.1,787.2,2.8,8,,Partially cloudy,partly-cloudy-day,"VABP,42667099999,42763099999"
"Bhopal, Madhya Pradesh, India",2024-01-26T15:00:00,75.5,75.5,45.6,34.58,0,0,,0,0,9.2,1.3,67.2,1019,99.5,,715.5,2.6,7,,Overcast,cloudy,remote
"Bhopal, Madhya Pradesh, India",2024-01-26T16:00:00,75.2,75.2,33.8,22.05,0,0,,0,0,7.8,9.2,360,1019,0,3.7,576.3,2.1,6,,Clear,clear-day,"VABP,42667099999"
"Bhopal, Madhya Pradesh, India",2024-01-26T17:00:00,74.4,74.4,38,26.74,0,0,,0,0,7.2,6.8,360,1018.6,50,3.2,381.2,1.4,4,,Partially cloudy,partly-cloudy-day,"VABP,42672099999,42667099999,42763099999"
"Bhopal, Madhya Pradesh, India",2024-01-26T18:00:00,72.1,72.1,53.5,52.09,0,0,,0,0,5.8,4,35.4,1019,70.5,,163.2,0.6,2,,Partially cloudy,partly-cloudy-day,remote
"Bhopal, Madhya Pradesh, India",2024-01-26T19:00:00,66.2,66.2,35.6,32.17,0,0,,0,0,7.6,3.4,20,1020,27.3,3.1,14,0.1,0,,Partially cloudy,partly-cloudy-night,"VABP,42667099999"
"Bhopal, Madhya Pradesh, India",2024-01-26T20:00:00,62.6,62.6,42.2,47.3,0,0,,0,0,8.3,2.2,355,1020.8,30,3.2,0,0,0,,Partially cloudy,partly-cloudy-night,"VABP,42667099999"
"Bhopal, Madhya Pradesh, India",2024-01-26T21:00:00,59,59,37.4,44.5,0,0,,0,0,8.7,2.2,120,1022,0,3.7,0,0,0,,Clear,clear-night,"VABP,42667099999"
"Bhopal, Madhya Pradesh, India",2024-01-26T22:00:00,59,59,42.8,54.88,0,0,,0,0,8.7,0,0,1022,0,3.7,0,0,0,,Clear,clear-night,"VABP,42667099999"
"Bhopal, Madhya Pradesh, India",2024-01-26T23:00:00,57.2,57.2,50,76.84,0,0,,0,0,9.2,0,0,1021.2,15.2,3.2,0,0,0,,Clear,clear-night,"VABP,42667099999"
"Bhopal, Madhya Pradesh, India",2024-01-27T00:00:00,54.8,54.8,47.4,76.11,0,0,,0,0,8.9,6.5,49.2,1021,60.8,,0,0,0,,Partially cloudy,partly-cloudy-night,remote
"Bhopal, Madhya Pradesh, India",2024-01-27T01:00:00,54.2,54.2,47,76.58,0,0,,0,0,9.2,6.5,51.4,1021,96,,0,0,0,,Overcast,cloudy,remote
"Bhopal, Madhya Pradesh, India",2024-01-27T02:00:00,54.8,54.8,47,75.08,0,0,,0,0,8.7,3.4,320,1020.5,94.9,2.5,0,0,0,,Overcast,cloudy,42667099999
"Bhopal, Madhya Pradesh, India",2024-01-27T03:00:00,53,53,46.1,77.51,0,0,,0,0,8.5,6.3,70.5,1020,97,,0,0,0,,Overcast,cloudy,remote
"Bhopal, Madhya Pradesh, India",2024-01-27T04:00:00,51.5,51.5,46.3,82.29,0,0,,0,0,8.5,4.9,50.8,1020,91.2,,0,0,0,,Overcast,cloudy,remote
"Bhopal, Madhya Pradesh, India",2024-01-27T05:00:00,53.6,53.6,45.5,74.01,0,0,,0,0,8.3,3.4,20,1020.5,96,1.6,0,0,0,,Overcast,cloudy,"VABP,42667099999"
"Bhopal, Madhya Pradesh, India",2024-01-27T06:00:00,51.8,51.8,46.4,81.75,0,0,,0,0,7.8,4.7,120,1021,27.3,1.9,0,0,0,,Partially cloudy,partly-cloudy-night,"VABP,42667099999"
"Bhopal, Madhya Pradesh, India",2024-01-27T07:00:00,50,50,46.4,87.38,0,0,,0,0,7.6,0,0,1021,27.3,1.9,0,0,0,,Partially cloudy,partly-cloudy-night,"VABP,42667099999"
"Bhopal, Madhya Pradesh, India",2024-01-27T08:00:00,55.3,55.3,48,76.28,0,0,,0,0,7.8,4.6,341,1022.2,49.6,1.6,8.7,0,0,,Partially cloudy,partly-cloudy-day,"VABP,42672099999,42667099999,42763099999"
"Bhopal, Madhya Pradesh, India",2024-01-27T09:00:00,68,68,39.2,34.83,0,0,,0,0,8.7,3.4,70,1023,0,1.9,137.7,0.5,1,,Clear,clear-day,"VABP,42667099999"
"Bhopal, Madhya Pradesh, India",2024-01-27T10:00:00,68,68,39.2,34.83,0,0,,0,0,9.8,4.7,90,1023,0,3.1,352.9,1.3,4,,Clear,clear-day,"VABP,42667099999"
"Bhopal, Madhya Pradesh, India",2024-01-27T11:00:00,70.3,70.3,40.1,33.35,0,0,,0,0,11.4,4.7,85,1021.4,89.6,2.8,550.8,2,6,,Partially cloudy,partly-cloudy-day,"VABP,42667099999,42763099999"
"Bhopal, Madhya Pradesh, India",2024-01-27T12:00:00,73.4,73.4,41,31.08,0,0,,0,0,12.1,5.8,110,1021,0,3.1,694.6,2.5,7,,Clear,clear-day,"VABP,42667099999"
"Bhopal, Madhya Pradesh, India",2024-01-27T13:00:00,73.4,73.4,37.4,27.01,0,0,,0,0,12.8,0,0,1020,0,3.7,763.8,2.7,8,,Clear,clear-day,"VABP,42667099999"
"Bhopal, Madhya Pradesh, India",2024-01-27T14:00:00,76,76,40.5,27.92,0,0,,0,0,12.5,5.8,140,1018.1,80,3.1,766.6,2.8,8,,Partially cloudy,partly-cloudy-day,"VABP,42667099999,42763099999"
"Bhopal, Madhya Pradesh, India",2024-01-27T15:00:00,75.2,75.2,37.4,25.43,0,0,,0,0,11.9,0,0,1019,0,3.7,694.2,2.5,7,,Clear,clear-day,"VABP,42667099999"
"Bhopal, Madhya Pradesh, India",2024-01-27T16:00:00,75.2,75.2,35.6,23.69,0,0,,0,0,11.2,3.4,130,1019,0,3.7,554.3,2,6,,Clear,clear-day,"VABP,42667099999"
"Bhopal, Madhya Pradesh, India",2024-01-27T17:00:00,73,73,41.4,31.99,0,0,,0,0,10.1,0,0,1017.9,79.3,3.1,373.6,1.3,4,,Partially cloudy,partly-cloudy-day,"VABP,42672099999,42667099999,42763099999"
"Bhopal, Madhya Pradesh, India",2024-01-27T18:00:00,68,68,46.4,45.91,0,0,,0,0,7.6,4.7,10,1019,0,3.7,165.4,0.6,2,,Clear,clear-day,"VABP,42667099999"
"Bhopal, Madhya Pradesh, India",2024-01-27T19:00:00,64.4,64.4,46.4,52.01,0,0,,0,0,6.9,2.2,30,1020,0,3.7,14.6,0.1,0,,Clear,clear-night,"VABP,42667099999"
"Bhopal, Madhya Pradesh, India",2024-01-27T20:00:00,68.3,68.3,45,43.07,0,0,,0,0,7.2,0,0,1018.5,80,3.2,0,0,0,,Partially cloudy,partly-cloudy-night,"VABP,42667099999"
"Bhopal, Madhya Pradesh, India",2024-01-27T21:00:00,59,59,48.2,67.35,0,0,,0,0,7.4,2.2,310,1020,0,3.7,0,0,0,,Clear,clear-night,"VABP,42667099999"
"Bhopal, Madhya Pradesh, India",2024-01-27T22:00:00,62,62,51.3,68.15,0,0,,0,0,6.9,4.7,115.9,1020,95.5,,0,0,0,,Overcast,cloudy,remote
"Bhopal, Madhya Pradesh, India",2024-01-27T23:00:00,58.4,58.4,47.6,67.29,0,0,,0,0,6,0,0,1020,80,1.9,0,0,0,,Partially cloudy,partly-cloudy-night,"VABP,42667099999"
"Bhopal, Madhya Pradesh, India",2024-01-28T00:00:00,62,62,49.9,64.61,0,0,,0,0,5.4,3.6,116.2,1020,98,,0,0,0,,Overcast,cloudy,remote
"Bhopal, Madhya Pradesh, India",2024-01-28T01:00:00,62.3,62.3,49.5,62.94,0,0,,0,0,4.7,3.8,116.2,1019,87.5,,0,0,0,,Partially cloudy,partly-cloudy-night,remote
"Bhopal, Madhya Pradesh, India",2024-01-28T02:00:00,56,56,48.8,76.74,0,0,,0,0,4.7,0,100.3,1019,83.7,1.2,0,0,0,,Partially cloudy,partly-cloudy-night,42667099999
"Bhopal, Madhya Pradesh, India",2024-01-28T03:00:00,60.5,60.5,49.7,67.53,0,0,,0,0,4.9,4.5,101.9,1018,38.7,,0,0,0,,Partially cloudy,partly-cloudy-night,remote
"Bhopal, Madhya Pradesh, India",2024-01-28T04:00:00,55.8,55.8,48.6,76.72,0,0,,0,0,5.8,5.1,105.6,1018,0,,0,0,0,,Clear,clear-night,remote
"Bhopal, Madhya Pradesh, India",2024-01-28T05:00:00,52.1,52.1,51.5,98.03,0,0,,0,0,6.3,0,100,1018.2,17.8,1.2,0,0,0,,Clear,clear-night,42667099999
"Bhopal, Madhya Pradesh, India",2024-01-28T06:00:00,54.9,54.9,49.2,80.88,0,0,,0,0,7.4,6.5,97.6,1018,40.5,,0,0,0,,Partially cloudy,partly-cloudy-night,remote
"Bhopal, Madhya Pradesh, India",2024-01-28T07:00:00,53.7,53.7,49,84.12,0,0,,0,0,8.7,6,102.7,1018,10,,0,0,0,,Clear,clear-night,remote
"Bhopal, Madhya Pradesh, India",2024-01-28T08:00:00,57.2,57.2,51.3,80.58,0,0,,0,0,9.2,3.3,110,1019.9,77.6,1.6,9.7,0,0,,Partially cloudy,partly-cloudy-day,"VABP,42672099999,42667099999,42763099999"
"Bhopal, Madhya Pradesh, India",2024-01-28T09:00:00,55.8,55.8,48.8,77.24,0,0,,0,0,9.8,5.8,112.9,1020,38.6,,153.5,0.6,2,,Partially cloudy,partly-cloudy-day,remote
"Bhopal, Madhya Pradesh, India",2024-01-28T10:00:00,59.1,59.1,49.9,71.56,0,0,,0,0,10.5,4.9,113.8,1020,8.1,,370.2,1.3,4,,Clear,clear-day,remote
"Bhopal, Madhya Pradesh, India",2024-01-28T11:00:00,74.3,74.3,44.1,33.99,0,0,,0,0,11.6,6.9,105,1018.9,79.6,2.8,564.9,2,6,,Partially cloudy,partly-cloudy-day,"VABP,42667099999,42763099999"
"Bhopal, Madhya Pradesh, India",2024-01-28T12:00:00,77.1,77.1,39.3,25.72,0,0,,0,0,11.9,3.4,100,1019,0,3.7,707.6,2.5,7,,Clear,clear-day,42667099999
"Bhopal, Madhya Pradesh, India",2024-01-28T13:00:00,78.8,78.8,44.6,29.82,0,0,,0,0,12.3,4.7,200,1018,0,3.7,778.5,2.8,8,,Clear,clear-day,"VABP,42667099999"
"Bhopal, Madhya Pradesh, India",2024-01-28T14:00:00,81.1,79.8,45.8,28.93,0,0,,0,0,11.6,6.9,179,1015.7,50,3.1,776.5,2.8,8,,Partially cloudy,partly-cloudy-day,"VABP,42667099999,42763099999"
"Bhopal, Madhya Pradesh, India",2024-01-28T15:00:00,80.1,79.6,49.5,34.38,0,0,,0,0,11.6,4,198.9,1016,68.1,,706.8,2.5,7,,Partially cloudy,partly-cloudy-day,remote
"Bhopal, Madhya Pradesh, India",2024-01-28T16:00:00,78.8,78.8,44.6,29.82,0,0,,0,0,11.2,6.9,200,1017,0,3.7,571,2.1,6,,Clear,clear-day,"VABP,42667099999"
"Bhopal, Madhya Pradesh, India",2024-01-28T17:00:00,76.3,76.3,48.4,37.37,0,0,,0,0,10.7,4.6,180,1015.8,78.4,3.2,380.4,1.4,4,,Partially cloudy,partly-cloudy-day,"VABP,42672099999,42667099999,42763099999"
"Bhopal, Madhya Pradesh, India",2024-01-28T18:00:00,73.4,73.4,46.4,38.21,0,0,,0,0,8.3,4.7,160,1017,0,3.7,167.6,0.6,2,,Clear,clear-day,"VABP,42667099999"
"Bhopal, Madhya Pradesh, India",2024-01-28T19:00:00,69.8,69.8,48.2,46.19,0,0,,0,0,7.8,5.8,140,1018,0,3.7,14.8,0.1,0,,Clear,clear-night,"VABP,42667099999"
"Bhopal, Madhya Pradesh, India",2024-01-28T20:00:00,66.7,66.7,50.1,55.12,0,0,,0,0,8.1,2.2,160,1017.5,27.3,3.2,0,0,0,,Partially cloudy,partly-cloudy-night,"VABP,42667099999"
"Bhopal, Madhya Pradesh, India",2024-01-28T21:00:00,64.4,64.4,51.8,63.62,0,0,,0,0,7.8,2.2,120,1019,0,3.7,0,0,0,,Clear,clear-night,"VABP,42667099999"
"Bhopal, Madhya Pradesh, India",2024-01-28T22:00:00,64.7,64.7,55.8,73.08,0,0,,0,0,8.1,5.4,152.9,1017,96.6,,0,0,0,,Overcast,cloudy,remote
"Bhopal, Madhya Pradesh, India",2024-01-28T23:00:00,61.4,61.4,53,73.73,0,0,,0,0,8.3,2.2,160,1018.1,91.5,2.5,0,0,0,,Overcast,cloudy,42667099999
"Bhopal, Madhya Pradesh, India",2024-01-29T00:00:00,62.3,62.3,55.3,77.79,0,0,,0,0,8.5,6,157.9,1018,95.5,,0,0,0,,Overcast,cloudy,remote
"Bhopal, Madhya Pradesh, India",2024-01-29T01:00:00,61.8,61.8,55.3,79.29,0,0,,0,0,8.1,5.6,164,1017,92.3,,0,0,0,,Overcast,cloudy,remote
"Bhopal, Madhya Pradesh, India",2024-01-29T02:00:00,59.6,59.6,50.3,71.14,0,0,,0,0,7.8,2.2,160,1017.3,93.1,2.5,0,0,0,,Overcast,cloudy,42667099999
"Bhopal, Madhya Pradesh, India",2024-01-29T03:00:00,59.1,59.1,54.6,85.02,0,0,,0,0,7.8,5.4,180.6,1016,92.4,,0,0,0,,Overcast,cloudy,remote
"Bhopal, Madhya Pradesh, India",2024-01-29T04:00:00,57.3,57.3,54.4,90.09,0,0,,0,0,8.1,5.8,203.8,1017,94.3,,0,0,0,,Overcast,cloudy,remote
"Bhopal, Madhya Pradesh, India",2024-01-29T05:00:00,55.5,55.5,55.1,98.7,0,0,,0,0,7.4,0,232.5,1017.4,30,2.5,0,0,0,,Partially cloudy,partly-cloudy-night,42667099999
"Bhopal, Madhya Pradesh, India",2024-01-29T06:00:00,59,59,57.2,93.75,0,0,,0,0,7.2,0,0,1018,0,2.5,0,0,0,,Clear,clear-night,"VABP,42667099999"
"Bhopal, Madhya Pradesh, India",2024-01-29T07:00:00,57.2,57.2,57.2,100,0,0,,0,0,7.6,3.4,170,1018,50,1.9,0,0,0,,Partially cloudy,partly-cloudy-night,"VABP,42667099999"
"Bhopal, Madhya Pradesh, India",2024-01-29T08:00:00,59.2,59.2,55.7,88.16,0,0,,0,0,7.8,4.6,200,1018.8,80.1,1.6,9.2,0,0,,Partially cloudy,partly-cloudy-day,"VABP,42672099999,42667099999,42763099999"
"Bhopal, Madhya Pradesh, India",2024-01-29T09:00:00,68,68,48.2,49.13,0,0,,0,0,9.4,10.3,260,1020,0,2.5,141,0.5,1,,Clear,clear-day,"VABP,42667099999"
"Bhopal, Madhya Pradesh, India",2024-01-29T10:00:00,61.1,61.1,53.1,75.17,0,0,,0,0,9.8,4,278.7,1019,94.8,,344,1.2,3,,Overcast,cloudy,remote
"Bhopal, Madhya Pradesh, India",2024-01-29T11:00:00,73.6,73.6,44.5,35.26,0,0,,0,0,11.9,8,270,1018.3,60.2,2.8,538.1,1.9,5,,Partially cloudy,partly-cloudy-day,"VABP,42667099999,42763099999"
"Bhopal, Madhya Pradesh, India",2024-01-29T12:00:00,75.2,75.2,44.6,33.6,0,0,,0,0,13.4,124.4,310,1018,0,3.1,684.5,2.5,7,,Clear,wind,"VABP,42667099999"
"Bhopal, Madhya Pradesh, India",2024-01-29T13:00:00,77,77,44.6,31.65,0,0,,0,0,15.4,12.8,290,1017,0,3.1,768.3,2.8,8,,Clear,clear-day,"VABP,42667099999"
"Bhopal, Madhya Pradesh, India",2024-01-29T14:00:00,79,79,45.3,30.42,0,0,,0,0,16.6,9.1,270,1014.8,60.2,2.8,763.3,2.7,8,,Partially cloudy,partly-cloudy-day,"VABP,42667099999,42763099999"
"Bhopal, Madhya Pradesh, India",2024-01-29T15:00:00,77,77,44.6,31.65,0,0,,0,0,16.8,9.2,260,1016,0,3.7,691.4,2.5,7,,Clear,clear-day,"VABP,42667099999"
"Bhopal, Madhya Pradesh, India",2024-01-29T16:00:00,77,77,44.6,31.65,0,0,,0,0,16.6,10.3,250,1016,0,3.7,548.9,2,5,,Clear,clear-day,"VABP,42667099999"
"Bhopal, Madhya Pradesh, India",2024-01-29T17:00:00,75.5,75.5,45.4,34.37,0,0,,0,0,15.2,6.8,265,1014.9,59.5,3.2,348.7,1.3,3,,Partially cloudy,partly-cloudy-day,"VABP,42672099999,42667099999,42763099999"
"Bhopal, Madhya Pradesh, India",2024-01-29T18:00:00,69.8,69.8,46.4,43.17,0,0,,0,0,10.3,3.4,240,1017,0,3.7,156.5,0.6,2,,Clear,clear-day,"VABP,42667099999"
"Bhopal, Madhya Pradesh, India",2024-01-29T19:00:00,66.2,66.2,48.2,52.28,0,0,,0,0,8.5,0,0,1017,0,3.7,15.2,0.1,0,,Clear,clear-night,"VABP,42667099999"
"Bhopal, Madhya Pradesh, India",2024-01-29T20:00:00,66.2,66.2,50.8,57.58,0,0,,0,0,8.5,0,0,1017.6,30,3.2,0,0,0,,Partially cloudy,partly-cloudy-night,"VABP,42667099999"
"Bhopal, Madhya Pradesh, India",2024-01-29T21:00:00,66.2,66.2,48.2,52.28,0,0,,0,0,8.5,3.4,310,1019,0,3.7,0,0,0,,Clear,clear-night,"VABP,42667099999"
"Bhopal, Madhya Pradesh, India",2024-01-29T22:00:00,64.1,64.1,53,67.05,0,0,,0,0,8.5,5.4,357.7,1017,99.1,,0,0,0,,Overcast,cloudy,remote
"Bhopal, Madhya Pradesh, India",2024-01-29T23:00:00,60.9,60.9,50.4,68.42,0,0,,0,0,8.5,4.7,320,1018.5,99,2.8,0,0,0,,Overcast,cloudy,"VABP,42667099999"
"Bhopal, Madhya Pradesh, India",2024-01-30T00:00:00,60,60,52.1,75.07,0,0,,0,0,8.3,4.5,357.7,1017,100,,0,0,0,,Overcast,cloudy,remote
"Bhopal, Madhya Pradesh, India",2024-01-30T01:00:00,59.4,59.4,51.7,75.52,0,0,,0,0,8.1,4.5,355.1,1017,91.1,,0,0,0,,Overcast,cloudy,remote
"Bhopal, Madhya Pradesh, India",2024-01-30T02:00:00,57.5,57.5,53,84.92,0,0,,0,0,7.4,0,359.6,1016.7,100,2.5,0,0,0,,Overcast,cloudy,42667099999
"Bhopal, Madhya Pradesh, India",2024-01-30T03:00:00,58.2,58.2,51.2,77.44,0,0,,0,0,7.2,4.5,5.9,1016,99,,0,0,0,,Overcast,cloudy,remote
"Bhopal, Madhya Pradesh, India",2024-01-30T04:00:00,56.7,56.7,51.2,81.56,0,0,,0,0,7.6,4.7,11.4,1016,98,,0,0,0,,Overcast,cloudy,remote
"Bhopal, Madhya Pradesh, India",2024-01-30T05:00:00,56.9,56.9,53.4,88.14,0,0,,0,0,7.6,3.4,20,1016.9,100,2.5,0,0,0,,Overcast,cloudy,"VABP,42667099999"
"Bhopal, Madhya Pradesh, India",2024-01-30T06:00:00,55.4,55.4,55.4,100,0,0,,0,0,7.6,2.2,20,1017,27.3,2.5,0,0,0,,Partially cloudy,partly-cloudy-night,"VABP,42667099999"
"Bhopal, Madhya Pradesh, India",2024-01-30T07:00:00,57.2,57.2,57.2,100,0,0,,0,0,7.4,2.2,40,1018,27.3,1.2,0,0,0,,Partially cloudy,partly-cloudy-night,"VABP,42667099999"
"Bhopal, Madhya Pradesh, India",2024-01-30T08:00:00,59.2,59.2,57.2,93.25,0,0,,0,0,7.2,0,0,1018.6,60.3,1,9.4,0,0,,Partially cloudy,partly-cloudy-day,"VABP,42672099999,42667099999,42763099999"
"Bhopal, Madhya Pradesh, India",2024-01-30T09:00:00,68,68,64.4,88.27,0,0,,0,0,8.9,2.2,80,1019,0,1.9,140.1,0.5,1,,Clear,clear-day,"VABP,42667099999"
"Bhopal, Madhya Pradesh, India",2024-01-30T10:00:00,58,58,53,83.29,0,0,,0,0,10.1,3.8,66.6,1019,92.5,,328.1,1.2,3,,Overcast,cloudy,remote
"Bhopal, Madhya Pradesh, India",2024-01-30T11:00:00,72.5,72.5,53.6,51.4,0,0,,0,0,11,6.9,70,1018,30,1.6,483.2,1.7,5,,Partially cloudy,partly-cloudy-day,"VABP,42667099999,42763099999"
"Bhopal, Madhya Pradesh, India",2024-01-30T12:00:00,75.2,75.2,44.6,33.6,0,0,,0,0,11.9,6.9,10,1018,0,2.5,660.5,2.4,7,,Clear,clear-day,"VABP,42667099999"
"Bhopal, Madhya Pradesh, India",2024-01-30T13:00:00,75.2,75.2,44.6,33.6,0,0,,0,0,11.9,8.1,20,1017,0,3.7,754.4,2.7,8,,Clear,clear-day,"VABP,42667099999"
"Bhopal, Madhya Pradesh, India",2024-01-30T14:00:00,77.1,77.1,41.3,27.77,0,0,,0,0,10.7,8,6,1014.7,100,3.1,745.9,2.7,7,,Overcast,cloudy,"VABP,42667099999,42763099999"
"Bhopal, Madhya Pradesh, India",2024-01-30T15:00:00,75.2,75.2,48.2,38.49,0,0,,0,0,8.7,6.9,340,1016,0,3.7,691.4,2.5,7,,Clear,clear-day,"VABP,42667099999"
"Bhopal, Madhya Pradesh, India",2024-01-30T16:00:00,75.2,75.2,42.8,31.37,0,0,,0,0,7.6,6.9,360,1016,50,3.7,570.2,2.1,6,,Partially cloudy,partly-cloudy-day,"VABP,42667099999"
"Bhopal, Madhya Pradesh, India",2024-01-30T17:00:00,73.9,73.9,46.3,37.43,0,0,,0,0,7.4,4.6,20,1014,75.2,3.1,346.8,1.2,3,,Partially cloudy,partly-cloudy-day,"VABP,42672099999,42667099999,42763099999"
"Bhopal, Madhya Pradesh, India",2024-01-30T18:00:00,71.6,71.6,48.2,43.45,0,0,,0,0,6,4.7,350,1016,50,3.1,127.9,0.5,1,,Partially cloudy,partly-cloudy-day,"VABP,42667099999"
"Bhopal, Madhya Pradesh, India",2024-01-30T19:00:00,66.2,66.2,50,55.91,0,0,,0,0,6,2.2,340,1017,0,3.1,10.3,0,0,,Clear,clear-night,"VABP,42667099999"
"Bhopal, Madhya Pradesh, India",2024-01-30T20:00:00,64.4,64.4,46.9,53.09,0,0,,0,0,6.5,3.4,360,1016.7,50,2.8,0,0,0,,Partially cloudy,partly-cloudy-night,"VABP,42667099999"
"Bhopal, Madhya Pradesh, India",2024-01-30T21:00:00,62.6,62.6,50,63.4,0,0,,0,0,7.4,2.2,130,1018,50,3.1,0,0,0,,Partially cloudy,partly-cloudy-night,"VABP,42667099999"
"Bhopal, Madhya Pradesh, India",2024-01-30T22:00:00,63.4,63.4,53.7,70.6,0,0,,0,0,7.6,5.8,34.2,1017,95.7,,0,0,0,,Overcast,cloudy,remote
"Bhopal, Madhya Pradesh, India",2024-01-30T23:00:00,62.8,62.8,51.8,67.17,0,0,,0,0,7.8,2.2,20,1016.7,45.4,2.8,0,0,0,,Partially cloudy,partly-cloudy-night,"VABP,42667099999"
"Bhopal, Madhya Pradesh, India",2024-01-31T00:00:00,60.9,60.9,53.3,76.15,0,0,,0,0,8.3,6.3,43.7,1016,96,,0,0,0,,Overcast,cloudy,remote
"Bhopal, Madhya Pradesh, India",2024-01-31T01:00:00,61.1,61.1,52.6,73.7,0,0,,0,0,8.3,5.6,41.7,1016,94.8,,0,0,0,,Overcast,cloudy,remote
"Bhopal, Madhya Pradesh, India",2024-01-31T02:00:00,60.5,60.5,51.5,72.19,0,0,,0,0,7.8,1.1,70,1015.8,40,1.2,0,0,0,,Partially cloudy,partly-cloudy-night,42667099999
"Bhopal, Madhya Pradesh, India",2024-01-31T03:00:00,60.2,60.2,52.2,75.09,0,0,,0,0,7.6,4.7,49.8,1016,96.2,,0,0,0,,Overcast,cloudy,remote
"Bhopal, Madhya Pradesh, India",2024-01-31T04:00:00,58,58,52.6,82.19,0,0,,0,0,7.4,4.7,45.9,1015,96.7,,0,0,0,,Overcast,cloudy,remote
"Bhopal, Madhya Pradesh, India",2024-01-31T05:00:00,59.3,59.3,54.2,83.37,0,0,,0,0,7.4,1.1,90,1015.2,50,2.5,0,0,0,,Partially cloudy,partly-cloudy-night,42667099999
"Bhopal, Madhya Pradesh, India",2024-01-31T06:00:00,57.2,57.2,55.4,93.7,0,0,,0,0,7.4,5.8,330,1016,50,1.2,0,0,0,,Partially cloudy,partly-cloudy-night,"VABP,42667099999"
"Bhopal, Madhya Pradesh, India",2024-01-31T07:00:00,59,59,57.2,93.75,0,0,,0,0,7.2,2.2,30,1017,50,1.2,0,0,0,,Partially cloudy,partly-cloudy-night,"VABP,42667099999"
"Bhopal, Madhya Pradesh, India",2024-01-31T08:00:00,60,60,57.1,89.94,0,0,,0,0,7.4,3.3,355,1017.6,31.3,1.3,8.6,0,0,,Partially cloudy,partly-cloudy-day,"VABP,42672099999,42667099999,42763099999"
"Bhopal, Madhya Pradesh, India",2024-01-31T09:00:00,68,68,53.6,60,0,0,,0,0,9.8,5.8,70,1018,50,1.9,112.4,0.4,1,,Partially cloudy,partly-cloudy-day,"VABP,42667099999"
"Bhopal, Madhya Pradesh, India",2024-01-31T10:00:00,71.6,71.6,50,46.46,0,0,,0,0,11.4,6.9,80,1018,50,2.5,274.1,1,3,,Partially cloudy,partly-cloudy-day,"VABP,42667099999"
"Bhopal, Madhya Pradesh, India",2024-01-31T11:00:00,74.2,74.2,48.7,40.59,0,0,,0,0,12.3,6.9,110,1017,50.2,2.8,428.8,1.5,4,,Partially cloudy,partly-cloudy-day,"VABP,42667099999,42763099999"
"Bhopal, Madhya Pradesh, India",2024-01-31T12:00:00,75.2,75.2,46.4,35.97,0,0,,0,0,12.8,5.8,70,1016,50,3.1,599.7,2.2,6,,Partially cloudy,partly-cloudy-day,"VABP,42667099999"
"Bhopal, Madhya Pradesh, India",2024-01-31T13:00:00,77,77,48.2,36.26,0,0,,0,0,12.8,2.2,90,1015,50,3.1,721.3,2.6,7,,Partially cloudy,partly-cloudy-day,"VABP,42667099999"
"Bhopal, Madhya Pradesh, India",2024-01-31T14:00:00,77.7,77.7,49.4,37.03,0,0,,0,0,11.2,5.8,320,1013,50,3.1,740.7,2.7,7,,Partially cloudy,partly-cloudy-day,"VABP,42667099999,42763099999"
"Bhopal, Madhya Pradesh, India",2024-01-31T15:00:00,77,77,48.2,36.26,0,0,,0,0,9.6,9.2,320,1014,0,3.7,695.6,2.5,7,,Clear,clear-day,"VABP,42667099999"
"Bhopal, Madhya Pradesh, India",2024-01-31T16:00:00,77,77,44.6,31.65,0,0,,0,0,9.2,8.1,300,1014,0,3.7,569.5,2.1,6,,Clear,clear-day,"VABP,42667099999"
"Bhopal, Madhya Pradesh, India",2024-01-31T17:00:00,75,75,47.6,37.81,0,0,,0,0,8.5,5.7,315,1013.1,33,3.2,356.6,1.3,4,,Partially cloudy,partly-cloudy-day,"VABP,42672099999,42667099999,42763099999"
"Bhopal, Madhya Pradesh, India",2024-01-31T18:00:00,69.8,69.8,46.4,43.17,0,0,,0,0,6.7,2.2,30,1015,0,3.7,161.5,0.6,2,,Clear,clear-day,"VABP,42667099999"
"Bhopal, Madhya Pradesh, India",2024-01-31T19:00:00,68,68,48.2,49.13,0,0,,0,0,3.4,3.4,20,1015,0,3.7,15.7,0.1,0,,Clear,clear-night,"VABP,42667099999"
"Bhopal, Madhya Pradesh, India",2024-01-31T20:00:00,66.4,66.4,52.5,60.81,0,0,,0,0,5.1,2.2,110,1015.2,30,3.2,0,0,0,,Partially cloudy,partly-cloudy-night,"VABP,42667099999"
"Bhopal, Madhya Pradesh, India",2024-01-31T21:00:00,62.6,62.6,51.8,67.77,0,0,,0,0,6.3,2.2,110,1016,0,3.7,0,0,0,,Clear,clear-night,"VABP,42667099999"
"Bhopal, Madhya Pradesh, India",2024-01-31T22:00:00,66.3,66.3,56.6,70.91,0,0,,0,0,6.3,3.6,151,1015,6.9,,0,0,0,,Clear,clear-night,remote
"Bhopal, Madhya Pradesh, India",2024-01-31T23:00:00,61.6,61.6,57.9,87.45,0,0,,0,0,6.3,2.2,140,1015.7,30,2.8,0,0,0,,Partially cloudy,partly-cloudy-night,"VABP,42667099999"
