name,datetime,temp,feelslike,dew,humidity,precip,precipprob,preciptype,snow,snowdepth,windgust,windspeed,winddir,sealevelpressure,cloudcover,visibility,solarradiation,solarenergy,uvindex,severerisk,conditions,icon,stations
"Bhopal, Madhya Pradesh, India",2025-08-01T00:00:00,75.3,75.3,71.7,88.6,0,0,,0,0,8.5,8.1,230,1006,93.5,3.1,0,0,0,,Overcast,cloudy,"VABP,INMU0020417,42667099999,INI0000VABP"
"Bhopal, Madhya Pradesh, India",2025-08-01T01:00:00,75.3,75.3,71.7,88.6,0,0,,0,0,11,6.9,230,1006,93.5,3.1,0,0,0,,Overcast,cloudy,"VABP,INMU0020417,42667099999,INI0000VABP"
"Bhopal, Madhya Pradesh, India",2025-08-01T02:00:00,75.8,75.8,72.7,90.18,0,0,,0,0,12.5,6.9,230,1002.6,78.1,2.5,0,0,0,,Partially cloudy,partly-cloudy-night,"VABP,INMU0020417,42667099999,INI0000VABP"
"Bhopal, Madhya Pradesh, India",2025-08-01T03:00:00,75.5,75.5,73.1,92.46,0,0,,0,0,13.9,7.8,240.4,1004,100,,0,0,0,,Overcast,cloudy,remote
"Bhopal, Madhya Pradesh, India",2025-08-01T04:00:00,73.5,73.5,69.9,88.52,0,0,,0,0,14.8,8.1,230,1005,93.5,3.1,0,0,0,,Overcast,cloudy,"VABP,INMU0020417,42667099999,INI0000VABP"
"Bhopal, Madhya Pradesh, India",2025-08-01T05:00:00,73.6,73.6,70,88.66,0,0,,0,0,15.2,8.1,230,1002.6,93.5,3.1,0,0,0,,Overcast,cloudy,"VABP,INMU0020417,42667099999,INI0000VABP"
"Bhopal, Madhya Pradesh, India",2025-08-01T06:00:00,73.5,73.5,71.7,94.11,0,0,,0,0,15.7,8.1,230,1005,96.3,2.5,0,0,0,,Overcast,cloudy,"VABP,INMU0020417,42667099999,INI0000VABP"
"Bhopal, Madhya Pradesh, India",2025-08-01T07:00:00,73.5,73.5,71.7,94.11,0,0,,0,0,15.7,9.2,230,1006,94.5,2.5,2.1,0,0,,Overcast,cloudy,"VABP,INMU0020417,42667099999,INI0000VABP"
"Bhopal, Madhya Pradesh, India",2025-08-01T08:00:00,75.4,75.4,71.7,88.52,0,0,,0,0,16.3,10.3,230,1004.1,94.9,2.4,18.3,0.1,0,,Overcast,cloudy,"VABP,INMU0020417,42672099999,42667099999,42763099999,INI0000VABP"
"Bhopal, Madhya Pradesh, India",2025-08-01T09:00:00,77.1,77.1,71.7,83.46,0,0,,0,0,17.7,11.4,250,1007,94.5,2.5,48.6,0.2,0,,Overcast,cloudy,"VABP,INMU0020417,42667099999,INI0000VABP"
"Bhopal, Madhya Pradesh, India",2025-08-01T10:00:00,74.7,74.7,72.9,94.14,0.035,100,rain,0,0,18.6,9.4,243.1,1005,100,,62.8,0.2,1,,"Rain, Overcast",rain,remote
"Bhopal, Madhya Pradesh, India",2025-08-01T11:00:00,79,79,71.8,78.77,0,0,,0,0,18.6,10.3,250,1004.1,96.7,3.1,97.2,0.3,1,,Overcast,cloudy,"VABP,INM00042763,INMU0020417,42667099999,42763099999,INI0000VABP"
"Bhopal, Madhya Pradesh, India",2025-08-01T12:00:00,80.7,84.7,71.7,74.14,0,0,,0,0,19,11.4,250,1006,96.3,3.1,152.2,0.5,2,,Overcast,cloudy,"VABP,INMU0020417,42667099999,INI0000VABP"
"Bhopal, Madhya Pradesh, India",2025-08-01T13:00:00,82.5,87.3,71.7,69.93,0,0,,0,0,21.9,11.4,260,1006,96.3,3.1,191.3,0.7,2,,Overcast,cloudy,"VABP,INMU0020417,42667099999,INI0000VABP"
"Bhopal, Madhya Pradesh, India",2025-08-01T14:00:00,82.6,96.4,82.1,98.35,0,0,,0,0,21.5,11.4,250,1001.5,94.5,3.1,225.2,0.8,2,,Overcast,cloudy,"VABP,INM00042763,INMU0020417,42667099999,42763099999,INI0000VABP"
"Bhopal, Madhya Pradesh, India",2025-08-01T15:00:00,84.3,101.1,82.5,94.36,0,0,,0,0,21.9,11.4,250,1005,96.3,3.1,332.8,1.2,3,,Overcast,cloudy,"VABP,INMU0020417,42667099999,INI0000VABP"
"Bhopal, Madhya Pradesh, India",2025-08-01T16:00:00,83.4,90.9,74.9,75.75,0.004,100,rain,0,0,22.4,11.6,275,1003,43,,424.6,1.5,4,,"Rain, Partially cloudy",rain,remote
"Bhopal, Madhya Pradesh, India",2025-08-01T17:00:00,82.6,96.3,82.1,98.25,0,0,,0,0,22.1,10.3,250,1000.9,96.2,3.1,389.7,1.4,4,,Overcast,cloudy,"VABP,INMU0020417,42672099999,42667099999,42763099999,INI0000VABP"
"Bhopal, Madhya Pradesh, India",2025-08-01T18:00:00,80.7,89.6,80.7,100,0,0,,0,0,20.1,8.1,250,1005,93.5,3.1,256.8,0.9,3,,Overcast,cloudy,"VABP,INMU0020417,42667099999,INI0000VABP"
"Bhopal, Madhya Pradesh, India",2025-08-01T19:00:00,78.9,78.9,78.9,100,0,0,,0,0,14.3,4.7,220,1006,93.5,3.1,94.2,0.3,1,,Overcast,cloudy,"VABP,INMU0020417,42667099999,INI0000VABP"
"Bhopal, Madhya Pradesh, India",2025-08-01T20:00:00,77.2,77.2,76.7,98.46,0,0,,0,0,10.7,4.7,220,1003.3,93.5,3.1,7.1,0,0,,Overcast,cloudy,"VABP,INMU0020417,42667099999,INI0000VABP"
"Bhopal, Madhya Pradesh, India",2025-08-01T21:00:00,78.7,78.7,74,85.6,0,0,,0,0,8.9,5.4,274,1005,76.7,,0,0,0,,Partially cloudy,partly-cloudy-night,remote
"Bhopal, Madhya Pradesh, India",2025-08-01T22:00:00,77.1,77.1,75.3,94.19,0,0,,0,0,8.3,5.8,240,1007,93.5,3.1,0,0,0,,Overcast,cloudy,"VABP,INMU0020417,42667099999,INI0000VABP"
"Bhopal, Madhya Pradesh, India",2025-08-01T23:00:00,75.4,75.4,71.8,88.7,0,0,,0,0,7.8,4.7,230,1004.1,93.5,3.1,0,0,0,,Overcast,cloudy,"VABP,INMU0020417,42667099999,INI0000VABP"
"Bhopal, Madhya Pradesh, India",2025-08-02T00:00:00,73.5,73.5,71.7,94.11,0,0,,0,0,8.7,4.7,230,1006,93.5,3.1,0,0,0,,Overcast,cloudy,"VABP,INMU0020417,42667099999,INI0000VABP"
"Bhopal, Madhya Pradesh, India",2025-08-02T01:00:00,73.5,73.5,71.7,94.11,0,0,,0,0,9.4,5.8,230,1006,93.5,3.1,0,0,0,,Overcast,cloudy,"VABP,INMU0020417,42667099999,INI0000VABP"
"Bhopal, Madhya Pradesh, India",2025-08-02T02:00:00,73.6,73.6,71.7,93.92,0,0,,0,0,10.5,6.9,230,1003.1,93.5,3.1,0,0,0,,Overcast,cloudy,"VABP,INMU0020417,42667099999,INI0000VABP"
"Bhopal, Madhya Pradesh, India",2025-08-02T03:00:00,76.4,76.4,72.9,89.19,0,0,,0,0,11.6,6.9,258.9,1004,21,,0,0,0,,Partially cloudy,partly-cloudy-night,remote
"Bhopal, Madhya Pradesh, India",2025-08-02T04:00:00,73.5,73.5,71.7,94.11,0,0,,0,0,12.3,6.9,230,1005,93.5,3.1,0,0,0,,Overcast,cloudy,"VABP,INMU0020417,42667099999,INI0000VABP"
"Bhopal, Madhya Pradesh, India",2025-08-02T05:00:00,73.6,73.6,71.7,93.92,0,0,,0,0,12.8,8.1,230,1002.6,93.5,3.1,0,0,0,,Overcast,cloudy,"VABP,INMU0020417,42667099999,INI0000VABP"
"Bhopal, Madhya Pradesh, India",2025-08-02T06:00:00,73.5,73.5,71.7,94.11,0,0,,0,0,13,8.1,230,1006,93.5,3.1,0,0,0,,Overcast,cloudy,"VABP,INMU0020417,42667099999,INI0000VABP"
"Bhopal, Madhya Pradesh, India",2025-08-02T07:00:00,75.3,75.3,71.7,88.6,0,0,,0,0,14.3,10.3,240,1007,93.5,3.1,9.7,0,0,,Overcast,cloudy,"VABP,INMU0020417,42667099999,INI0000VABP"
"Bhopal, Madhya Pradesh, India",2025-08-02T08:00:00,75.4,75.4,71.8,88.56,0,0,,0,0,15.7,12.7,240,1004.4,93.5,3.1,107.3,0.4,1,,Overcast,cloudy,"VABP,INMU0020417,42672099999,42667099999,42763099999,INI0000VABP"
"Bhopal, Madhya Pradesh, India",2025-08-02T09:00:00,78.9,78.9,77.1,94.23,0,0,,0,0,22.4,12.8,250,1008,93.5,3.1,242.6,0.9,2,,Overcast,cloudy,"VABP,INMU0020417,42667099999,INI0000VABP"
"Bhopal, Madhya Pradesh, India",2025-08-02T10:00:00,78.9,78.9,78.9,100,0,0,,0,0,20.6,9.2,240,1008,93.5,3.1,250,0.9,3,,Overcast,cloudy,"VABP,INMU0020417,42667099999,INI0000VABP"
"Bhopal, Madhya Pradesh, India",2025-08-02T11:00:00,79,79,78.7,98.86,0,0,,0,0,22.6,10.3,230,1004.6,96.2,3.1,485,1.7,5,,Overcast,cloudy,"VABP,INM00042763,INMU0020417,42667099999,42763099999,INI0000VABP"
"Bhopal, Madhya Pradesh, India",2025-08-02T12:00:00,82.5,94.4,80.7,94.32,0,0,,0,0,22.4,10.3,250,1007,96.3,3.1,655.5,2.4,7,,Overcast,cloudy,"VABP,INMU0020417,42667099999,INI0000VABP"
"Bhopal, Madhya Pradesh, India",2025-08-02T13:00:00,80.7,89.6,80.7,100,0,0,,0,0,19.5,6.9,240,1006,96.3,3.1,578.8,2.1,6,,Overcast,cloudy,"VABP,INMU0020417,42667099999,INI0000VABP"
"Bhopal, Madhya Pradesh, India",2025-08-02T14:00:00,82.5,88.5,73.5,74.41,0,0,,0,0,19,11.4,230,1002.3,73.5,3.1,511.1,1.8,5,,Partially cloudy,partly-cloudy-day,"VABP,INM00042763,INMU0020417,42667099999,42763099999,INI0000VABP"
"Bhopal, Madhya Pradesh, India",2025-08-02T15:00:00,83,91.2,76,79.44,0.016,100,rain,0,0,21,10.1,278.4,1004,97.9,,474.5,1.7,5,,"Rain, Overcast",rain,remote
"Bhopal, Madhya Pradesh, India",2025-08-02T16:00:00,82.5,88.4,73.5,74.31,0,0,,0,0,21.3,10.3,270,1005,73.5,3.1,380.1,1.4,4,,Partially cloudy,partly-cloudy-day,"VABP,INMU0020417,42667099999,INI0000VABP"
"Bhopal, Madhya Pradesh, India",2025-08-02T17:00:00,80.8,85.7,73.6,78.75,0,0,,0,0,20.4,9.2,250,1001.8,73.5,3.1,280,1,3,,Partially cloudy,partly-cloudy-day,"VABP,INMU0020417,42672099999,42667099999,42763099999,INI0000VABP"
"Bhopal, Madhya Pradesh, India",2025-08-02T18:00:00,78.9,78.9,73.5,83.57,0,0,,0,0,19.7,6.9,290,1006,73.5,3.1,178.9,0.6,2,,Partially cloudy,partly-cloudy-day,"VABP,INMU0020417,42667099999,INI0000VABP"
"Bhopal, Madhya Pradesh, India",2025-08-02T19:00:00,78.9,78.9,73.5,83.57,0,0,,0,0,15.7,5.8,260,1006,93.5,3.1,74,0.3,1,,Overcast,cloudy,"VABP,INMU0020417,42667099999,INI0000VABP"
"Bhopal, Madhya Pradesh, India",2025-08-02T20:00:00,77.2,77.2,73.6,88.58,0,0,,0,0,11.4,3.4,270,1004,93.1,3.1,6,0,0,,Overcast,cloudy,"VABP,INMU0020417,42667099999,INI0000VABP"
"Bhopal, Madhya Pradesh, India",2025-08-02T21:00:00,77.1,77.1,71.7,83.46,0,0,,0,0,8.9,5.8,250,1007,93.5,3.1,0,0,0,,Overcast,cloudy,"VABP,INMU0020417,42667099999,INI0000VABP"
"Bhopal, Madhya Pradesh, India",2025-08-02T22:00:00,75.3,75.3,71.7,88.6,0,0,,0,0,7.2,5.8,220,1007,93.5,2.5,0,0,0,,Overcast,cloudy,"VABP,INMU0020417,42667099999,INI0000VABP"
"Bhopal, Madhya Pradesh, India",2025-08-02T23:00:00,75.4,75.4,71.8,88.52,0,0,,0,0,6.5,2.2,200,1004.9,93.1,2.4,0,0,0,,Overcast,cloudy,"VABP,INMU0020417,42667099999,INI0000VABP"
"Bhopal, Madhya Pradesh, India",2025-08-03T00:00:00,75.3,75.3,71.7,88.6,0,0,,0,0,5.8,4.7,200,1007,93.5,2.5,0,0,0,,Overcast,cloudy,"VABP,INMU0020417,42667099999,INI0000VABP"
"Bhopal, Madhya Pradesh, India",2025-08-03T01:00:00,75.3,75.3,71.7,88.6,0,0,,0,0,6.5,5.8,230,1007,93.5,1.9,0,0,0,,Overcast,cloudy,"VABP,INMU0020417,42667099999,INI0000VABP"
"Bhopal, Madhya Pradesh, India",2025-08-03T02:00:00,77,77,74.3,91.52,0,0,,0,0,8.1,5.8,200,1005,77.7,1.3,0,0,0,,Partially cloudy,partly-cloudy-night,"VABP,INMU0020417,42667099999,INI0000VABP"
"Bhopal, Madhya Pradesh, India",2025-08-03T03:00:00,75.3,75.3,71.7,88.6,0,0,,0,0,8.7,6.9,220,1006,93.5,1.9,0,0,0,,Overcast,cloudy,"VABP,INMU0020417,42667099999,INI0000VABP"
"Bhopal, Madhya Pradesh, India",2025-08-03T04:00:00,75.6,75.6,72.6,90.25,0,0,,0,0,9.6,5.1,243,1005,100,,0,0,0,,Overcast,cloudy,remote
"Bhopal, Madhya Pradesh, India",2025-08-03T05:00:00,75.3,75.3,71.7,88.76,0,0,,0,0,11.4,5.8,260,1003.8,93.1,2.4,0,0,0,,Overcast,cloudy,"VABP,INMU0020417,42667099999,INI0000VABP"
"Bhopal, Madhya Pradesh, India",2025-08-03T06:00:00,75.3,75.3,71.7,88.6,0,0,,0,0,12.5,5.8,240,1007,61.8,2.5,0,0,0,,Partially cloudy,partly-cloudy-day,"VABP,INMU0020417,42667099999,INI0000VABP"
"Bhopal, Madhya Pradesh, India",2025-08-03T07:00:00,75.3,75.3,71.7,88.6,0,0,,0,0,13.6,8.1,240,1008,61.8,2.5,9.7,0,0,,Partially cloudy,partly-cloudy-day,"VABP,INMU0020417,42667099999,INI0000VABP"
"Bhopal, Madhya Pradesh, India",2025-08-03T08:00:00,77.1,77.1,71.7,83.57,0,0,,0,0,14.3,11.4,230,1005.7,62.3,3.1,90,0.3,1,,Partially cloudy,partly-cloudy-day,"VABP,INMU0020417,42672099999,42667099999,42763099999,INI0000VABP"
"Bhopal, Madhya Pradesh, India",2025-08-03T09:00:00,78.9,78.9,71.7,78.65,0,0,,0,0,20.8,12.8,240,1009,93.5,3.1,254.1,0.9,3,,Overcast,cloudy,"VABP,INMU0020417,42667099999,INI0000VABP"
"Bhopal, Madhya Pradesh, India",2025-08-03T10:00:00,80.7,84.7,71.7,74.14,0,0,,0,0,22.1,10.3,240,1009,93.5,3.1,381.2,1.4,4,,Overcast,cloudy,"VABP,INMU0020417,42667099999,INI0000VABP"
"Bhopal, Madhya Pradesh, India",2025-08-03T11:00:00,82.5,87.4,71.8,70.07,0,0,,0,0,21.3,9.2,250,1005.2,94.4,3.1,478.1,1.7,5,,Overcast,cloudy,"VABP,INM00042763,INMU0020417,42667099999,42763099999,INI0000VABP"
"Bhopal, Madhya Pradesh, India",2025-08-03T12:00:00,84.3,89.8,71.7,65.99,0,0,,0,0,21.3,12.8,240,1008,96.3,3.1,648,2.3,6,,Overcast,cloudy,"VABP,INMU0020417,42667099999,INI0000VABP"
"Bhopal, Madhya Pradesh, India",2025-08-03T13:00:00,82.5,87.3,71.7,69.93,0,0,,0,0,17.4,10.3,220,1008,94.5,3.1,628.5,2.3,6,,Overcast,cloudy,"VABP,INMU0020417,42667099999,INI0000VABP"
"Bhopal, Madhya Pradesh, India",2025-08-03T14:00:00,84.3,91.2,73.5,70.06,0,0,,0,0,17.2,10.3,240,1003.9,94.4,3.1,552.7,2,6,,Overcast,cloudy,"VABP,INM00042763,INMU0020417,42667099999,42763099999,INI0000VABP"
"Bhopal, Madhya Pradesh, India",2025-08-03T15:00:00,84.3,91.1,73.5,70.12,0,0,,0,0,17.2,11.4,260,1007,81.7,3.1,541.2,1.9,5,,Partially cloudy,partly-cloudy-day,"VABP,INMU0020417,42667099999,INI0000VABP"
"Bhopal, Madhya Pradesh, India",2025-08-03T16:00:00,84.3,89.8,71.7,65.99,0,0,,0,0,17.9,11.4,260,1006,81.7,3.1,470.2,1.7,5,,Partially cloudy,partly-cloudy-day,"VABP,INMU0020417,42667099999,INI0000VABP"
"Bhopal, Madhya Pradesh, India",2025-08-03T17:00:00,82.6,87.5,71.8,69.93,0,0,,0,0,17.7,10.3,260,1003.2,94.5,3.1,321.5,1.2,3,,Overcast,cloudy,"VABP,INMU0020417,42672099999,42667099999,42763099999,INI0000VABP"
"Bhopal, Madhya Pradesh, India",2025-08-03T18:00:00,83.9,91.3,74.4,73.11,0.004,100,rain,0,0,16.1,5.4,264,1004,100,,162.8,0.6,2,,"Rain, Overcast",rain,remote
"Bhopal, Madhya Pradesh, India",2025-08-03T19:00:00,78.9,78.9,73.5,83.57,0,0,,0,0,12.1,4.7,260,1008,94.5,3.1,65,0.2,1,,Overcast,cloudy,"VABP,INMU0020417,42667099999,INI0000VABP"
"Bhopal, Madhya Pradesh, India",2025-08-03T20:00:00,80.3,85.9,75.8,86.21,0,0,,0,0,9.8,2.2,230,1005.5,77.6,2.5,4.5,0,0,,Partially cloudy,partly-cloudy-night,"INMU0020417,42667099999,INI0000VABP"
"Bhopal, Madhya Pradesh, India",2025-08-03T21:00:00,77.1,77.1,77.1,100,0,0,,0,0,8.5,3.4,200,1009,93.5,3.1,0,0,0,,Overcast,cloudy,"VABP,INMU0020417,42667099999,INI0000VABP"
"Bhopal, Madhya Pradesh, India",2025-08-03T22:00:00,79.4,79.4,75.1,86.68,0,0,,0,0,7.8,3.6,238.6,1007,99.5,,0,0,0,,Overcast,cloudy,remote
"Bhopal, Madhya Pradesh, India",2025-08-03T23:00:00,75.4,75.4,75.3,99.62,0,0,,0,0,7.6,3.4,200,1005.8,93.5,3.1,0,0,0,,Overcast,cloudy,"VABP,INMU0020417,42667099999,INI0000VABP"
"Bhopal, Madhya Pradesh, India",2025-08-04T00:00:00,77.6,77.6,74.7,90.87,0,0,,0,0,8.7,4.5,229.9,1007,100,,0,0,0,,Overcast,cloudy,remote
"Bhopal, Madhya Pradesh, India",2025-08-04T01:00:00,77.6,77.6,74.7,90.87,0,0,,0,0,9.2,5.1,230.4,1007,98.3,,0,0,0,,Overcast,cloudy,remote
"Bhopal, Madhya Pradesh, India",2025-08-04T02:00:00,77.2,77.2,74.9,92.59,0,0,,0,0,10.1,3.4,200,1005.1,78.1,2.5,0,0,0,,Partially cloudy,partly-cloudy-night,"VABP,INMU0020417,42667099999,INI0000VABP"
"Bhopal, Madhya Pradesh, India",2025-08-04T03:00:00,76.9,76.9,73.7,89.76,0,0,,0,0,10.3,5.8,246.2,1006,100,,0,0,0,,Overcast,cloudy,remote
"Bhopal, Madhya Pradesh, India",2025-08-04T04:00:00,75.6,75.6,73.1,91.91,0,0,,0,0,10.5,5.4,256.9,1006,100,,0,0,0,,Overcast,cloudy,remote
"Bhopal, Madhya Pradesh, India",2025-08-04T05:00:00,73.6,73.6,73.5,99.57,0,0,,0,0,11.6,5.8,240,1006.1,93.5,3.1,0,0,0,,Overcast,cloudy,"VABP,INMU0020417,42667099999,INI0000VABP"
"Bhopal, Madhya Pradesh, India",2025-08-04T06:00:00,73.5,73.5,73.5,100,0,0,,0,0,12.1,8.1,220,1009,25.2,3.1,0,0,0,,Partially cloudy,partly-cloudy-day,"VABP,INMU0020417,42667099999,INI0000VABP"
"Bhopal, Madhya Pradesh, India",2025-08-04T07:00:00,77.1,77.1,72.8,86.56,0,0,,0,0,12.1,6,256.6,1008,100,,8.8,0,0,,Overcast,cloudy,remote
"Bhopal, Madhya Pradesh, India",2025-08-04T08:00:00,77.1,77.1,71.7,83.57,0,0,,0,0,12.3,11.4,240,1007.4,62.3,3.1,52.5,0.2,1,,Partially cloudy,partly-cloudy-day,"VABP,INMU0020417,42672099999,42667099999,42763099999,INI0000VABP"
"Bhopal, Madhya Pradesh, India",2025-08-04T09:00:00,78.9,78.9,71.7,78.65,0,0,,0,0,13.4,11.4,240,1010,94.5,3.1,118,0.4,1,,Overcast,cloudy,"VABP,INMU0020417,42667099999,INI0000VABP"
"Bhopal, Madhya Pradesh, India",2025-08-04T10:00:00,80.7,84.7,71.7,74.14,0,0,,0,0,15.7,8.1,250,1010,72.7,3.1,98,0.4,1,,Partially cloudy,partly-cloudy-day,"VABP,INMU0020417,42667099999,INI0000VABP"
"Bhopal, Madhya Pradesh, India",2025-08-04T11:00:00,82.6,87.5,71.8,70.04,0,0,,0,0,16.1,11.4,240,1006.7,93.1,3.1,195.4,0.7,2,,Overcast,cloudy,"VABP,INM00042763,INMU0020417,42667099999,42763099999,INI0000VABP"
"Bhopal, Madhya Pradesh, India",2025-08-04T12:00:00,84.3,91.1,73.5,70.12,0,0,,0,0,15.7,11.4,240,1009,93.5,3.1,163.1,0.6,2,,Overcast,cloudy,"VABP,INMU0020417,42667099999,INI0000VABP"
"Bhopal, Madhya Pradesh, India",2025-08-04T13:00:00,84.3,89.8,71.7,65.99,0,0,,0,0,17,10.3,240,1009,93.5,3.1,411.1,1.5,4,,Overcast,cloudy,"VABP,INMU0020417,42667099999,INI0000VABP"
"Bhopal, Madhya Pradesh, India",2025-08-04T14:00:00,84.4,91.2,73.5,69.91,0,0,,0,0,16.6,9.2,230,1005,96.2,3.1,346.7,1.2,3,,Overcast,cloudy,"VABP,INM00042763,INMU0020417,42667099999,42763099999,INI0000VABP"
"Bhopal, Madhya Pradesh, India",2025-08-04T15:00:00,82.5,87.3,71.7,69.93,0,0,,0,0,16.1,6.9,250,1008,94.5,3.1,394.9,1.4,4,,Overcast,cloudy,"VABP,INMU0020417,42667099999,INI0000VABP"
"Bhopal, Madhya Pradesh, India",2025-08-04T16:00:00,82.5,87.3,71.7,69.93,0,0,,0,0,15.7,8.1,260,1008,94.5,3.1,223.6,0.8,2,,Overcast,cloudy,"VABP,INMU0020417,42667099999,INI0000VABP"
"Bhopal, Madhya Pradesh, India",2025-08-04T17:00:00,82.6,87.5,71.7,69.76,0,0,,0,0,12.8,6.9,250,1004.2,93.5,3.1,113.5,0.4,1,,Overcast,cloudy,"VABP,INMU0020417,42672099999,42667099999,42763099999,INI0000VABP"
"Bhopal, Madhya Pradesh, India",2025-08-04T18:00:00,82.5,87.3,71.7,69.93,0,0,,0,0,9.2,4.7,290,1007,93.5,3.1,83.3,0.3,1,,Overcast,cloudy,"VABP,INMU0020417,42667099999,INI0000VABP"
"Bhopal, Madhya Pradesh, India",2025-08-04T19:00:00,78.9,78.9,73.5,83.57,0,0,,0,0,7.8,3.4,260,1008,94.5,3.1,23.3,0.1,0,,Overcast,cloudy,"VABP,INMU0020417,42667099999,INI0000VABP"
"Bhopal, Madhya Pradesh, India",2025-08-04T20:00:00,79,79,73.6,83.51,0,0,,0,0,6.3,5.8,200,1005.4,73.9,3.1,2.7,0,0,,Partially cloudy,partly-cloudy-night,"VABP,INMU0020417,42667099999,INI0000VABP"
"Bhopal, Madhya Pradesh, India",2025-08-04T21:00:00,78.9,78.9,73.5,83.57,0,0,,0,0,6.7,3.4,200,1009,94.5,3.1,0,0,0,,Overcast,cloudy,"VABP,INMU0020417,42667099999,INI0000VABP"
"Bhopal, Madhya Pradesh, India",2025-08-04T22:00:00,77.1,77.1,73.5,88.68,0,0,,0,0,7.4,3.4,210,1009,94.5,3.1,0,0,0,,Overcast,cloudy,"VABP,INMU0020417,42667099999,INI0000VABP"
"Bhopal, Madhya Pradesh, India",2025-08-04T23:00:00,77.2,77.2,71.8,83.57,0,0,,0,0,7.4,4.7,210,1006.2,93.5,3.1,0,0,0,,Overcast,cloudy,"VABP,INMU0020417,42667099999,INI0000VABP"
"Bhopal, Madhya Pradesh, India",2025-08-05T00:00:00,78,78,74,87.66,0,0,,0,0,7.8,4,228.5,1007,99.5,,0,0,0,,Overcast,cloudy,remote
"Bhopal, Madhya Pradesh, India",2025-08-05T01:00:00,77.1,77.1,71.7,83.46,0,0,,0,0,7.6,5.8,240,1008,93.5,2.5,0,0,0,,Overcast,cloudy,"VABP,INMU0020417,42667099999,INI0000VABP"
"Bhopal, Madhya Pradesh, India",2025-08-05T02:00:00,78.1,78.1,73.4,85.47,0,0,,0,0,7.6,8.1,250,1005.2,78.1,2.5,0,0,0,,Partially cloudy,partly-cloudy-night,"VABP,INMU0020417,42667099999,INI0000VABP"
"Bhopal, Madhya Pradesh, India",2025-08-05T03:00:00,76.6,76.6,73.5,90.29,0,0,,0,0,8.3,4.9,246,1006,98,,0,0,0,,Overcast,cloudy,remote
"Bhopal, Madhya Pradesh, India",2025-08-05T04:00:00,75.3,75.3,71.7,88.6,0,0,,0,0,8.3,6.9,240,1008,93.5,2.5,0,0,0,,Overcast,cloudy,"VABP,INMU0020417,42667099999,INI0000VABP"
"Bhopal, Madhya Pradesh, India",2025-08-05T05:00:00,73.6,73.6,70,88.53,0,0,,0,0,8.3,6.9,250,1005.4,61.8,2.5,0,0,0,,Partially cloudy,partly-cloudy-night,"VABP,INMU0020417,42667099999,INI0000VABP"
"Bhopal, Madhya Pradesh, India",2025-08-05T06:00:00,73.5,73.5,71.7,94.11,0,0,,0,0,8.7,6.9,250,1008,61.8,2.5,0,0,0,,Partially cloudy,partly-cloudy-day,"VABP,INMU0020417,42667099999,INI0000VABP"
"Bhopal, Madhya Pradesh, India",2025-08-05T07:00:00,75.1,75.1,71.5,88.6,0,0,,0,0,9.6,8.1,250,1009,50,2.5,13,0,0,,Partially cloudy,partly-cloudy-day,VABP
"Bhopal, Madhya Pradesh, India",2025-08-05T08:00:00,77.2,77.2,71.8,83.48,0,0,,0,0,11.4,9.2,250,1007.1,93.9,2.4,115.8,0.4,1,,Overcast,cloudy,"VABP,INMU0020417,42672099999,42667099999,42763099999,INI0000VABP"
"Bhopal, Madhya Pradesh, India",2025-08-05T09:00:00,78.9,78.9,71.7,78.65,0,0,,0,0,15.7,9.2,230,1011,94.5,2.5,293.5,1.1,3,,Overcast,cloudy,"VABP,INMU0020417,42667099999,INI0000VABP"
"Bhopal, Madhya Pradesh, India",2025-08-05T10:00:00,80.7,84.7,71.7,74.14,0,0,,0,0,17.7,10.3,200,1011,94.5,3.1,487.3,1.8,5,,Overcast,cloudy,"VABP,INMU0020417,42667099999,INI0000VABP"
"Bhopal, Madhya Pradesh, India",2025-08-05T11:00:00,82.7,88.9,73.7,74.32,0,0,,0,0,17.9,9.2,180,1007.7,77.5,2.5,584.9,2.1,6,,Partially cloudy,partly-cloudy-day,"INM00042763,INMU0020417,42667099999,42763099999,INI0000VABP"
"Bhopal, Madhya Pradesh, India",2025-08-05T12:00:00,82.5,86.4,69.9,65.78,0,0,,0,0,18.3,10.3,200,1010,72.7,3.1,661,2.4,7,,Partially cloudy,partly-cloudy-day,"VABP,INMU0020417,42667099999,INI0000VABP"
"Bhopal, Madhya Pradesh, India",2025-08-05T13:00:00,82.5,86.4,69.9,65.78,0,0,,0,0,20.8,12.8,210,1009,72.7,3.1,805.7,2.9,8,,Partially cloudy,partly-cloudy-day,"VABP,INMU0020417,42667099999,INI0000VABP"
"Bhopal, Madhya Pradesh, India",2025-08-05T14:00:00,84.4,89.9,71.7,65.92,0,0,,0,0,21.5,8,200,1005.6,94.4,3.1,767.1,2.8,8,,Overcast,cloudy,"VABP,INM00042763,INMU0020417,42667099999,42763099999,INI0000VABP"
"Bhopal, Madhya Pradesh, India",2025-08-05T15:00:00,84.3,98.6,80.7,89,0,0,,0,0,21.5,9.2,220,1008,96.3,3.1,608.6,2.2,6,,Overcast,cloudy,"VABP,INMU0020417,42667099999,INI0000VABP"
"Bhopal, Madhya Pradesh, India",2025-08-05T16:00:00,86.1,102.2,80.7,84.01,0,0,,0,0,19.9,13.9,200,1007,96.3,3.1,591.8,2.1,6,,Overcast,cloudy,"VABP,INMU0020417,42667099999,INI0000VABP"
"Bhopal, Madhya Pradesh, India",2025-08-05T17:00:00,86.2,97.3,76.9,74.03,0,0,,0,0,18.6,10.3,250,1003.9,73.1,3.1,466.9,1.7,5,,Partially cloudy,partly-cloudy-day,"VABP,INMU0020417,42672099999,42667099999,42763099999,INI0000VABP"
"Bhopal, Madhya Pradesh, India",2025-08-05T18:00:00,87.7,96,73.7,63.25,0,0,,0,0,17.2,6.7,255.8,1005,11,,292.7,1.1,3,,Clear,clear-day,remote
"Bhopal, Madhya Pradesh, India",2025-08-05T19:00:00,80.5,89,80.5,100,0,0,,0,0,12.8,2.2,250,1009,50,3.1,111.7,0.4,1,,Partially cloudy,partly-cloudy-day,VABP
"Bhopal, Madhya Pradesh, India",2025-08-05T20:00:00,79,79,71.8,78.68,0,0,,0,0,7.8,4.7,250,1005.5,62.2,3.1,7.1,0,0,,Partially cloudy,partly-cloudy-night,"VABP,INMU0020417,42667099999,INI0000VABP"
"Bhopal, Madhya Pradesh, India",2025-08-05T21:00:00,78.9,78.9,73.5,83.57,0,0,,0,0,6.3,3.4,200,1009,61.8,3.1,0,0,0,,Partially cloudy,partly-cloudy-night,"VABP,INMU0020417,42667099999,INI0000VABP"
"Bhopal, Madhya Pradesh, India",2025-08-05T22:00:00,77.1,77.1,71.7,83.46,0,0,,0,0,7.2,4.7,210,1009,61.8,3.1,0,0,0,,Partially cloudy,partly-cloudy-night,"VABP,INMU0020417,42667099999,INI0000VABP"
"Bhopal, Madhya Pradesh, India",2025-08-05T23:00:00,77.2,77.2,71.8,83.48,0,0,,0,0,7.2,4.7,210,1006.4,61.8,3.1,0,0,0,,Partially cloudy,partly-cloudy-night,"VABP,INMU0020417,42667099999,INI0000VABP"
"Bhopal, Madhya Pradesh, India",2025-08-06T00:00:00,78,78,72.9,84.53,0,0,,0,0,6.5,3.8,256.6,1007,8.2,,0,0,0,,Clear,clear-night,remote
"Bhopal, Madhya Pradesh, India",2025-08-06T01:00:00,75.3,75.3,71.7,88.6,0,0,,0,0,6.5,4.7,200,1008,61.8,3.1,0,0,0,,Partially cloudy,partly-cloudy-night,"VABP,INMU0020417,42667099999,INI0000VABP"
"Bhopal, Madhya Pradesh, India",2025-08-06T02:00:00,75.4,75.4,71.7,88.49,0,0,,0,0,6.3,4.7,200,1005.4,61.8,3.1,0,0,0,,Partially cloudy,partly-cloudy-night,"VABP,INMU0020417,42667099999,INI0000VABP"
"Bhopal, Madhya Pradesh, India",2025-08-06T03:00:00,76.7,76.7,72.6,87.07,0,0,,0,0,6.9,4.3,257.1,1007,64.3,,0,0,0,,Partially cloudy,partly-cloudy-night,remote
"Bhopal, Madhya Pradesh, India",2025-08-06T04:00:00,75.3,75.3,71.7,88.6,0,0,,0,0,6.9,4.7,210,1008,61.8,3.1,0,0,0,,Partially cloudy,partly-cloudy-night,"VABP,INMU0020417,42667099999,INI0000VABP"
"Bhopal, Madhya Pradesh, India",2025-08-06T05:00:00,71.8,71.8,70,93.83,0,0,,0,0,7.2,4.7,240,1006,61.8,2.5,0,0,0,,Partially cloudy,partly-cloudy-night,"VABP,INMU0020417,42667099999,INI0000VABP"
"Bhopal, Madhya Pradesh, India",2025-08-06T06:00:00,73.5,73.5,69.9,88.52,0,0,,0,0,6.9,4.7,240,1009,25.2,3.1,0,0,0,,Partially cloudy,partly-cloudy-day,"VABP,INMU0020417,42667099999,INI0000VABP"
"Bhopal, Madhya Pradesh, India",2025-08-06T07:00:00,75.3,75.3,69.9,83.34,0,0,,0,0,6.9,6.9,230,1010,72.7,3.1,13.2,0,0,,Partially cloudy,partly-cloudy-day,"VABP,INMU0020417,42667099999,INI0000VABP"
"Bhopal, Madhya Pradesh, India",2025-08-06T08:00:00,77.2,77.2,71.7,83.38,0,0,,0,0,9.6,8,260,1008,72.7,3.1,135,0.5,1,,Partially cloudy,partly-cloudy-day,"VABP,INMU0020417,42672099999,42667099999,42763099999,INI0000VABP"
"Bhopal, Madhya Pradesh, India",2025-08-06T09:00:00,78.9,78.9,73.7,84.08,0,0,,0,0,12.8,5.4,280.9,1009,13,,333.2,1.2,3,,Clear,clear-day,remote
"Bhopal, Madhya Pradesh, India",2025-08-06T10:00:00,82.5,87.3,71.7,69.93,0,0,,0,0,14.3,3.4,230,1011,61.8,3.1,535.5,1.9,5,,Partially cloudy,partly-cloudy-day,"VABP,INMU0020417,42667099999,INI0000VABP"
"Bhopal, Madhya Pradesh, India",2025-08-06T11:00:00,84.3,89.8,71.7,66.04,0,0,,0,0,14.5,6.9,250,1007.8,73.1,3.1,709.8,2.6,7,,Partially cloudy,partly-cloudy-day,"VABP,INM00042763,INMU0020417,42667099999,42763099999,INI0000VABP"
"Bhopal, Madhya Pradesh, India",2025-08-06T12:00:00,84.3,88.6,69.9,62.07,0,0,,0,0,15.2,10.3,290,1010,72.7,3.1,765.3,2.8,8,,Partially cloudy,partly-cloudy-day,"VABP,INMU0020417,42667099999,INI0000VABP"
"Bhopal, Madhya Pradesh, India",2025-08-06T13:00:00,86.6,93.4,72.4,62.74,0,0,,0,0,15.9,6.9,269.7,1008,91.8,,834.8,3,8,,Overcast,cloudy,remote
"Bhopal, Madhya Pradesh, India",2025-08-06T14:00:00,87.9,100,76.9,70.08,0,0,,0,0,16.1,11.4,260,1004.9,93.1,3.1,887.1,3.2,9,,Overcast,cloudy,"VABP,INM00042763,INMU0020417,42667099999,42763099999,INI0000VABP"
"Bhopal, Madhya Pradesh, India",2025-08-06T15:00:00,87.9,98,75.3,66.39,0,0,,0,0,15.9,8.1,250,1008,93.5,3.1,704.2,2.5,7,,Overcast,cloudy,"VABP,INMU0020417,42667099999,INI0000VABP"
"Bhopal, Madhya Pradesh, India",2025-08-06T16:00:00,87.9,98,75.3,66.39,0,0,,0,0,14.8,9.2,220,1007,72.7,3.1,438.8,1.6,4,,Partially cloudy,partly-cloudy-day,"VABP,INMU0020417,42667099999,INI0000VABP"
"Bhopal, Madhya Pradesh, India",2025-08-06T17:00:00,86.2,93.8,73.4,65.81,0,0,,0,0,13.9,8,270,1003.1,61.4,3.1,426.7,1.5,4,,Partially cloudy,partly-cloudy-day,"VABP,INMU0020417,42672099999,42667099999,42763099999,INI0000VABP"
"Bhopal, Madhya Pradesh, India",2025-08-06T18:00:00,88.8,97.4,73.7,61.12,0,0,,0,0,13,5.1,282.8,1004,84.6,,259.8,0.9,3,,Partially cloudy,partly-cloudy-day,remote
"Bhopal, Madhya Pradesh, India",2025-08-06T19:00:00,84.3,92.7,75.3,74.47,0,0,,0,0,8.7,4.7,260,1008,61.8,3.1,102.8,0.4,0,,Partially cloudy,partly-cloudy-night,"VABP,INMU0020417,42667099999,INI0000VABP"
"Bhopal, Madhya Pradesh, India",2025-08-06T20:00:00,80.8,85.7,73.6,78.85,0,0,,0,0,6.5,8.1,310,1005.2,61.4,3.1,6,0,0,,Partially cloudy,partly-cloudy-night,"VABP,INMU0020417,42667099999,INI0000VABP"
"Bhopal, Madhya Pradesh, India",2025-08-06T21:00:00,77.1,77.1,69.9,78.5,0,0,,0,0,6.7,4.7,290,1008,61.8,3.1,0,0,0,,Partially cloudy,partly-cloudy-night,"VABP,INMU0020417,42667099999,INI0000VABP"
"Bhopal, Madhya Pradesh, India",2025-08-06T22:00:00,77.1,77.1,71.7,83.46,0,0,,0,0,6.7,4.7,280,1008,61.8,3.1,0,0,0,,Partially cloudy,partly-cloudy-night,"VABP,INMU0020417,42667099999,INI0000VABP"
"Bhopal, Madhya Pradesh, India",2025-08-06T23:00:00,77.2,77.2,71.8,83.63,0,0,,0,0,6.7,3.4,280,1005.5,61.4,2.4,0,0,0,,Partially cloudy,partly-cloudy-night,"VABP,INMU0020417,42667099999,INI0000VABP"
"Bhopal, Madhya Pradesh, India",2025-08-07T00:00:00,75.3,75.3,71.7,88.6,0,0,,0,0,7.2,2.2,230,1008,61.8,2.5,0,0,0,,Partially cloudy,partly-cloudy-night,"VABP,INMU0020417,42667099999,INI0000VABP"
"Bhopal, Madhya Pradesh, India",2025-08-07T01:00:00,75.3,75.3,71.7,88.6,0,0,,0,0,7.2,3.4,230,1008,61.8,2.5,0,0,0,,Partially cloudy,partly-cloudy-night,"VABP,INMU0020417,42667099999,INI0000VABP"
"Bhopal, Madhya Pradesh, India",2025-08-07T02:00:00,77.5,77.5,74.4,90.24,0,0,,0,0,7.6,3.4,200,1005.3,52.3,1.3,0,0,0,,Partially cloudy,partly-cloudy-night,"VABP,INMU0020417,42667099999,INI0000VABP"
"Bhopal, Madhya Pradesh, India",2025-08-07T03:00:00,76.9,76.9,73.3,88.68,0,0,,0,0,7.6,4.7,299.6,1006,79.8,,0,0,0,,Partially cloudy,partly-cloudy-night,remote
"Bhopal, Madhya Pradesh, India",2025-08-07T04:00:00,73.5,73.5,69.9,88.52,0,0,,0,0,8.3,4.7,280,1008,61.8,2.5,0,0,0,,Partially cloudy,partly-cloudy-night,"VABP,INMU0020417,42667099999,INI0000VABP"
"Bhopal, Madhya Pradesh, India",2025-08-07T05:00:00,73.6,73.6,70,88.69,0,0,,0,0,8.5,5.8,280,1005.6,25.2,2.4,0,0,0,,Partially cloudy,partly-cloudy-night,"VABP,INMU0020417,42667099999,INI0000VABP"
"Bhopal, Madhya Pradesh, India",2025-08-07T06:00:00,71.7,71.7,69.9,94.06,0,0,,0,0,8.7,4.7,280,1009,25.2,2.5,0,0,0,,Partially cloudy,partly-cloudy-day,"VABP,INMU0020417,42667099999,INI0000VABP"
"Bhopal, Madhya Pradesh, India",2025-08-07T07:00:00,75.3,75.3,71.7,88.6,0,0,,0,0,9.4,10.3,280,1009,25.2,2.5,12.5,0,0,,Partially cloudy,partly-cloudy-day,"VABP,INMU0020417,42667099999,INI0000VABP"
"Bhopal, Madhya Pradesh, India",2025-08-07T08:00:00,78.9,78.9,73.5,83.5,0,0,,0,0,11.9,10.3,270,1006.7,51.5,3.1,132.9,0.5,1,,Partially cloudy,partly-cloudy-day,"VABP,INMU0020417,42672099999,42667099999,42763099999,INI0000VABP"
"Bhopal, Madhya Pradesh, India",2025-08-07T09:00:00,79.2,79.2,73.3,82.09,0,0,,0,0,14.8,7.4,285.5,1008,40.6,,326.8,1.2,3,,Partially cloudy,partly-cloudy-day,remote
"Bhopal, Madhya Pradesh, India",2025-08-07T10:00:00,82.5,96.4,82.5,100,0,0,,0,0,15.9,10.3,280,1009,61.8,3.1,537.1,1.9,5,,Partially cloudy,partly-cloudy-day,"VABP,INMU0020417,42667099999,INI0000VABP"
"Bhopal, Madhya Pradesh, India",2025-08-07T11:00:00,84.4,98.4,80.4,87.99,0,0,,0,0,16.3,9.2,259,1005.9,93.1,3.1,699.7,2.5,7,,Overcast,cloudy,"VABP,INM00042763,INMU0020417,42667099999,42763099999,INI0000VABP"
"Bhopal, Madhya Pradesh, India",2025-08-07T12:00:00,86.1,99.6,78.9,79.2,0,0,,0,0,16.3,9.2,260,1009,93.5,3.1,775.8,2.8,8,,Overcast,cloudy,"VABP,INMU0020417,42667099999,INI0000VABP"
"Bhopal, Madhya Pradesh, India",2025-08-07T13:00:00,87.9,100.2,77.1,70.48,0,0,,0,0,16.1,9.2,260,1008,72.7,3.1,895.1,3.2,9,,Partially cloudy,partly-cloudy-day,"VABP,INMU0020417,42667099999,INI0000VABP"
"Bhopal, Madhya Pradesh, India",2025-08-07T14:00:00,87.9,100,76.9,69.94,0,0,,0,0,16.6,11.4,250,1003.6,95.8,3.1,829.8,3,8,,Overcast,cloudy,"VABP,INM00042763,INMU0020417,42667099999,42763099999,INI0000VABP"
"Bhopal, Madhya Pradesh, India",2025-08-07T15:00:00,87.9,102.6,78.9,74.8,0,0,,0,0,19.7,11.4,260,1006,78.2,3.1,736.5,2.7,7,,Partially cloudy,partly-cloudy-day,"VABP,INMU0020417,42667099999,INI0000VABP"
"Bhopal, Madhya Pradesh, India",2025-08-07T16:00:00,86.1,99.6,78.9,79.2,0,0,,0,0,17.9,10.3,290,1006,78.2,3.1,614.4,2.2,6,,Partially cloudy,partly-cloudy-day,"VABP,INMU0020417,42667099999,INI0000VABP"
"Bhopal, Madhya Pradesh, India",2025-08-07T17:00:00,86.2,102,80.4,83.15,0,0,,0,0,17.9,11.4,320,1002,61.8,3.1,439.7,1.6,4,,Partially cloudy,partly-cloudy-day,"VABP,INMU0020417,42672099999,42667099999,42763099999,INI0000VABP"
"Bhopal, Madhya Pradesh, India",2025-08-07T18:00:00,84.3,98.6,80.7,89,0,0,,0,0,16.8,8.1,290,1006,25.2,3.1,247.5,0.9,2,,Partially cloudy,partly-cloudy-day,"VABP,INMU0020417,42667099999,INI0000VABP"
"Bhopal, Madhya Pradesh, India",2025-08-07T19:00:00,82.5,88.4,73.5,74.31,0,0,,0,0,11.6,6.9,280,1007,25.2,3.1,73.9,0.3,0,,Partially cloudy,partly-cloudy-night,"VABP,INMU0020417,42667099999,INI0000VABP"
"Bhopal, Madhya Pradesh, India",2025-08-07T20:00:00,80.8,85.7,73.6,78.85,0,0,,0,0,7.6,5.8,300,1003.8,61.8,3.1,4.8,0,0,,Partially cloudy,partly-cloudy-night,"VABP,INMU0020417,42667099999,INI0000VABP"
"Bhopal, Madhya Pradesh, India",2025-08-07T21:00:00,82.5,88.8,74,75.67,0,0,,0,0,5.8,3.8,288,1005,95.6,,0,0,0,,Overcast,cloudy,remote
"Bhopal, Madhya Pradesh, India",2025-08-07T22:00:00,78.9,78.9,71.7,78.65,0,0,,0,0,6.3,5.8,260,1008,93.5,3.1,0,0,0,,Overcast,cloudy,"VABP,INMU0020417,42667099999,INI0000VABP"
"Bhopal, Madhya Pradesh, India",2025-08-07T23:00:00,80.5,85,73.1,78.1,0,0,,0,0,7.2,5.8,210,1005.2,76.8,2.5,0,0,0,,Partially cloudy,partly-cloudy-night,"VABP,INMU0020417,42667099999,INI0000VABP"
"Bhopal, Madhya Pradesh, India",2025-08-08T00:00:00,78.9,78.9,71.7,78.65,0,0,,0,0,7.4,5.8,240,1008,93.5,3.1,0,0,0,,Overcast,cloudy,"VABP,INMU0020417,42667099999,INI0000VABP"
"Bhopal, Madhya Pradesh, India",2025-08-08T01:00:00,80.3,84.8,73.1,78.76,0,0,,0,0,10.5,6.3,278.7,1006,97.2,,0,0,0,,Overcast,cloudy,remote
"Bhopal, Madhya Pradesh, India",2025-08-08T02:00:00,77.1,77.1,71.8,83.64,0,0,,0,0,12.3,9.2,260,1004,92.5,3.1,0,0,0,,Overcast,cloudy,"INMU0020417,42667099999,INI0000VABP"
"Bhopal, Madhya Pradesh, India",2025-08-08T03:00:00,78.3,78.3,72.9,83.54,0,0,,0,0,12.3,6.7,272.4,1005,97.2,,0,0,0,,Overcast,cloudy,remote
"Bhopal, Madhya Pradesh, India",2025-08-08T04:00:00,77.3,77.3,72.8,86.05,0,0,,0,0,11.4,5.4,275.5,1005,99.8,,0,0,0,,Overcast,cloudy,remote
"Bhopal, Madhya Pradesh, India",2025-08-08T05:00:00,75.4,75.4,71.7,88.52,0,0,,0,0,11,5.8,250,1004.7,93.1,3.1,0,0,0,,Overcast,cloudy,"VABP,INMU0020417,42667099999,INI0000VABP"
"Bhopal, Madhya Pradesh, India",2025-08-08T06:00:00,75.3,75.3,71.7,88.6,0,0,,0,0,11.2,8.1,260,1008,93.5,2.5,0,0,0,,Overcast,cloudy,"VABP,INMU0020417,42667099999,INI0000VABP"
"Bhopal, Madhya Pradesh, India",2025-08-08T07:00:00,77.1,77.1,69.9,78.5,0,0,,0,0,11.4,10.3,270,1008,93.5,2.5,9.8,0,0,,Overcast,cloudy,"VABP,INMU0020417,42667099999,INI0000VABP"
"Bhopal, Madhya Pradesh, India",2025-08-08T08:00:00,78.9,78.9,70,74.22,0,0,,0,0,13.4,11.4,270,1005.8,93.5,3.1,104.2,0.4,1,,Overcast,cloudy,"VABP,INMU0020417,42672099999,42667099999,42763099999,INI0000VABP"
"Bhopal, Madhya Pradesh, India",2025-08-08T09:00:00,80.7,89.6,80.7,100,0,0,,0,0,17.2,12.8,280,1009,93.5,3.1,256,0.9,3,,Overcast,cloudy,"VABP,INMU0020417,42667099999,INI0000VABP"
"Bhopal, Madhya Pradesh, India",2025-08-08T10:00:00,82.5,96.4,82.5,100,0,0,,0,0,18.1,10.3,270,1009,93.5,3.1,402.4,1.4,4,,Overcast,cloudy,"VABP,INMU0020417,42667099999,INI0000VABP"
"Bhopal, Madhya Pradesh, India",2025-08-08T11:00:00,84.3,100.7,82.1,93.05,0,0,,0,0,18.1,11.4,270,1006.5,96.6,3.1,421.6,1.5,4,,Overcast,cloudy,"VABP,INM00042763,INMU0020417,42667099999,42763099999,INI0000VABP"
"Bhopal, Madhya Pradesh, India",2025-08-08T12:00:00,84.3,89.8,71.7,65.99,0,0,,0,0,17.4,6.9,270,1010,96.3,3.1,399.7,1.4,4,,Overcast,cloudy,"VABP,INMU0020417,42667099999,INI0000VABP"
"Bhopal, Madhya Pradesh, India",2025-08-08T13:00:00,84.3,101.1,82.5,94.36,0,0,,0,0,13,8.1,260,1009,96.3,3.1,701.4,2.5,7,,Overcast,cloudy,"VABP,INMU0020417,42667099999,INI0000VABP"
"Bhopal, Madhya Pradesh, India",2025-08-08T14:00:00,82.6,87.6,71.8,69.78,0,0,,0,0,12.3,9.2,280,1005.6,96.3,3.1,564.6,2,6,,Overcast,cloudy,"VABP,INM00042763,INMU0020417,42667099999,42763099999,INI0000VABP"
"Bhopal, Madhya Pradesh, India",2025-08-08T15:00:00,84.3,89.8,71.7,65.99,0,0,,0,0,11.2,6.9,270,1008,96.3,3.1,412.8,1.5,4,,Overcast,cloudy,"VABP,INMU0020417,42667099999,INI0000VABP"
"Bhopal, Madhya Pradesh, India",2025-08-08T16:00:00,84.3,89.8,71.7,65.99,0,0,,0,0,10.5,6.9,250,1007,78.2,3.1,223.9,0.8,2,,Partially cloudy,partly-cloudy-day,"VABP,INMU0020417,42667099999,INI0000VABP"
"Bhopal, Madhya Pradesh, India",2025-08-08T17:00:00,84.4,90,71.8,66.01,0,0,,0,0,8.9,6.9,270,1004.9,79.4,3.1,148.1,0.5,1,,Partially cloudy,partly-cloudy-day,"VABP,INMU0020417,42672099999,42667099999,42763099999,INI0000VABP"
"Bhopal, Madhya Pradesh, India",2025-08-08T18:00:00,85,93.5,74.9,71.9,0,0,,0,0,7.6,3.6,284,1006,100,,136.3,0.5,1,,Overcast,cloudy,remote
"Bhopal, Madhya Pradesh, India",2025-08-08T19:00:00,80.7,84.7,71.7,74.14,0,0,,0,0,5.8,4.7,290,1009,93.5,3.1,51.6,0.2,0,,Overcast,cloudy,"VABP,INMU0020417,42667099999,INI0000VABP"
"Bhopal, Madhya Pradesh, India",2025-08-08T20:00:00,79,79,71.8,78.79,0,0,,0,0,4.7,3.4,230,1006.6,93.1,3.1,4.1,0,0,,Overcast,cloudy,"VABP,INMU0020417,42667099999,INI0000VABP"
"Bhopal, Madhya Pradesh, India",2025-08-08T21:00:00,78.9,78.9,71.7,78.65,0,0,,0,0,5.1,3.4,270,1010,93.5,3.1,0,0,0,,Overcast,cloudy,"VABP,INMU0020417,42667099999,INI0000VABP"
"Bhopal, Madhya Pradesh, India",2025-08-08T22:00:00,78.9,78.9,71.7,78.65,0,0,,0,0,6,4.7,220,1010,93.5,3.1,0,0,0,,Overcast,cloudy,"VABP,INMU0020417,42667099999,INI0000VABP"
"Bhopal, Madhya Pradesh, India",2025-08-08T23:00:00,77.2,77.2,71.8,83.59,0,0,,0,0,7.6,4.7,250,1008,93.1,2.4,0,0,0,,Overcast,cloudy,"VABP,INMU0020417,42667099999,INI0000VABP"
"Bhopal, Madhya Pradesh, India",2025-08-09T00:00:00,77.1,77.1,71.7,83.46,0,0,,0,0,9.8,3.4,240,1010,93.5,2.5,0,0,0,,Overcast,cloudy,"VABP,INMU0020417,42667099999,INI0000VABP"
"Bhopal, Madhya Pradesh, India",2025-08-09T01:00:00,75.3,75.3,71.7,88.6,0,0,,0,0,9.8,3.4,250,1010,93.5,2.5,0,0,0,,Overcast,cloudy,"VABP,INMU0020417,42667099999,INI0000VABP"
"Bhopal, Madhya Pradesh, India",2025-08-09T02:00:00,77,77,74.4,91.79,0,0,,0,0,9.6,3.4,250,1006.9,77.7,1.3,0,0,0,,Partially cloudy,partly-cloudy-night,"VABP,INMU0020417,42667099999,INI0000VABP"
"Bhopal, Madhya Pradesh, India",2025-08-09T03:00:00,77.8,77.8,72.8,84.52,0,0,,0,0,9.4,5.4,246.3,1008,97.6,,0,0,0,,Overcast,cloudy,remote
"Bhopal, Madhya Pradesh, India",2025-08-09T04:00:00,75.3,75.3,71.7,88.6,0,0,,0,0,9.6,4.7,240,1009,93.5,2.5,0,0,0,,Overcast,cloudy,"VABP,INMU0020417,42667099999,INI0000VABP"
"Bhopal, Madhya Pradesh, India",2025-08-09T05:00:00,75.3,75.3,71.8,88.72,0,0,,0,0,10.7,6.9,250,1007.1,93.1,2.4,0,0,0,,Overcast,cloudy,"VABP,INMU0020417,42667099999,INI0000VABP"
"Bhopal, Madhya Pradesh, India",2025-08-09T06:00:00,75.3,75.3,71.7,88.6,0,0,,0,0,11.6,6.9,260,1010,93.5,2.5,0,0,0,,Overcast,cloudy,"VABP,INMU0020417,42667099999,INI0000VABP"
"Bhopal, Madhya Pradesh, India",2025-08-09T07:00:00,75.3,75.3,71.7,88.6,0,0,,0,0,11.6,10.3,260,1010,93.5,2.5,6.1,0,0,,Overcast,cloudy,"VABP,INMU0020417,42667099999,INI0000VABP"
"Bhopal, Madhya Pradesh, India",2025-08-09T08:00:00,77.2,77.2,70,78.51,0,0,,0,0,10.7,13.8,269,1008,93.1,3.1,72.3,0.3,1,,Overcast,cloudy,"VABP,INMU0020417,42672099999,42667099999,42763099999,INI0000VABP"
"Bhopal, Madhya Pradesh, India",2025-08-09T09:00:00,78.9,78.9,71.7,78.65,0,0,,0,0,11.4,11.4,270,1011,93.5,3.1,117.3,0.4,1,,Overcast,cloudy,"VABP,INMU0020417,42667099999,INI0000VABP"
"Bhopal, Madhya Pradesh, India",2025-08-09T10:00:00,78.3,78.3,73.1,84.05,0,0,,0,0,14.5,6.5,283.4,1010,99.4,,273,1,3,,Overcast,cloudy,remote
"Bhopal, Madhya Pradesh, India",2025-08-09T11:00:00,82.6,87.5,71.8,69.98,0,0,,0,0,15.2,9.2,270,1007.7,79.5,3.1,425,1.5,4,,Partially cloudy,partly-cloudy-day,"VABP,INM00042763,INMU0020417,42667099999,42763099999,INI0000VABP"
"Bhopal, Madhya Pradesh, India",2025-08-09T12:00:00,83.2,89.6,73.5,72.6,0,0,,0,0,15,5.8,285.4,1010,96.1,,433.2,1.6,4,,Overcast,cloudy,remote
"Bhopal, Madhya Pradesh, India",2025-08-09T13:00:00,83.6,90.4,73.8,72.64,0,0,,0,0,13.9,5.4,294.3,1009,99,,660.7,2.4,7,,Overcast,cloudy,remote
"Bhopal, Madhya Pradesh, India",2025-08-09T14:00:00,84.4,100.8,82.2,93.11,0,0,,0,0,13.6,8,270,1005.1,94,3.1,594.6,2.1,6,,Overcast,cloudy,"VABP,INM00042763,INMU0020417,42667099999,42763099999,INI0000VABP"
"Bhopal, Madhya Pradesh, India",2025-08-09T15:00:00,84.3,89.8,71.7,65.99,0,0,,0,0,13.9,8.1,300,1008,73.5,3.1,468.3,1.7,5,,Partially cloudy,partly-cloudy-day,"VABP,INMU0020417,42667099999,INI0000VABP"
"Bhopal, Madhya Pradesh, India",2025-08-09T16:00:00,84.3,89.8,71.7,65.99,0,0,,0,0,13.9,9.2,300,1008,73.5,3.1,350.4,1.3,4,,Partially cloudy,partly-cloudy-day,"VABP,INMU0020417,42667099999,INI0000VABP"
"Bhopal, Madhya Pradesh, India",2025-08-09T17:00:00,85.3,94.6,75.6,72.88,0,0,,0,0,12.3,6.9,290,1004.7,82.1,2.5,310.9,1.1,3,,Partially cloudy,partly-cloudy-day,"VABP,INMU0020417,42672099999,42667099999,42763099999,INI0000VABP"
"Bhopal, Madhya Pradesh, India",2025-08-09T18:00:00,80.7,85.5,73.5,78.79,0,0,,0,0,11.9,9.2,190,1009,81.7,3.1,175.7,0.6,2,,Partially cloudy,partly-cloudy-day,"VABP,INMU0020417,42667099999,INI0000VABP"
"Bhopal, Madhya Pradesh, India",2025-08-09T19:00:00,77.1,77.1,69.9,78.5,0,0,,0,0,9.4,5.8,200,1009,96.3,3.1,54.4,0.2,0,,Overcast,cloudy,"VABP,INMU0020417,42667099999,INI0000VABP"
"Bhopal, Madhya Pradesh, India",2025-08-09T20:00:00,75.4,75.4,73.5,94.01,0,0,,0,0,2.7,3.4,200,1006.6,94.5,2.5,3.5,0,0,,Overcast,cloudy,"VABP,INMU0020417,42667099999,INI0000VABP"
"Bhopal, Madhya Pradesh, India",2025-08-09T21:00:00,75.3,75.3,71.7,88.6,0,0,,0,0,5.4,8.1,220,1010,94.5,1.9,0,0,0,,Overcast,cloudy,"VABP,INMU0020417,42667099999,INI0000VABP"
"Bhopal, Madhya Pradesh, India",2025-08-09T22:00:00,75.3,75.3,71.7,88.6,0,0,,0,0,6.3,4.7,230,1010,94.5,1.9,0,0,0,,Overcast,cloudy,"VABP,INMU0020417,42667099999,INI0000VABP"
"Bhopal, Madhya Pradesh, India",2025-08-09T23:00:00,75.4,75.4,71.8,88.63,0,0,,0,0,6.7,3.4,260,1007.4,94.5,2.5,0,0,0,,Overcast,cloudy,"VABP,INMU0020417,42667099999,INI0000VABP"
"Bhopal, Madhya Pradesh, India",2025-08-10T00:00:00,77.3,77.3,74.6,91.41,0,0,,0,0,6,3.8,221.3,1008,75.6,,0,0,0,,Partially cloudy,partly-cloudy-night,remote
"Bhopal, Madhya Pradesh, India",2025-08-10T01:00:00,73.5,73.5,71.7,94.11,0,0,,0,0,7.8,4.7,250,1009,94.5,2.5,0,0,0,,Overcast,cloudy,"VABP,INMU0020417,42667099999,INI0000VABP"
"Bhopal, Madhya Pradesh, India",2025-08-10T02:00:00,76.6,76.6,72.7,87.9,0,0,,0,0,7.8,3.4,230,1006,79.5,2.5,0,0,0,,Partially cloudy,partly-cloudy-night,"VABP,INMU0020417,42667099999,INI0000VABP"
"Bhopal, Madhya Pradesh, India",2025-08-10T03:00:00,76.2,76.2,74,93.04,0,0,,0,0,7.8,4.5,238.5,1007,72.1,,0,0,0,,Partially cloudy,partly-cloudy-night,remote
"Bhopal, Madhya Pradesh, India",2025-08-10T04:00:00,73.5,73.5,73.5,100,0,0,,0,0,8.1,6.9,200,1009,78.2,1.9,0,0,0,,Partially cloudy,partly-cloudy-night,"VABP,INMU0020417,42667099999,INI0000VABP"
"Bhopal, Madhya Pradesh, India",2025-08-10T05:00:00,73.6,73.6,71.8,93.99,0,0,,0,0,8.5,6.9,190,1006.5,79.5,1.8,0,0,0,,Partially cloudy,partly-cloudy-night,"VABP,INMU0020417,42667099999,INI0000VABP"
"Bhopal, Madhya Pradesh, India",2025-08-10T06:00:00,73.5,73.5,71.7,94.11,0,0,,0,0,8.5,5.8,220,1009,61.8,2.5,0,0,0,,Partially cloudy,partly-cloudy-day,"VABP,INMU0020417,42667099999,INI0000VABP"
"Bhopal, Madhya Pradesh, India",2025-08-10T07:00:00,73.5,73.5,71.7,94.11,0,0,,0,0,8.7,6.9,240,1009,78.2,1.9,9.2,0,0,,Partially cloudy,partly-cloudy-day,"VABP,INMU0020417,42667099999,INI0000VABP"
"Bhopal, Madhya Pradesh, India",2025-08-10T08:00:00,77.1,77.1,73.5,88.74,0.031,100,rain,0,0,11.2,9.2,250,1007.5,94.5,2.5,111.5,0.4,1,,"Rain, Overcast",rain,"VABP,INMU0020417,42672099999,42667099999,42763099999,INI0000VABP"
"Bhopal, Madhya Pradesh, India",2025-08-10T09:00:00,78.9,78.9,73.5,83.57,0,0,,0,0,13.4,15,290,1010,94.5,2.5,240.4,0.9,2,,Overcast,cloudy,"VABP,INMU0020417,42667099999,INI0000VABP"
"Bhopal, Madhya Pradesh, India",2025-08-10T10:00:00,80.7,85.5,73.5,78.79,0,0,,0,0,14.3,12.8,280,1010,94.5,2.5,336.7,1.2,3,,Overcast,cloudy,"VABP,INMU0020417,42667099999,INI0000VABP"
"Bhopal, Madhya Pradesh, India",2025-08-10T11:00:00,80.8,85.7,73.6,78.77,0,0,,0,0,14.8,12.7,280,1006.8,94.4,2.5,522.7,1.9,5,,Overcast,cloudy,"VABP,INM00042763,INMU0020417,42667099999,42763099999,INI0000VABP"
"Bhopal, Madhya Pradesh, India",2025-08-10T12:00:00,82.5,88.4,73.5,74.31,0,0,,0,0,15.2,9.2,300,1009,93.5,3.1,601.6,2.2,6,,Overcast,cloudy,"VABP,INMU0020417,42667099999,INI0000VABP"
"Bhopal, Madhya Pradesh, India",2025-08-10T13:00:00,82.5,88.4,73.5,74.31,0,0,,0,0,14.3,9.2,290,1009,93.5,3.1,294.5,1.1,3,,Overcast,cloudy,"VABP,INMU0020417,42667099999,INI0000VABP"
"Bhopal, Madhya Pradesh, India",2025-08-10T14:00:00,84.3,91.3,73.6,70.22,0,0,,0,0,17,9.2,290,1004.4,94,3.1,729,2.6,7,,Overcast,cloudy,"VABP,INM00042763,INMU0020417,42667099999,42763099999,INI0000VABP"
"Bhopal, Madhya Pradesh, India",2025-08-10T15:00:00,84.3,89.8,71.7,65.99,0,0,,0,0,16.6,9.2,280,1007,94.5,3.1,281.8,1,3,,Overcast,cloudy,"VABP,INMU0020417,42667099999,INI0000VABP"
"Bhopal, Madhya Pradesh, India",2025-08-10T16:00:00,84.3,91.1,73.5,70.12,0,0,,0,0,15,8.1,300,1006,94.5,3.1,469.2,1.7,5,,Overcast,cloudy,"VABP,INMU0020417,42667099999,INI0000VABP"
"Bhopal, Madhya Pradesh, India",2025-08-10T17:00:00,82.6,88.7,73.6,74.19,0,0,,0,0,13.2,8,290,1003,81.7,2.5,235.6,0.8,2,,Partially cloudy,partly-cloudy-day,"VABP,INMU0020417,42672099999,42667099999,42763099999,INI0000VABP"
"Bhopal, Madhya Pradesh, India",2025-08-10T18:00:00,83.9,92.9,76.2,77.63,0,0,,0,0,12.8,5.1,304.2,1005,93.6,,186.8,0.7,2,,Overcast,cloudy,remote
"Bhopal, Madhya Pradesh, India",2025-08-10T19:00:00,78.9,78.9,73.5,83.57,0,0,,0,0,11.4,5.8,200,1008,93.5,3.1,75.2,0.3,0,,Overcast,cloudy,"VABP,INMU0020417,42667099999,INI0000VABP"
"Bhopal, Madhya Pradesh, India",2025-08-10T20:00:00,79,79,73.6,83.6,0.079,100,rain,0,0,7.6,5.8,230,1005.3,93.1,3.1,2.2,0,0,,"Rain, Overcast",rain,"VABP,INMU0020417,42667099999,INI0000VABP"
"Bhopal, Madhya Pradesh, India",2025-08-10T21:00:00,77.1,77.1,71.7,83.46,0,0,,0,0,7.8,9.2,220,1009,93.5,3.1,0,0,0,,Overcast,cloudy,"VABP,INMU0020417,42667099999,INI0000VABP"
"Bhopal, Madhya Pradesh, India",2025-08-10T22:00:00,75.3,75.3,71.7,88.6,0,0,,0,0,8.5,4.7,230,1009,94.5,2.5,0,0,0,,Overcast,cloudy,"VABP,INMU0020417,42667099999,INI0000VABP"
"Bhopal, Madhya Pradesh, India",2025-08-10T23:00:00,75.4,75.4,71.8,88.61,0,0,,0,0,8.1,3.4,280,1006.3,94,2.4,0,0,0,,Overcast,cloudy,"VABP,INMU0020417,42667099999,INI0000VABP"
"Bhopal, Madhya Pradesh, India",2025-08-11T00:00:00,75.3,75.3,71.7,88.6,0,0,,0,0,6.5,5.8,260,1009,93.5,2.5,0,0,0,,Overcast,cloudy,"VABP,INMU0020417,42667099999,INI0000VABP"
"Bhopal, Madhya Pradesh, India",2025-08-11T01:00:00,75.3,75.3,71.7,88.6,0,0,,0,0,9.2,5.8,250,1008,93.5,2.5,0,0,0,,Overcast,cloudy,"VABP,INMU0020417,42667099999,INI0000VABP"
"Bhopal, Madhya Pradesh, India",2025-08-11T02:00:00,75.8,75.8,73.1,91.22,0,0,,0,0,8.7,5.8,250,1005.6,77.7,1.3,0,0,0,,Partially cloudy,partly-cloudy-night,"VABP,INMU0020417,42667099999,INI0000VABP"
"Bhopal, Madhya Pradesh, India",2025-08-11T03:00:00,76.6,76.6,73.8,91.38,0.008,100,rain,0,0,8.5,4.7,255.6,1006,98.8,,0,0,0,,"Rain, Overcast",rain,remote
"Bhopal, Madhya Pradesh, India",2025-08-11T04:00:00,75.3,75.3,71.7,88.6,0,0,,0,0,7.8,5.8,230,1007,93.5,2.5,0,0,0,,Overcast,cloudy,"VABP,INMU0020417,42667099999,INI0000VABP"
"Bhopal, Madhya Pradesh, India",2025-08-11T05:00:00,75.3,75.3,71.7,88.76,0,0,,0,0,8.9,5.8,250,1005.3,93.1,2.4,0,0,0,,Overcast,cloudy,"VABP,INMU0020417,42667099999,INI0000VABP"
"Bhopal, Madhya Pradesh, India",2025-08-11T06:00:00,75.3,75.3,71.7,88.6,0,0,,0,0,10.3,9.2,240,1008,93.5,2.5,0,0,0,,Overcast,cloudy,"VABP,INMU0020417,42667099999,INI0000VABP"
"Bhopal, Madhya Pradesh, India",2025-08-11T07:00:00,75.3,75.3,71.7,88.6,0,0,,0,0,11,10.3,260,1009,93.5,2.5,8.8,0,0,,Overcast,cloudy,"VABP,INMU0020417,42667099999,INI0000VABP"
"Bhopal, Madhya Pradesh, India",2025-08-11T08:00:00,77.1,77.1,73.5,88.68,0,0,,0,0,12.1,9.2,270,1006.7,93.6,2.5,69.6,0.3,1,,Overcast,cloudy,"VABP,INMU0020417,42672099999,42667099999,42763099999,INI0000VABP"
"Bhopal, Madhya Pradesh, India",2025-08-11T09:00:00,77.8,77.8,74.2,88.72,0,0,,0,0,14.5,9.8,277,1008,100,,154.6,0.6,2,,Overcast,cloudy,remote
"Bhopal, Madhya Pradesh, India",2025-08-11T10:00:00,77.1,77.1,71.7,83.46,0,0,,0,0,18.1,9.2,270,1010,96.3,2.5,253.4,0.9,3,,Overcast,cloudy,"VABP,INMU0020417,42667099999,INI0000VABP"
"Bhopal, Madhya Pradesh, India",2025-08-11T11:00:00,78.9,78.9,73.5,83.55,0,0,,0,0,18.1,13.9,250,1007.1,96.7,2.4,322.2,1.2,3,,Overcast,cloudy,"VABP,INM00042763,INMU0020417,42667099999,42763099999,INI0000VABP"
"Bhopal, Madhya Pradesh, India",2025-08-11T12:00:00,82.3,88.8,74.4,77.04,0,0,,0,0,18.6,8.5,297.1,1008,99.3,,442.2,1.6,4,,Overcast,cloudy,remote
"Bhopal, Madhya Pradesh, India",2025-08-11T13:00:00,80.7,85.5,73.5,78.79,0,0,,0,0,17.7,9.2,250,1009,94.5,3.1,567.6,2,6,,Overcast,cloudy,"VABP,INMU0020417,42667099999,INI0000VABP"
"Bhopal, Madhya Pradesh, India",2025-08-11T14:00:00,80.8,85.8,73.5,78.59,0,0,,0,0,18.8,8,280,1004.8,94.9,3.1,307.6,1.1,3,,Overcast,cloudy,"VABP,INM00042763,INMU0020417,42667099999,42763099999,INI0000VABP"
"Bhopal, Madhya Pradesh, India",2025-08-11T15:00:00,82.5,88.4,73.5,74.31,0,0,,0,0,19.7,9.2,270,1007,94.5,3.1,374.9,1.3,4,,Overcast,cloudy,"VABP,INMU0020417,42667099999,INI0000VABP"
"Bhopal, Madhya Pradesh, India",2025-08-11T16:00:00,84.3,91.1,73.5,70.12,0,0,,0,0,18.3,8.1,250,1006,94.5,3.1,262.1,0.9,3,,Overcast,cloudy,"VABP,INMU0020417,42667099999,INI0000VABP"
"Bhopal, Madhya Pradesh, India",2025-08-11T17:00:00,82.6,88.6,73.5,74.23,0,0,,0,0,17.7,6.9,250,1003.3,93.5,3.1,224.6,0.8,2,,Overcast,cloudy,"VABP,INMU0020417,42672099999,42667099999,42763099999,INI0000VABP"
"Bhopal, Madhya Pradesh, India",2025-08-11T18:00:00,83.7,91.5,74.9,74.87,0,0,,0,0,16.8,6.3,303.6,1005,100,,162.9,0.6,2,,Overcast,cloudy,remote
"Bhopal, Madhya Pradesh, India",2025-08-11T19:00:00,78.9,78.9,73.5,83.57,0,0,,0,0,13.4,3.4,250,1008,93.5,3.1,52.7,0.2,0,,Overcast,cloudy,"VABP,INMU0020417,42667099999,INI0000VABP"
"Bhopal, Madhya Pradesh, India",2025-08-11T20:00:00,79,79,73.6,83.62,0,0,,0,0,8.7,4.7,230,1005.2,93.1,3.1,3,0,0,,Overcast,cloudy,"VABP,INMU0020417,42667099999,INI0000VABP"
"Bhopal, Madhya Pradesh, India",2025-08-11T21:00:00,78.9,78.9,73.5,83.57,0,0,,0,0,5.8,4.7,240,1008,93.5,3.1,0,0,0,,Overcast,cloudy,"VABP,INMU0020417,42667099999,INI0000VABP"
"Bhopal, Madhya Pradesh, India",2025-08-11T22:00:00,77.1,77.1,73.5,88.68,0,0,,0,0,6,3.4,220,1008,93.5,3.1,0,0,0,,Overcast,cloudy,"VABP,INMU0020417,42667099999,INI0000VABP"
"Bhopal, Madhya Pradesh, India",2025-08-11T23:00:00,77.2,77.2,73.5,88.62,0,0,,0,0,6.9,3.4,180,1005.6,93.1,3.1,0,0,0,,Overcast,cloudy,"VABP,INMU0020417,42667099999,INI0000VABP"
"Bhopal, Madhya Pradesh, India",2025-08-12T00:00:00,77.1,77.1,73.5,88.68,0,0,,0,0,7.8,4.7,200,1008,93.5,2.5,0,0,0,,Overcast,cloudy,"VABP,INMU0020417,42667099999,INI0000VABP"
"Bhopal, Madhya Pradesh, India",2025-08-12T01:00:00,77.1,77.1,73.5,88.68,0,0,,0,0,9.6,4.7,220,1007,93.5,2.5,0,0,0,,Overcast,cloudy,"VABP,INMU0020417,42667099999,INI0000VABP"
"Bhopal, Madhya Pradesh, India",2025-08-12T02:00:00,78.1,78.1,74.9,89.75,0,0,,0,0,10.1,5.8,230,1004.2,77.7,2.5,0,0,0,,Partially cloudy,partly-cloudy-night,"VABP,INMU0020417,42667099999,INI0000VABP"
"Bhopal, Madhya Pradesh, India",2025-08-12T03:00:00,77.8,77.8,73.7,87.12,0,0,,0,0,10.5,5.8,262.9,1005,99.8,,0,0,0,,Overcast,cloudy,remote
"Bhopal, Madhya Pradesh, India",2025-08-12T04:00:00,75.3,75.3,71.7,88.6,0,0,,0,0,11.2,8.1,250,1007,93.5,2.5,0,0,0,,Overcast,cloudy,"VABP,INMU0020417,42667099999,INI0000VABP"
"Bhopal, Madhya Pradesh, India",2025-08-12T05:00:00,75.3,75.3,71.7,88.61,0,0,,0,0,12.1,8.1,270,1004.1,62.2,3.1,0,0,0,,Partially cloudy,partly-cloudy-night,"VABP,INMU0020417,42667099999,INI0000VABP"
"Bhopal, Madhya Pradesh, India",2025-08-12T06:00:00,73.5,73.5,71.7,94.11,0,0,,0,0,12.8,6.9,260,1007,61.8,3.1,0,0,0,,Partially cloudy,partly-cloudy-day,"VABP,INMU0020417,42667099999,INI0000VABP"
"Bhopal, Madhya Pradesh, India",2025-08-12T07:00:00,75.3,75.3,71.7,88.6,0,0,,0,0,13.2,13.9,290,1008,61.8,3.1,9.8,0,0,,Partially cloudy,partly-cloudy-day,"VABP,INMU0020417,42667099999,INI0000VABP"
"Bhopal, Madhya Pradesh, India",2025-08-12T08:00:00,75.4,75.4,71.8,88.61,0,0,,0,0,14.3,11.4,270,1006,94.4,2.5,115.8,0.4,1,,Overcast,cloudy,"VABP,INMU0020417,42672099999,42667099999,42763099999,INI0000VABP"
"Bhopal, Madhya Pradesh, India",2025-08-12T09:00:00,75.3,75.3,71.7,88.6,0,0,,0,0,19.5,12.8,270,1009,96.3,2.5,297.4,1.1,3,,Overcast,cloudy,"VABP,INMU0020417,42667099999,INI0000VABP"
"Bhopal, Madhya Pradesh, India",2025-08-12T10:00:00,78.9,78.9,71.7,78.65,0,0,,0,0,22.4,15,270,1009,94.5,2.5,463.8,1.7,5,,Overcast,cloudy,"VABP,INMU0020417,42667099999,INI0000VABP"
"Bhopal, Madhya Pradesh, India",2025-08-12T11:00:00,80.7,84.8,71.7,74.24,0,0,,0,0,22.4,12.7,260,1005.8,94.4,3.1,549.3,2,5,,Overcast,cloudy,"VABP,INM00042763,INMU0020417,42667099999,42763099999,INI0000VABP"
"Bhopal, Madhya Pradesh, India",2025-08-12T12:00:00,80.7,84.7,71.7,74.14,0,0,,0,0,20.1,11.4,260,1008,94.5,3.1,475.8,1.7,5,,Overcast,cloudy,"VABP,INMU0020417,42667099999,INI0000VABP"
"Bhopal, Madhya Pradesh, India",2025-08-12T13:00:00,84.1,90.9,73.5,70.53,0.004,100,rain,0,0,19.2,8.5,313.9,1006,99.8,,545.2,2,5,,"Rain, Overcast",rain,remote
"Bhopal, Madhya Pradesh, India",2025-08-12T14:00:00,82.5,87.4,71.8,70.25,0,0,,0,0,17.9,11.4,280,1003.5,94.4,3.1,593.1,2.1,6,,Overcast,cloudy,"VABP,INM00042763,INMU0020417,42667099999,42763099999,INI0000VABP"
"Bhopal, Madhya Pradesh, India",2025-08-12T15:00:00,82.5,87.3,71.7,69.93,0,0,,0,0,17.2,9.2,280,1006,94.5,3.1,597.7,2.2,6,,Overcast,cloudy,"VABP,INMU0020417,42667099999,INI0000VABP"
"Bhopal, Madhya Pradesh, India",2025-08-12T16:00:00,85.4,93.8,74.7,70.65,0,0,,0,0,16.6,6.5,311.2,1004,99,,538.7,1.9,5,,Overcast,cloudy,remote
"Bhopal, Madhya Pradesh, India",2025-08-12T17:00:00,84.4,90,71.9,66.22,0,0,,0,0,15.7,6.9,290,1001.4,90.3,3.7,294,1.1,3,,Overcast,cloudy,"VABP,INMU0020417,42672099999,42667099999,42763099999,INI0000VABP"
"Bhopal, Madhya Pradesh, India",2025-08-12T18:00:00,82.5,88.4,73.5,74.31,0,0,,0,0,14.1,4.7,260,1005,93.5,3.7,156,0.6,2,,Overcast,cloudy,"VABP,INMU0020417,42667099999,INI0000VABP"
"Bhopal, Madhya Pradesh, India",2025-08-12T19:00:00,80.7,85.5,73.5,78.79,0,0,,0,0,10.1,10.3,250,1005,93.5,3.1,53.2,0.2,0,,Overcast,cloudy,"VABP,INMU0020417,42667099999,INI0000VABP"
"Bhopal, Madhya Pradesh, India",2025-08-12T20:00:00,79,79,71.8,78.77,0,0,,0,0,7.4,6.9,270,1003.2,92.3,3.1,3.7,0,0,,Overcast,cloudy,"VABP,INMU0020417,42667099999,INI0000VABP"
"Bhopal, Madhya Pradesh, India",2025-08-12T21:00:00,78.9,78.9,71.7,78.65,0,0,,0,0,5.4,5.8,250,1007,93.5,3.1,0,0,0,,Overcast,cloudy,"VABP,INMU0020417,42667099999,INI0000VABP"
"Bhopal, Madhya Pradesh, India",2025-08-12T22:00:00,80.3,85.3,74.4,82.16,0,0,,0,0,6.3,3.6,283.4,1005,97.4,,0,0,0,,Overcast,cloudy,remote
"Bhopal, Madhya Pradesh, India",2025-08-12T23:00:00,78.9,78.9,73.7,84.08,0,0,,0,0,7.8,5.8,270,1003.8,77.1,2.5,0,0,0,,Partially cloudy,partly-cloudy-night,"INMU0020417,42667099999,INI0000VABP"
"Bhopal, Madhya Pradesh, India",2025-08-13T00:00:00,79.4,79.4,74.2,84.11,0,0,,0,0,8.1,4.3,272.3,1005,100,,0,0,0,,Overcast,cloudy,remote
"Bhopal, Madhya Pradesh, India",2025-08-13T01:00:00,77.1,77.1,71.7,83.46,0,0,,0,0,8.1,5.8,260,1005,93.5,3.1,0,0,0,,Overcast,cloudy,"VABP,INMU0020417,42667099999,INI0000VABP"
"Bhopal, Madhya Pradesh, India",2025-08-13T02:00:00,77.2,77.2,73.1,87.17,0,0,,0,0,8.7,6.9,270,1002.1,77.7,2.5,0,0,0,,Partially cloudy,partly-cloudy-night,"VABP,INMU0020417,42667099999,INI0000VABP"
"Bhopal, Madhya Pradesh, India",2025-08-13T03:00:00,78.3,78.3,73.1,84.05,0,0,,0,0,8.9,5.4,272.8,1003,100,,0,0,0,,Overcast,cloudy,remote
"Bhopal, Madhya Pradesh, India",2025-08-13T04:00:00,77.1,77.1,72.9,87.09,0,0,,0,0,9.2,4.5,284.3,1003,100,,0,0,0,,Overcast,cloudy,remote
"Bhopal, Madhya Pradesh, India",2025-08-13T05:00:00,75.3,75.3,71.7,88.61,0,0,,0,0,9.8,6.9,290,1002.2,93.1,2.4,0,0,0,,Overcast,cloudy,"VABP,INMU0020417,42667099999,INI0000VABP"
"Bhopal, Madhya Pradesh, India",2025-08-13T06:00:00,75.3,75.3,71.7,88.6,0,0,,0,0,10.7,8.1,280,1005,93.5,2.5,0,0,0,,Overcast,cloudy,"VABP,INMU0020417,42667099999,INI0000VABP"
"Bhopal, Madhya Pradesh, India",2025-08-13T07:00:00,75.3,75.3,71.7,88.6,0,0,,0,0,11.9,11.4,290,1006,93.5,2.5,7,0,0,,Overcast,cloudy,"VABP,INMU0020417,42667099999,INI0000VABP"
"Bhopal, Madhya Pradesh, India",2025-08-13T08:00:00,77.1,77.1,71.8,83.62,0,0,,0,0,13,13.8,290,1004,94.5,2.5,49.7,0.2,0,,Overcast,cloudy,"VABP,INMU0020417,42672099999,42667099999,42763099999,INI0000VABP"
"Bhopal, Madhya Pradesh, India",2025-08-13T09:00:00,77.1,77.1,71.7,83.46,0,0,,0,0,14.8,16.1,290,1007,94.5,2.5,149.2,0.5,1,,Overcast,cloudy,"VABP,INMU0020417,42667099999,INI0000VABP"
"Bhopal, Madhya Pradesh, India",2025-08-13T10:00:00,78.9,78.9,71.7,78.65,0,0,,0,0,15.9,16.1,290,1007,94.5,2.5,248.9,0.9,2,,Overcast,cloudy,"VABP,INMU0020417,42667099999,INI0000VABP"
"Bhopal, Madhya Pradesh, India",2025-08-13T11:00:00,79,79,71.8,78.72,0,0,,0,0,18.6,11.4,320,1003.3,94.5,3.1,475.4,1.7,5,,Overcast,cloudy,"VABP,INM00042763,INMU0020417,42667099999,42763099999,INI0000VABP"
"Bhopal, Madhya Pradesh, India",2025-08-13T12:00:00,78.9,78.9,73.5,83.57,0,0,,0,0,20.4,9.2,300,1006,94.5,3.1,674.7,2.4,7,,Overcast,cloudy,"VABP,INMU0020417,42667099999,INI0000VABP"
"Bhopal, Madhya Pradesh, India",2025-08-13T13:00:00,80.7,84.7,71.7,74.14,0,0,,0,0,18.1,8.1,300,1006,94.5,2.5,551.1,2,6,,Overcast,cloudy,"VABP,INMU0020417,42667099999,INI0000VABP"
"Bhopal, Madhya Pradesh, India",2025-08-13T14:00:00,79,79,73.6,83.61,0,0,,0,0,16.1,4.7,320,1002.7,94.5,1.8,358.2,1.3,4,,Overcast,cloudy,"VABP,INM00042763,INMU0020417,42667099999,42763099999,INI0000VABP"
"Bhopal, Madhya Pradesh, India",2025-08-13T15:00:00,78.9,78.9,75.3,88.76,0,0,,0,0,13,3.4,270,1005,94.5,2.5,162.9,0.6,2,,Overcast,cloudy,"VABP,INMU0020417,42667099999,INI0000VABP"
"Bhopal, Madhya Pradesh, India",2025-08-13T16:00:00,78.9,78.9,75.3,88.76,0,0,,0,0,7.8,4.7,290,1004,73.5,1.9,102.6,0.4,1,,Partially cloudy,partly-cloudy-day,"VABP,INMU0020417,42667099999,INI0000VABP"
"Bhopal, Madhya Pradesh, India",2025-08-13T17:00:00,78.9,78.9,75.3,88.76,0.031,100,rain,0,0,7.8,5.8,290,1001.5,73.6,2.4,68.5,0.2,1,,"Rain, Partially cloudy",rain,"VABP,INMU0020417,42672099999,42667099999,42763099999,INI0000VABP"
"Bhopal, Madhya Pradesh, India",2025-08-13T18:00:00,75.3,75.3,73.5,94.15,0,0,,0,0,6.5,3.4,320,1005,73.5,2.5,43.1,0.2,0,,Partially cloudy,partly-cloudy-day,"VABP,INMU0020417,42667099999,INI0000VABP"
"Bhopal, Madhya Pradesh, India",2025-08-13T19:00:00,75.3,75.3,73.5,94.15,0,0,,0,0,5.8,3.4,230,1005,73.5,1.9,24.9,0.1,0,,Partially cloudy,partly-cloudy-night,"VABP,INMU0020417,42667099999,INI0000VABP"
"Bhopal, Madhya Pradesh, India",2025-08-13T20:00:00,73.6,73.6,73.6,99.77,0.126,100,rain,0,0,6.7,4.7,260,1003.4,73.9,1.8,1.5,0,0,,"Rain, Partially cloudy",rain,"VABP,INMU0020417,42667099999,INI0000VABP"
"Bhopal, Madhya Pradesh, India",2025-08-13T21:00:00,75.3,75.3,75.3,100,0,0,,0,0,6.5,5.8,320,1006,73.5,1.9,0,0,0,,Partially cloudy,partly-cloudy-night,"VABP,INMU0020417,42667099999,INI0000VABP"
"Bhopal, Madhya Pradesh, India",2025-08-13T22:00:00,73.5,73.5,73.5,100,0,0,,0,0,7.8,3.4,300,1006,94.5,1.9,0,0,0,,Overcast,cloudy,"VABP,INMU0020417,42667099999,INI0000VABP"
"Bhopal, Madhya Pradesh, India",2025-08-13T23:00:00,73.6,73.6,73.5,99.8,0,0,,0,0,9.6,2.2,360,1003.8,94.9,1.8,0,0,0,,Overcast,cloudy,"VABP,INMU0020417,42667099999,INI0000VABP"
"Bhopal, Madhya Pradesh, India",2025-08-14T00:00:00,76.9,76.9,75.1,94.19,0,0,,0,0,11,3.4,298.5,1004,100,,0,0,0,,Overcast,cloudy,remote
"Bhopal, Madhya Pradesh, India",2025-08-14T01:00:00,76.9,76.9,74.7,93.06,0,0,,0,0,11.4,2.9,327.4,1004,100,,0,0,0,,Overcast,cloudy,remote
"Bhopal, Madhya Pradesh, India",2025-08-14T02:00:00,73.6,73.6,73.5,99.57,0,0,,0,0,9.4,3.4,320,1002.5,94.9,1.8,0,0,0,,Overcast,cloudy,"VABP,INMU0020417,42667099999,INI0000VABP"
"Bhopal, Madhya Pradesh, India",2025-08-14T03:00:00,76.6,76.6,74.6,93.62,0,0,,0,0,9.4,1.8,327.4,1003,98.2,,0,0,0,,Overcast,cloudy,remote
"Bhopal, Madhya Pradesh, India",2025-08-14T04:00:00,73.5,73.5,73.5,100,0,0,,0,0,5.1,3.4,330,1005,94.5,1.9,0,0,0,,Overcast,cloudy,"VABP,INMU0020417,42667099999,INI0000VABP"
"Bhopal, Madhya Pradesh, India",2025-08-14T05:00:00,73.6,73.6,73.5,99.67,0,0,,0,0,11.6,4.7,10,1002.8,73.9,1.8,0,0,0,,Partially cloudy,partly-cloudy-night,"VABP,INMU0020417,42667099999,INI0000VABP"
"Bhopal, Madhya Pradesh, India",2025-08-14T06:00:00,73.5,73.5,73.5,100,0,0,,0,0,4.5,6.9,360,1006,94.5,1.9,0,0,0,,Overcast,cloudy,"VABP,INMU0020417,42667099999,INI0000VABP"
"Bhopal, Madhya Pradesh, India",2025-08-14T07:00:00,73.5,73.5,73.5,100,0,0,,0,0,4.9,4.7,30,1006,94.5,1.9,1.8,0,0,,Overcast,cloudy,"VABP,INMU0020417,42667099999,INI0000VABP"
"Bhopal, Madhya Pradesh, India",2025-08-14T08:00:00,77.1,77.1,73.6,88.92,0,0,,0,0,6.5,5.8,20,1004,94.4,2.4,23.5,0.1,0,,Overcast,cloudy,"VABP,INMU0020417,42672099999,42667099999,42763099999,INI0000VABP"
"Bhopal, Madhya Pradesh, India",2025-08-14T09:00:00,80.7,85.5,73.5,78.79,0,0,,0,0,8.7,5.8,90,1007,94.5,3.1,75.8,0.3,1,,Overcast,cloudy,"VABP,INMU0020417,42667099999,INI0000VABP"
"Bhopal, Madhya Pradesh, India",2025-08-14T10:00:00,78,78,74.2,88.19,0,0,,0,0,11.4,4.9,110.3,1005,94.4,,253.7,0.9,3,,Overcast,cloudy,remote
"Bhopal, Madhya Pradesh, India",2025-08-14T11:00:00,82.6,88.7,73.6,74.47,0,0,,0,0,13,4.7,70,1003.7,84.4,3.1,483.1,1.7,5,,Partially cloudy,partly-cloudy-day,"VABP,INM00042763,INMU0020417,42667099999,42763099999,INI0000VABP"
"Bhopal, Madhya Pradesh, India",2025-08-14T12:00:00,84.3,92.7,75.3,74.47,0,0,,0,0,14.1,4.7,50,1006,72.7,3.1,587.1,2.1,6,,Partially cloudy,partly-cloudy-day,"VABP,INMU0020417,42667099999,INI0000VABP"
"Bhopal, Madhya Pradesh, India",2025-08-14T13:00:00,84.3,92.7,75.3,74.47,0,0,,0,0,13.4,2.2,639,1005,72.7,3.1,701,2.5,7,,Partially cloudy,partly-cloudy-day,"VABP,INMU0020417,42667099999,INI0000VABP"
"Bhopal, Madhya Pradesh, India",2025-08-14T14:00:00,79.2,79.2,76.6,91.76,0,0,,0,0,13,5.8,40,1001.6,71.7,3,746.4,2.7,7,,Partially cloudy,partly-cloudy-day,"VABP,INM00042763,INMU0020417,42667099999,42763099999,INI0000VABP"
"Bhopal, Madhya Pradesh, India",2025-08-14T15:00:00,86.1,108.3,84.3,94.4,0,0,,0,0,12.8,6.9,310,1004,78.2,3.1,533.2,1.9,5,,Partially cloudy,partly-cloudy-day,"VABP,INMU0020417,42667099999,INI0000VABP"
"Bhopal, Madhya Pradesh, India",2025-08-14T16:00:00,85.4,97.5,78.2,79.15,0,0,,0,0,11.6,3.6,65.2,1002,71,,401.2,1.4,4,,Partially cloudy,partly-cloudy-day,remote
"Bhopal, Madhya Pradesh, India",2025-08-14T17:00:00,84.4,103.6,84,98.77,0,0,,0,0,11.2,3.4,310,1000.2,78.6,3.1,342,1.2,3,,Partially cloudy,partly-cloudy-day,"VABP,INMU0020417,42672099999,42667099999,42763099999,INI0000VABP"
"Bhopal, Madhya Pradesh, India",2025-08-14T18:00:00,82.5,96.4,82.5,100,0,0,,0,0,12.3,8.1,290,1004,78.2,3.1,210.4,0.8,2,,Partially cloudy,partly-cloudy-day,"VABP,INMU0020417,42667099999,INI0000VABP"
"Bhopal, Madhya Pradesh, India",2025-08-14T19:00:00,83.9,94.7,78,82.4,0,0,,0,0,7.8,3.1,31.7,1002,72.1,,72.1,0.3,0,,Partially cloudy,partly-cloudy-night,remote
"Bhopal, Madhya Pradesh, India",2025-08-14T20:00:00,79,79,77.1,93.79,0.008,100,rain,0,0,8.7,3.4,230,1002.3,79.5,3,3,0,0,,"Rain, Partially cloudy",rain,"VABP,INMU0020417,42667099999,INI0000VABP"
"Bhopal, Madhya Pradesh, India",2025-08-14T21:00:00,78.9,78.9,77.1,94.23,0,0,,0,0,6.7,2.2,340,1005,78.2,2.5,0,0,0,,Partially cloudy,partly-cloudy-night,"VABP,INMU0020417,42667099999,INI0000VABP"
"Bhopal, Madhya Pradesh, India",2025-08-14T22:00:00,78.9,78.9,77.1,94.23,0,0,,0,0,5.6,3.4,20,1006,2.5,1.9,0,0,0,,Clear,clear-night,"VABP,INMU0020417,42667099999,INI0000VABP"
"Bhopal, Madhya Pradesh, India",2025-08-14T23:00:00,78.9,78.9,77.1,94.07,0,0,,0,0,5.1,4.8,20,1003,74,1.2,0,0,0,,Partially cloudy,partly-cloudy-night,"VABP,INMU0020417,42667099999,INI0000VABP"
"Bhopal, Madhya Pradesh, India",2025-08-15T00:00:00,78.9,78.9,77.1,94.23,0,0,,0,0,6,4.7,20,1005,72.7,1.2,0,0,0,,Partially cloudy,partly-cloudy-night,"VABP,INMU0020417,42667099999,INI0000VABP"
"Bhopal, Madhya Pradesh, India",2025-08-15T01:00:00,77.1,77.1,75.3,94.19,0,0,,0,0,5.1,3.4,350,1005,72.7,0.7,0,0,0,,Partially cloudy,fog,"VABP,INMU0020417,42667099999,INI0000VABP"
"Bhopal, Madhya Pradesh, India",2025-08-15T02:00:00,78.1,78.1,76.1,93.68,0,0,,0,0,4.3,2.2,70,1002,68.5,0.7,0,0,0,,Partially cloudy,fog,"VABP,INMU0020417,42667099999,INI0000VABP"
"Bhopal, Madhya Pradesh, India",2025-08-15T03:00:00,78.2,78.2,76.7,95.35,0.024,100,rain,0,0,7.2,3.6,23.3,1003,90.4,,0,0,0,,"Rain, Overcast",rain,remote
"Bhopal, Madhya Pradesh, India",2025-08-15T04:00:00,75.3,75.3,73.5,94.15,0,0,,0,0,8.9,3.4,10,1004,72.7,1.2,0,0,0,,Partially cloudy,partly-cloudy-night,"VABP,INMU0020417,42667099999,INI0000VABP"
"Bhopal, Madhya Pradesh, India",2025-08-15T05:00:00,75.4,75.4,75.3,99.77,0,0,,0,0,7.8,3.4,20,1001.7,74,1.2,0,0,0,,Partially cloudy,partly-cloudy-night,"VABP,INMU0020417,42667099999,INI0000VABP"
"Bhopal, Madhya Pradesh, India",2025-08-15T06:00:00,75.3,75.3,75.3,100,0,0,,0,0,7.6,3.4,40,1005,72.7,1.2,0,0,0,,Partially cloudy,partly-cloudy-day,"VABP,INMU0020417,42667099999,INI0000VABP"
"Bhopal, Madhya Pradesh, India",2025-08-15T07:00:00,77.1,77.1,75.3,94.19,0,0,,0,0,8.5,2.2,30,1005,61.8,1.2,7,0,0,,Partially cloudy,partly-cloudy-day,"VABP,INMU0020417,42667099999,INI0000VABP"
"Bhopal, Madhya Pradesh, India",2025-08-15T08:00:00,79,79,78.8,99.44,0,0,,0,0,9.4,5.8,20,1003,93.1,3.1,92.6,0.3,1,,Overcast,cloudy,"VABP,INMU0020417,42672099999,42667099999,42763099999,INI0000VABP"
"Bhopal, Madhya Pradesh, India",2025-08-15T09:00:00,79.2,79.2,75.3,87.72,0,0,,0,0,8.9,4.3,48.7,1004,22.7,,253.9,0.9,3,,Partially cloudy,partly-cloudy-day,remote
"Bhopal, Madhya Pradesh, India",2025-08-15T10:00:00,79.6,79.6,75.8,88.26,0.004,100,rain,0,0,11.4,4,53.6,1004,35.3,,370.2,1.3,4,,"Rain, Partially cloudy",rain,remote
"Bhopal, Madhya Pradesh, India",2025-08-15T11:00:00,87.9,119.5,87.5,98.68,0,0,,0,0,11.9,3.4,20,1002,74,3.1,556.8,2,6,,Partially cloudy,partly-cloudy-day,"VABP,INM00042763,INMU0020417,42667099999,42763099999,INI0000VABP"
"Bhopal, Madhya Pradesh, India",2025-08-15T12:00:00,87.9,98,75.3,66.39,0,0,,0,0,11.9,4.7,10,1005,72.7,3.1,551,2,6,,Partially cloudy,partly-cloudy-day,"VABP,INMU0020417,42667099999,INI0000VABP"
"Bhopal, Madhya Pradesh, India",2025-08-15T13:00:00,86.6,98.9,77.6,74.68,0.008,100,rain,0,0,14.5,3.8,29,1003,47.9,,810.9,2.9,8,,"Rain, Partially cloudy",rain,remote
"Bhopal, Madhya Pradesh, India",2025-08-15T14:00:00,86.2,93.9,73.6,66.34,0,0,,0,0,14.8,11.4,20,999.1,81.7,2.4,729.4,2.6,7,,Partially cloudy,partly-cloudy-day,"VABP,INM00042763,INMU0020417,42667099999,42763099999,INI0000VABP"
"Bhopal, Madhya Pradesh, India",2025-08-15T15:00:00,86.1,95.4,75.3,70.3,0,0,,0,0,13.6,4.7,60,1002,81.7,2.5,612.9,2.2,6,,Partially cloudy,partly-cloudy-day,"VABP,INMU0020417,42667099999,INI0000VABP"
"Bhopal, Madhya Pradesh, India",2025-08-15T16:00:00,82.5,89.7,75.3,78.93,0,0,,0,0,13,6.9,110,1001,81.7,2.5,511.9,1.8,5,,Partially cloudy,partly-cloudy-day,"VABP,INMU0020417,42667099999,INI0000VABP"
"Bhopal, Madhya Pradesh, India",2025-08-15T17:00:00,82.5,89.8,75.3,78.88,0,0,,0,0,11.9,6.9,110,998.9,79.8,2.5,301.8,1.1,3,,Partially cloudy,partly-cloudy-day,"VABP,INMU0020417,42672099999,42667099999,42763099999,INI0000VABP"
"Bhopal, Madhya Pradesh, India",2025-08-15T18:00:00,80.7,86.4,75.3,83.68,0,0,,0,0,13,4.7,220,1003,70,2.5,203.9,0.7,2,,Partially cloudy,partly-cloudy-day,"VABP,INMU0020417,42667099999,INI0000VABP"
"Bhopal, Madhya Pradesh, India",2025-08-15T19:00:00,83.4,92.8,77.1,81.39,0,0,,0,0,11.9,1.8,64.4,1001,81.8,,75.6,0.3,0,,Partially cloudy,partly-cloudy-night,remote
"Bhopal, Madhya Pradesh, India",2025-08-15T20:00:00,77.2,77.2,73.6,88.58,0,0,,0,0,7.4,5.8,280,1000.7,71.3,2.5,2.8,0,0,,Partially cloudy,partly-cloudy-night,"VABP,INMU0020417,42667099999,INI0000VABP"
"Bhopal, Madhya Pradesh, India",2025-08-15T21:00:00,77.1,77.1,73.5,88.68,0,0,,0,0,3.4,4.7,270,1005,61.8,2.5,0,0,0,,Partially cloudy,partly-cloudy-night,"VABP,INMU0020417,42667099999,INI0000VABP"
"Bhopal, Madhya Pradesh, India",2025-08-15T22:00:00,75.3,75.3,73.5,94.15,0,0,,0,0,4.7,5.8,270,1005,61.8,2.5,0,0,0,,Partially cloudy,partly-cloudy-night,"VABP,INMU0020417,42667099999,INI0000VABP"
"Bhopal, Madhya Pradesh, India",2025-08-15T23:00:00,75.5,75.5,73.6,93.8,0,0,,0,0,10.1,4.7,280,1000.7,96.8,2.5,0,0,0,,Overcast,cloudy,"VABP,INMU0020417,42667099999,INI0000VABP"
"Bhopal, Madhya Pradesh, India",2025-08-16T00:00:00,77.8,77.8,75.8,93.65,0,0,,0,0,13.9,3.6,308.8,1003,100,,0,0,0,,Overcast,cloudy,remote
"Bhopal, Madhya Pradesh, India",2025-08-16T01:00:00,75.3,75.3,73.5,94.15,0,0,,0,0,9.4,3.4,330,1003,93.5,2.5,0,0,0,,Overcast,cloudy,"VABP,INMU0020417,42667099999,INI0000VABP"
"Bhopal, Madhya Pradesh, India",2025-08-16T02:00:00,76.6,76.6,74,91.79,0,0,,0,0,8.9,5.8,320,1000.3,77.7,2.5,0,0,0,,Partially cloudy,partly-cloudy-night,"VABP,INMU0020417,42667099999,INI0000VABP"
"Bhopal, Madhya Pradesh, India",2025-08-16T03:00:00,77.6,77.6,75.8,94.21,0,0,,0,0,7.8,5.1,12,1001,98.3,,0,0,0,,Overcast,cloudy,remote
"Bhopal, Madhya Pradesh, India",2025-08-16T04:00:00,73.5,73.5,73.5,100,0,0,,0,0,5.1,4.7,320,1002,93.5,2.5,0,0,0,,Overcast,cloudy,"VABP,INMU0020417,42667099999,INI0000VABP"
"Bhopal, Madhya Pradesh, India",2025-08-16T05:00:00,73.6,73.6,73.5,99.62,0,0,,0,0,7.2,4.7,330,999.8,93.1,2.5,0,0,0,,Overcast,cloudy,"VABP,INMU0020417,42667099999,INI0000VABP"
"Bhopal, Madhya Pradesh, India",2025-08-16T06:00:00,73.5,73.5,73.5,100,0,0,,0,0,8.9,4.7,320,1003,61.8,2.5,0,0,0,,Partially cloudy,partly-cloudy-day,"VABP,INMU0020417,42667099999,INI0000VABP"
"Bhopal, Madhya Pradesh, India",2025-08-16T07:00:00,75.3,75.3,73.5,94.15,0,0,,0,0,9.6,3.4,320,1003,61.8,2.5,6.8,0,0,,Partially cloudy,partly-cloudy-day,"VABP,INMU0020417,42667099999,INI0000VABP"
"Bhopal, Madhya Pradesh, India",2025-08-16T08:00:00,79,79,75.3,88.73,0,0,,0,0,11.6,3.3,320,1001.3,62.3,2.4,65.2,0.2,1,,Partially cloudy,partly-cloudy-day,"VABP,INMU0020417,42672099999,42667099999,42763099999,INI0000VABP"
"Bhopal, Madhya Pradesh, India",2025-08-16T09:00:00,80.7,86.4,75.3,83.68,0,0,,0,0,14.8,6.9,360,1004,72.7,3.1,162,0.6,2,,Partially cloudy,partly-cloudy-day,"VABP,INMU0020417,42667099999,INI0000VABP"
"Bhopal, Madhya Pradesh, India",2025-08-16T10:00:00,84.3,92.7,75.3,74.47,0,0,,0,0,14.8,6.9,340,1004,78.2,3.1,226,0.8,2,,Partially cloudy,partly-cloudy-day,"VABP,INMU0020417,42667099999,INI0000VABP"
"Bhopal, Madhya Pradesh, India",2025-08-16T11:00:00,84.4,92.9,75.4,74.54,0,0,,0,0,16.3,11.4,20,999.7,79.9,3.1,440,1.6,4,,Partially cloudy,partly-cloudy-day,"VABP,INM00042763,INMU0020417,42667099999,42763099999,INI0000VABP"
"Bhopal, Madhya Pradesh, India",2025-08-16T12:00:00,85.6,97.2,77.6,77.3,0,0,,0,0,16.3,5.8,33.9,1002,85.1,,260.2,0.9,3,,Partially cloudy,partly-cloudy-day,remote
"Bhopal, Madhya Pradesh, India",2025-08-16T13:00:00,80.7,86.4,75.3,83.68,0,0,,0,0,18.1,6.9,50,1002,94.5,2.5,757.9,2.7,8,,Overcast,cloudy,"VABP,INMU0020417,42667099999,INI0000VABP"
"Bhopal, Madhya Pradesh, India",2025-08-16T14:00:00,73.6,73.6,73.5,99.86,0.079,100,rain,0,0,17.7,3.4,320,999.2,82.1,1.2,645.4,2.3,6,,"Rain, Partially cloudy",rain,"VABP,INM00042763,INMU0020417,42667099999,42763099999,INI0000VABP"
"Bhopal, Madhya Pradesh, India",2025-08-16T15:00:00,82.8,92.4,77.8,84.82,0,0,,0,0,16.8,6.5,46.5,999,83,,384.5,1.4,4,,Partially cloudy,partly-cloudy-day,remote
"Bhopal, Madhya Pradesh, India",2025-08-16T16:00:00,81.1,87.6,76.2,85.22,0,0,,0,0,15.7,8.9,39.7,999,98.6,,377.8,1.4,4,,Overcast,cloudy,remote
"Bhopal, Madhya Pradesh, India",2025-08-16T17:00:00,73.6,73.6,71.8,94.18,0.236,100,rain,0,0,15.2,9.2,350,998.8,82.2,1.2,259.5,0.9,3,,"Rain, Partially cloudy",rain,"VABP,INMU0020417,42672099999,42667099999,42763099999,INI0000VABP"
"Bhopal, Madhya Pradesh, India",2025-08-16T18:00:00,73.5,73.5,71.7,94.11,0,0,,0,0,13.4,2.2,90,1001,73.5,2.5,144.1,0.5,1,,Partially cloudy,partly-cloudy-day,"VABP,INMU0020417,42667099999,INI0000VABP"
"Bhopal, Madhya Pradesh, India",2025-08-16T19:00:00,73.5,73.5,71.7,94.11,0,0,,0,0,10.5,2.2,360,1001,93.5,2.5,41.5,0.1,0,,Overcast,cloudy,"VABP,INMU0020417,42667099999,INI0000VABP"
"Bhopal, Madhya Pradesh, India",2025-08-16T20:00:00,73.5,73.5,73.5,99.92,0.276,100,rain,0,0,8.1,3.4,350,999.7,92.3,2.5,2.5,0,0,,"Rain, Overcast",rain,"VABP,INMU0020417,42667099999,INI0000VABP"
"Bhopal, Madhya Pradesh, India",2025-08-16T21:00:00,73.5,73.5,73.5,100,0,0,,0,0,9.6,4.7,320,1003,93.5,2.5,0,0,0,,Overcast,cloudy,"VABP,INMU0020417,42667099999,INI0000VABP"
"Bhopal, Madhya Pradesh, India",2025-08-16T22:00:00,77.4,77.4,75.1,92.52,0,0,,0,0,6.9,5.1,84.9,1001,78.4,,0,0,0,,Partially cloudy,partly-cloudy-night,remote
"Bhopal, Madhya Pradesh, India",2025-08-16T23:00:00,73.5,73.5,73.5,100,0,0,,0,0,7.2,3.4,320,1000.4,62.2,3.1,0,0,0,,Partially cloudy,partly-cloudy-night,"VABP,INMU0020417,42667099999,INI0000VABP"
"Bhopal, Madhya Pradesh, India",2025-08-17T00:00:00,77.1,77.1,75.5,94.76,0,0,,0,0,6.3,2.9,108.6,1001,80.1,,0,0,0,,Partially cloudy,partly-cloudy-night,remote
"Bhopal, Madhya Pradesh, India",2025-08-17T01:00:00,73.5,73.5,73.5,100,0,0,,0,0,7.4,4.7,330,1002,61.8,3.1,0,0,0,,Partially cloudy,partly-cloudy-night,"VABP,INMU0020417,42667099999,INI0000VABP"
"Bhopal, Madhya Pradesh, India",2025-08-17T02:00:00,75.2,75.2,74.9,98.86,0,0,,0,0,7.6,0,607,999.6,53.1,2.5,0,0,0,,Partially cloudy,partly-cloudy-night,"VABP,INMU0020417,42667099999,INI0000VABP"
"Bhopal, Madhya Pradesh, India",2025-08-17T03:00:00,76.6,76.6,75.8,97.64,0.004,100,rain,0,0,7.8,4.3,108.2,1000,88,,0,0,0,,"Rain, Partially cloudy",rain,remote
"Bhopal, Madhya Pradesh, India",2025-08-17T04:00:00,76.7,76.7,76.2,98.22,0,0,,0,0,7.8,3.1,87.7,1001,40.1,,0,0,0,,Partially cloudy,partly-cloudy-night,remote
"Bhopal, Madhya Pradesh, India",2025-08-17T05:00:00,75.4,75.4,75.3,99.87,0,0,,0,0,6.7,0,639,999.8,100,0,0,0,0,,Overcast,cloudy,"INMU0020417,42667099999,INI0000VABP"
"Bhopal, Madhya Pradesh, India",2025-08-17T06:00:00,78.7,78.7,76.2,92.01,0,0,,0,0,6.5,3.8,75.5,1001,29.8,,0,0,0,,Partially cloudy,partly-cloudy-day,remote
"Bhopal, Madhya Pradesh, India",2025-08-17T07:00:00,75.3,75.3,75.3,100,0,0,,0,0,5.6,5.8,360,1003,0,1.2,8.1,0,0,,Clear,clear-day,"INMU0020417,42667099999,INI0000VABP"
"Bhopal, Madhya Pradesh, India",2025-08-17T08:00:00,77.1,77.1,75.3,94.31,0,0,,0,0,9.6,5.8,20,1000.6,93.9,1.8,105.5,0.4,1,,Overcast,cloudy,"VABP,INMU0020417,42672099999,42667099999,42763099999,INI0000VABP"
"Bhopal, Madhya Pradesh, India",2025-08-17T09:00:00,82.5,89.7,75.3,78.93,0,0,,0,0,13.6,9.2,80,1004,72.7,2.5,289.7,1,3,,Partially cloudy,partly-cloudy-day,"VABP,INMU0020417,42667099999,INI0000VABP"
"Bhopal, Madhya Pradesh, India",2025-08-17T10:00:00,81.2,88.7,77.3,87.81,0.004,100,rain,0,0,15.9,5.6,89.9,1002,15.5,,450.8,1.6,5,,Rain,rain,remote
"Bhopal, Madhya Pradesh, India",2025-08-17T11:00:00,86.1,95.5,75.3,70.31,0,0,,0,0,18.8,5.8,70,1000.7,73.1,3.1,601.1,2.2,6,,Partially cloudy,partly-cloudy-day,"VABP,INM00042763,INMU0020417,42667099999,42763099999,INI0000VABP"
"Bhopal, Madhya Pradesh, India",2025-08-17T12:00:00,84.3,92.7,75.3,74.47,0,0,,0,0,20.8,4.7,80,1004,72.7,3.1,786.5,2.8,8,,Partially cloudy,partly-cloudy-day,"VABP,INMU0020417,42667099999,INI0000VABP"
"Bhopal, Madhya Pradesh, India",2025-08-17T13:00:00,86.1,95.4,75.3,70.3,0,0,,0,0,21,6.9,70,1003,78.2,3.1,827.1,3,8,,Partially cloudy,partly-cloudy-day,"VABP,INMU0020417,42667099999,INI0000VABP"
"Bhopal, Madhya Pradesh, India",2025-08-17T14:00:00,86.1,95.5,75.3,70.34,0,0,,0,0,20.8,5.8,50,998.8,94.4,3.1,600.4,2.2,6,,Overcast,cloudy,"VABP,INM00042763,INMU0020417,42667099999,42763099999,INI0000VABP"
"Bhopal, Madhya Pradesh, India",2025-08-17T15:00:00,86.1,93.6,73.5,66.19,0,0,,0,0,21.3,8.1,90,1001,93.5,3.1,709,2.6,7,,Overcast,cloudy,"VABP,INMU0020417,42667099999,INI0000VABP"
"Bhopal, Madhya Pradesh, India",2025-08-17T16:00:00,87.3,97.9,75.8,68.76,0.031,100,rain,0,0,19.9,8.5,84.8,999,56.1,,583.6,2.1,6,,"Rain, Partially cloudy",rain,remote
"Bhopal, Madhya Pradesh, India",2025-08-17T17:00:00,84.4,91.3,73.6,70.18,0,0,,0,0,18.8,4.7,80,997.4,93,3.1,322,1.2,3,,Overcast,cloudy,"VABP,INMU0020417,42672099999,42667099999,42763099999,INI0000VABP"
"Bhopal, Madhya Pradesh, India",2025-08-17T18:00:00,85.6,95.6,76.2,73.7,0,0,,0,0,16.3,6.3,65.8,999,84.3,,153.2,0.6,2,,Partially cloudy,partly-cloudy-day,remote
"Bhopal, Madhya Pradesh, India",2025-08-17T19:00:00,82.5,88.4,73.5,74.31,0,0,,0,0,11.2,6.9,90,1003,93.5,3.1,59.8,0.2,0,,Overcast,cloudy,"VABP,INMU0020417,42667099999,INI0000VABP"
"Bhopal, Madhya Pradesh, India",2025-08-17T20:00:00,80.8,85.7,73.5,78.69,0,0,,0,0,7.8,3.4,60,1000.1,73.2,3.1,2.6,0,0,,Partially cloudy,partly-cloudy-night,"VABP,INMU0020417,42667099999,INI0000VABP"
"Bhopal, Madhya Pradesh, India",2025-08-17T21:00:00,78.9,78.9,71.7,78.65,0,0,,0,0,6,4.7,90,1004,72.7,3.1,0,0,0,,Partially cloudy,partly-cloudy-night,"VABP,INMU0020417,42667099999,INI0000VABP"
"Bhopal, Madhya Pradesh, India",2025-08-17T22:00:00,81.6,89.2,76.9,85.76,0,0,,0,0,4.5,4,109.6,1002,79.9,,0,0,0,,Partially cloudy,partly-cloudy-night,remote
"Bhopal, Madhya Pradesh, India",2025-08-17T23:00:00,77.2,77.2,73.6,88.64,0,0,,0,0,4.7,2.2,350,1002.2,62.2,3.1,0,0,0,,Partially cloudy,partly-cloudy-night,"VABP,INMU0020417,42667099999,INI0000VABP"
"Bhopal, Madhya Pradesh, India",2025-08-18T00:00:00,79.4,79.4,76.2,89.86,0,0,,0,0,5.4,4,118.7,1003,100,,0,0,0,,Overcast,cloudy,remote
"Bhopal, Madhya Pradesh, India",2025-08-18T01:00:00,79.8,79.8,76,88.27,0.016,100,rain,0,0,5.4,2,99.8,1003,100,,0,0,0,,"Rain, Overcast",rain,remote
"Bhopal, Madhya Pradesh, India",2025-08-18T02:00:00,75.4,75.4,75.3,99.8,0,0,,0,0,6.5,3.4,360,1001.6,74,1.8,0,0,0,,Partially cloudy,partly-cloudy-night,"VABP,INMU0020417,42667099999,INI0000VABP"
"Bhopal, Madhya Pradesh, India",2025-08-18T03:00:00,78,78,75.5,91.98,0.031,100,rain,0,0,10.5,3.8,30.6,1002,98.3,,0,0,0,,"Rain, Overcast",rain,remote
"Bhopal, Madhya Pradesh, India",2025-08-18T04:00:00,77.1,77.1,75.3,94.19,0,0,,0,0,10.5,2.2,30,1004,0,0.6,0,0,0,,Clear,fog,"INMU0020417,42667099999,INI0000VABP"
"Bhopal, Madhya Pradesh, India",2025-08-18T05:00:00,75.4,75.4,75.4,99.95,0,0,,0,0,6.7,2.2,10,1001.4,61.4,1.2,0,0,0,,Partially cloudy,partly-cloudy-night,"VABP,INMU0020417,42667099999,INI0000VABP"
"Bhopal, Madhya Pradesh, India",2025-08-18T06:00:00,77.1,77.1,75.3,94.19,0,0,,0,0,3.8,4.7,20,1005,61.8,1.2,0,0,0,,Partially cloudy,partly-cloudy-day,"VABP,INMU0020417,42667099999,INI0000VABP"
"Bhopal, Madhya Pradesh, India",2025-08-18T07:00:00,78.9,78.9,75.3,88.76,0,0,,0,0,3.1,4.7,20,1005,61.8,2.5,7,0,0,,Partially cloudy,partly-cloudy-day,"VABP,INMU0020417,42667099999,INI0000VABP"
"Bhopal, Madhya Pradesh, India",2025-08-18T08:00:00,82.5,91.1,77.1,83.8,0,0,,0,0,5.1,4.7,20,1001.9,24.4,2.5,89.2,0.3,1,,Partially cloudy,partly-cloudy-day,"VABP,INMU0020417,42672099999,42667099999,42763099999,INI0000VABP"
"Bhopal, Madhya Pradesh, India",2025-08-18T09:00:00,84.3,92.7,75.3,74.47,0,0,,0,0,9.6,4.7,30,1005,72.7,3.1,213.1,0.8,2,,Partially cloudy,partly-cloudy-day,"VABP,INMU0020417,42667099999,INI0000VABP"
"Bhopal, Madhya Pradesh, India",2025-08-18T10:00:00,86.1,95.4,75.3,70.3,0,0,,0,0,15,9.2,80,1005,72.7,3.1,328.9,1.2,3,,Partially cloudy,partly-cloudy-day,"VABP,INMU0020417,42667099999,INI0000VABP"
"Bhopal, Madhya Pradesh, India",2025-08-18T11:00:00,87.9,98.1,75.4,66.7,0,0,,0,0,15,4.7,50,1001.3,74,3.1,354.1,1.3,4,,Partially cloudy,partly-cloudy-day,"VABP,INM00042763,INMU0020417,42667099999,42763099999,INI0000VABP"
"Bhopal, Madhya Pradesh, India",2025-08-18T12:00:00,87,99.5,77.6,73.83,0.008,100,rain,0,0,15,2,67.9,1003,97.1,,471.7,1.7,5,,"Rain, Overcast",rain,remote
"Bhopal, Madhya Pradesh, India",2025-08-18T13:00:00,87.9,100.2,77.1,70.48,0,0,,0,0,14.8,8.1,20,1003,78.2,3.1,539.5,1.9,5,,Partially cloudy,partly-cloudy-day,"VABP,INMU0020417,42667099999,INI0000VABP"
"Bhopal, Madhya Pradesh, India",2025-08-18T14:00:00,82.5,87.4,71.8,70.23,0,0,,0,0,14.5,11.4,360,999.8,79.4,3.1,433.8,1.6,4,,Partially cloudy,partly-cloudy-day,"VABP,INM00042763,INMU0020417,42667099999,42763099999,INI0000VABP"
"Bhopal, Madhya Pradesh, India",2025-08-18T15:00:00,82.5,87.3,71.7,69.93,0,0,,0,0,16.1,8.1,360,1002,78.2,3.1,285.8,1,3,,Partially cloudy,partly-cloudy-day,"VABP,INMU0020417,42667099999,INI0000VABP"
"Bhopal, Madhya Pradesh, India",2025-08-18T16:00:00,80.9,87.5,76.7,87.27,0.008,100,rain,0,0,13.4,2.2,57.6,1000,94.2,,382.8,1.4,4,,"Rain, Overcast",rain,remote
"Bhopal, Madhya Pradesh, India",2025-08-18T17:00:00,80.7,88.4,78.7,93.75,0,0,,0,0,10.3,6.9,30,999.1,79.5,3.1,332,1.2,3,,Partially cloudy,partly-cloudy-day,"VABP,INMU0020417,42672099999,42667099999,42763099999,INI0000VABP"
"Bhopal, Madhya Pradesh, India",2025-08-18T18:00:00,78.9,78.9,75.3,88.76,0,0,,0,0,11.9,8.1,20,1003,78.2,3.1,148.3,0.5,1,,Partially cloudy,partly-cloudy-day,"VABP,INMU0020417,42667099999,INI0000VABP"
"Bhopal, Madhya Pradesh, India",2025-08-18T19:00:00,77.1,77.1,75.3,94.19,0,0,,0,0,13.2,3.4,320,1004,94.5,2.5,44.6,0.2,0,,Overcast,cloudy,"VABP,INMU0020417,42667099999,INI0000VABP"
"Bhopal, Madhya Pradesh, India",2025-08-18T20:00:00,77.2,77.2,75.3,94.03,0,0,,0,0,9.6,4.7,320,1001.2,93.5,2.4,2,0,0,,Overcast,cloudy,"VABP,INMU0020417,42667099999,INI0000VABP"
"Bhopal, Madhya Pradesh, India",2025-08-18T21:00:00,77.1,77.1,73.5,88.68,0,0,,0,0,6,5.8,320,1005,93.5,2.5,0,0,0,,Overcast,cloudy,"VABP,INMU0020417,42667099999,INI0000VABP"
"Bhopal, Madhya Pradesh, India",2025-08-18T22:00:00,75.3,75.3,73.5,94.15,0,0,,0,0,3.4,2.2,10,1004,93.5,2.5,0,0,0,,Overcast,cloudy,"VABP,INMU0020417,42667099999,INI0000VABP"
"Bhopal, Madhya Pradesh, India",2025-08-18T23:00:00,77.1,77.1,75.3,94.19,0,0,,0,0,3.1,2.2,50,1001.5,93.1,2.5,0,0,0,,Overcast,cloudy,"VABP,INMU0020417,42667099999,INI0000VABP"
"Bhopal, Madhya Pradesh, India",2025-08-19T00:00:00,75.3,75.3,75.3,100,0,0,,0,0,6.9,4.7,260,1003,93.5,2.5,0,0,0,,Overcast,cloudy,"VABP,INMU0020417,42667099999,INI0000VABP"
"Bhopal, Madhya Pradesh, India",2025-08-19T01:00:00,75.3,75.3,75.3,100,0,0,,0,0,7.2,0,607,1003,93.5,2.5,0,0,0,,Overcast,cloudy,"VABP,INMU0020417,42667099999,INI0000VABP"
"Bhopal, Madhya Pradesh, India",2025-08-19T02:00:00,75.4,75.4,75.4,99.85,0,0,,0,0,7.6,3.4,320,1000,93.1,1.8,0,0,0,,Overcast,cloudy,"VABP,INMU0020417,42667099999,INI0000VABP"
"Bhopal, Madhya Pradesh, India",2025-08-19T03:00:00,77.3,77.3,76.2,96.48,0,0,,0,0,6.7,3.1,33.5,1001,99.4,,0,0,0,,Overcast,cloudy,remote
"Bhopal, Madhya Pradesh, India",2025-08-19T04:00:00,77.1,77.1,75.3,94.19,0,0,,0,0,6.9,3.4,330,1003,93.5,1.9,0,0,0,,Overcast,cloudy,"VABP,INMU0020417,42667099999,INI0000VABP"
"Bhopal, Madhya Pradesh, India",2025-08-19T05:00:00,77.1,77.1,75.4,94.27,0,0,,0,0,6.3,2.2,70,1000,93.5,1.8,0,0,0,,Overcast,cloudy,"VABP,INMU0020417,42667099999,INI0000VABP"
"Bhopal, Madhya Pradesh, India",2025-08-19T06:00:00,77.1,77.1,75.3,94.19,0,0,,0,0,5.4,2.2,30,1003,93.5,2.5,0,0,0,,Overcast,cloudy,"VABP,INMU0020417,42667099999,INI0000VABP"
"Bhopal, Madhya Pradesh, India",2025-08-19T07:00:00,78.9,78.9,75.3,88.76,0,0,,0,0,7.8,4.7,60,1004,93.5,2.5,6.8,0,0,,Overcast,cloudy,"VABP,INMU0020417,42667099999,INI0000VABP"
"Bhopal, Madhya Pradesh, India",2025-08-19T08:00:00,80.7,88.4,78.8,94.09,0,0,,0,0,11.2,4.7,50,1001,93.5,2.5,86.1,0.3,1,,Overcast,cloudy,"VABP,INMU0020417,42672099999,42667099999,42763099999,INI0000VABP"
"Bhopal, Madhya Pradesh, India",2025-08-19T09:00:00,80.7,86.4,75.3,83.68,0,0,,0,0,12.3,9.2,80,1004,96.3,2.5,220.6,0.8,2,,Overcast,cloudy,"VABP,INMU0020417,42667099999,INI0000VABP"
"Bhopal, Madhya Pradesh, India",2025-08-19T10:00:00,84.3,92.7,75.3,74.47,0,0,,0,0,14.3,4.7,80,1004,96.3,2.5,350.8,1.3,4,,Overcast,cloudy,"VABP,INMU0020417,42667099999,INI0000VABP"
"Bhopal, Madhya Pradesh, India",2025-08-19T11:00:00,82.7,90,75.3,78.59,0,0,,0,0,15.7,9.2,20,1000.4,96.2,3.1,359.8,1.3,4,,Overcast,cloudy,"VABP,INM00042763,INMU0020417,42667099999,42763099999,INI0000VABP"
"Bhopal, Madhya Pradesh, India",2025-08-19T12:00:00,86.1,95.4,75.3,70.3,0,0,,0,0,16.3,5.8,40,1003,96.3,3.1,413.7,1.5,4,,Overcast,cloudy,"VABP,INMU0020417,42667099999,INI0000VABP"
"Bhopal, Madhya Pradesh, India",2025-08-19T13:00:00,87,99.3,77.4,73.4,0,0,,0,0,15.4,3.8,59.1,1001,86.1,,539.8,1.9,5,,Partially cloudy,partly-cloudy-day,remote
"Bhopal, Madhya Pradesh, India",2025-08-19T14:00:00,86.1,95.5,75.4,70.42,0,0,,0,0,16.3,9.2,360,998.1,81.7,3.1,366,1.3,4,,Partially cloudy,partly-cloudy-day,"VABP,INM00042763,INMU0020417,42667099999,42763099999,INI0000VABP"
"Bhopal, Madhya Pradesh, India",2025-08-19T15:00:00,87.9,98,75.3,66.39,0,0,,0,0,16.8,6.9,20,1000,81.7,3.1,535,1.9,5,,Partially cloudy,partly-cloudy-day,"VABP,INMU0020417,42667099999,INI0000VABP"
"Bhopal, Madhya Pradesh, India",2025-08-19T16:00:00,86.1,95.4,75.3,70.3,0,0,,0,0,13.6,11.4,10,999,81.7,3.1,202.9,0.7,2,,Partially cloudy,partly-cloudy-day,"VABP,INMU0020417,42667099999,INI0000VABP"
"Bhopal, Madhya Pradesh, India",2025-08-19T17:00:00,82.6,90,75.4,78.88,0.004,100,rain,0,0,10.3,9,50,996.8,81.7,1.8,259.8,0.9,3,,"Rain, Partially cloudy",rain,"VABP,INMU0020417,42672099999,42667099999,42763099999,INI0000VABP"
"Bhopal, Madhya Pradesh, India",2025-08-19T18:00:00,75.3,75.3,73.5,94.15,0,0,,0,0,10.3,6.9,160,1001,74.5,1.2,69.5,0.3,1,,Partially cloudy,partly-cloudy-day,"VABP,INMU0020417,42667099999,INI0000VABP"
"Bhopal, Madhya Pradesh, India",2025-08-19T19:00:00,75.3,75.3,75.3,100,0,0,,0,0,9.2,5.8,130,1002,74.5,1.9,31.3,0.1,0,,Partially cloudy,partly-cloudy-night,"VABP,INMU0020417,42667099999,INI0000VABP"
"Bhopal, Madhya Pradesh, India",2025-08-19T20:00:00,75.4,75.4,75.3,99.9,1.374,100,rain,0,0,5.8,4.7,230,1000.2,73.9,2.5,1.7,0,0,,"Rain, Partially cloudy",rain,"VABP,INMU0020417,42667099999,INI0000VABP"
"Bhopal, Madhya Pradesh, India",2025-08-19T21:00:00,75.3,75.3,75.3,100,0,0,,0,0,5.6,4.7,180,1003,73.5,2.5,0,0,0,,Partially cloudy,partly-cloudy-night,"VABP,INMU0020417,42667099999,INI0000VABP"
"Bhopal, Madhya Pradesh, India",2025-08-19T22:00:00,75.3,75.3,75.3,100,0,0,,0,0,5.6,3.4,230,1003,73.5,2.5,0,0,0,,Partially cloudy,partly-cloudy-night,"VABP,INMU0020417,42667099999,INI0000VABP"
"Bhopal, Madhya Pradesh, India",2025-08-19T23:00:00,75.3,75.3,75.3,99.92,0,0,,0,0,6.7,2.2,50,1001.1,73.9,1.8,0,0,0,,Partially cloudy,partly-cloudy-night,"VABP,INMU0020417,42667099999,INI0000VABP"
"Bhopal, Madhya Pradesh, India",2025-08-20T00:00:00,75.3,75.3,75.3,100,0,0,,0,0,6.9,6.9,200,1003,94.5,2.5,0,0,0,,Overcast,cloudy,"VABP,INMU0020417,42667099999,INI0000VABP"
"Bhopal, Madhya Pradesh, India",2025-08-20T01:00:00,75.3,75.3,73.5,94.15,0,0,,0,0,4.7,3.4,200,1002,94.5,2.5,0,0,0,,Overcast,cloudy,"VABP,INMU0020417,42667099999,INI0000VABP"
"Bhopal, Madhya Pradesh, India",2025-08-20T02:00:00,75.5,75.5,74.5,96.9,0.118,100,rain,0,0,4.9,3.4,360,999.2,91.2,2.5,0,0,0,,"Rain, Overcast",rain,"VABP,INMU0020417,42667099999,INI0000VABP"
"Bhopal, Madhya Pradesh, India",2025-08-20T03:00:00,76.6,76.6,75.3,95.89,0,0,,0,0,4,0.9,280.4,1000,100,,0,0,0,,Overcast,cloudy,remote
"Bhopal, Madhya Pradesh, India",2025-08-20T04:00:00,75.3,75.3,73.5,94.15,0,0,,0,0,4,2.2,340,1002,94.5,2.5,0,0,0,,Overcast,cloudy,"VABP,INMU0020417,42667099999,INI0000VABP"
"Bhopal, Madhya Pradesh, India",2025-08-20T05:00:00,75.3,75.3,75.3,99.82,0,0,,0,0,6.9,2.2,250,999.4,94.9,2.5,0,0,0,,Overcast,cloudy,"VABP,INMU0020417,42667099999,INI0000VABP"
"Bhopal, Madhya Pradesh, India",2025-08-20T06:00:00,75.3,75.3,73.5,94.15,0,0,,0,0,5.1,3.4,320,1003,94.5,1.9,0,0,0,,Overcast,cloudy,"VABP,INMU0020417,42667099999,INI0000VABP"
"Bhopal, Madhya Pradesh, India",2025-08-20T07:00:00,75.3,75.3,73.5,94.15,0,0,,0,0,8.1,2.2,310,1003,94.5,1.9,3.4,0,0,,Overcast,cloudy,"VABP,INMU0020417,42667099999,INI0000VABP"
"Bhopal, Madhya Pradesh, India",2025-08-20T08:00:00,77.1,77.1,75.3,94.2,0,0,,0,0,10.5,3.4,140,1000.6,82.2,2.4,21.4,0.1,0,,Partially cloudy,partly-cloudy-day,"VABP,INMU0020417,42672099999,42667099999,42763099999,INI0000VABP"
"Bhopal, Madhya Pradesh, India",2025-08-20T09:00:00,77.1,77.1,75.3,94.19,0,0,,0,0,11.9,3.4,200,1003,81.7,2.5,71.3,0.3,1,,Partially cloudy,partly-cloudy-day,"VABP,INMU0020417,42667099999,INI0000VABP"
"Bhopal, Madhya Pradesh, India",2025-08-20T10:00:00,78.9,78.9,75.3,88.76,0,0,,0,0,12.5,4.7,120,1004,94.5,2.5,129.3,0.5,1,,Overcast,cloudy,"VABP,INMU0020417,42667099999,INI0000VABP"
"Bhopal, Madhya Pradesh, India",2025-08-20T11:00:00,80.8,86.4,74.8,82.02,0.039,100,rain,0,0,11.2,4.7,140,1000.5,94.9,2.4,169.8,0.6,2,,"Rain, Overcast",rain,"VABP,INM00042763,INMU0020417,42667099999,42763099999,INI0000VABP"
"Bhopal, Madhya Pradesh, India",2025-08-20T12:00:00,82.5,89.7,75.3,78.93,0,0,,0,0,10.7,5.8,200,1003,94.5,2.5,283.5,1,3,,Overcast,cloudy,"VABP,INMU0020417,42667099999,INI0000VABP"
"Bhopal, Madhya Pradesh, India",2025-08-20T13:00:00,82.5,89.7,75.3,78.93,0,0,,0,0,7.2,9.2,220,1002,94.5,2.5,321.7,1.2,3,,Overcast,cloudy,"VABP,INMU0020417,42667099999,INI0000VABP"
"Bhopal, Madhya Pradesh, India",2025-08-20T14:00:00,82.5,89.8,75.3,78.83,0,0,,0,0,8.7,8,190,998,96.2,3.1,409.4,1.5,4,,Overcast,cloudy,"VABP,INM00042763,INMU0020417,42667099999,42763099999,INI0000VABP"
"Bhopal, Madhya Pradesh, India",2025-08-20T15:00:00,82.8,91.6,76.9,82.33,0,0,,0,0,11.2,4.5,191.8,1000,98.6,,364.2,1.3,4,,Overcast,cloudy,remote
"Bhopal, Madhya Pradesh, India",2025-08-20T16:00:00,80.7,85.5,73.5,78.79,0,0,,0,0,14.1,4.7,190,1001,94.5,3.1,360,1.3,4,,Overcast,cloudy,"VABP,INMU0020417,42667099999,INI0000VABP"
"Bhopal, Madhya Pradesh, India",2025-08-20T17:00:00,80.8,86.5,75.3,83.54,0,0,,0,0,14.1,4.7,180,998.4,94.5,3.1,201.3,0.7,2,,Overcast,cloudy,"VABP,INMU0020417,42672099999,42667099999,42763099999,INI0000VABP"
"Bhopal, Madhya Pradesh, India",2025-08-20T18:00:00,79.8,79.8,76,88.27,0,0,,0,0,12.8,5.1,231.6,1000,99.4,,99.1,0.4,1,,Overcast,cloudy,remote
"Bhopal, Madhya Pradesh, India",2025-08-20T19:00:00,80.1,85.9,76.6,88.82,0,0,,0,0,11,5.1,238.1,1001,99.9,,45.2,0.2,0,,Overcast,cloudy,remote
"Bhopal, Madhya Pradesh, India",2025-08-20T20:00:00,78.9,78.9,75.3,88.83,0,0,,0,0,7.2,8,180,1000.8,73.5,3.1,1.2,0,0,,Partially cloudy,partly-cloudy-night,"VABP,INMU0020417,42667099999,INI0000VABP"
"Bhopal, Madhya Pradesh, India",2025-08-20T21:00:00,75.3,75.3,73.5,94.15,0,0,,0,0,9.2,5.8,190,1005,74.5,1.9,0,0,0,,Partially cloudy,partly-cloudy-night,"VABP,INMU0020417,42667099999,INI0000VABP"
"Bhopal, Madhya Pradesh, India",2025-08-20T22:00:00,73.5,73.5,73.5,100,0,0,,0,0,12.8,8.1,190,1005,74.5,1.9,0,0,0,,Partially cloudy,partly-cloudy-night,"VABP,INMU0020417,42667099999,INI0000VABP"
"Bhopal, Madhya Pradesh, India",2025-08-20T23:00:00,73.6,73.6,73.6,99.95,0,0,,0,0,14.8,6.9,190,1002.7,74.5,1.8,0,0,0,,Partially cloudy,partly-cloudy-night,"VABP,INMU0020417,42667099999,INI0000VABP"
"Bhopal, Madhya Pradesh, India",2025-08-21T00:00:00,73.5,73.5,73.5,100,0,0,,0,0,12.8,6.9,210,1005,74.5,1.9,0,0,0,,Partially cloudy,partly-cloudy-night,"VABP,INMU0020417,42667099999,INI0000VABP"
"Bhopal, Madhya Pradesh, India",2025-08-21T01:00:00,73.5,73.5,71.7,94.11,0,0,,0,0,17.2,8.1,230,1005,74.5,1.9,0,0,0,,Partially cloudy,partly-cloudy-night,"VABP,INMU0020417,42667099999,INI0000VABP"
"Bhopal, Madhya Pradesh, India",2025-08-21T02:00:00,73.6,73.6,71.8,94.25,0.118,100,rain,0,0,18.6,6.9,230,1002.1,74.5,1.8,0,0,0,,"Rain, Partially cloudy",rain,"VABP,INMU0020417,42667099999,INI0000VABP"
"Bhopal, Madhya Pradesh, India",2025-08-21T03:00:00,73.5,73.5,71.7,94.11,0,0,,0,0,19.7,6.9,230,1004,73.5,1.9,0,0,0,,Partially cloudy,partly-cloudy-night,"VABP,INMU0020417,42667099999,INI0000VABP"
"Bhopal, Madhya Pradesh, India",2025-08-21T04:00:00,74.7,74.7,73.5,95.86,0,0,,0,0,20.6,10.3,239.6,1003,100,,0,0,0,,Overcast,cloudy,remote
"Bhopal, Madhya Pradesh, India",2025-08-21T05:00:00,73.6,73.6,71.8,94.18,0,0,,0,0,20.4,6.9,219,1002.5,94,1.8,0,0,0,,Overcast,cloudy,"VABP,INMU0020417,42667099999,INI0000VABP"
"Bhopal, Madhya Pradesh, India",2025-08-21T06:00:00,73.5,73.5,71.7,94.11,0,0,,0,0,19.2,5.8,200,1005,73.5,2.5,0,0,0,,Partially cloudy,partly-cloudy-day,"VABP,INMU0020417,42667099999,INI0000VABP"
"Bhopal, Madhya Pradesh, India",2025-08-21T07:00:00,73.5,73.5,71.7,94.11,0,0,,0,0,17.9,9.2,200,1006,93.5,2.5,0.9,0,0,,Overcast,cloudy,"VABP,INMU0020417,42667099999,INI0000VABP"
"Bhopal, Madhya Pradesh, India",2025-08-21T08:00:00,75.4,75.4,73.5,94.06,0,0,,0,0,17,8,200,1004,96.7,2.5,10.1,0,0,,Overcast,cloudy,"VABP,INMU0020417,42672099999,42667099999,42763099999,INI0000VABP"
"Bhopal, Madhya Pradesh, India",2025-08-21T09:00:00,75.3,75.3,73.5,94.15,0,0,,0,0,17.4,9.2,200,1007,96.3,2.5,23.6,0.1,0,,Overcast,cloudy,"VABP,INMU0020417,42667099999,INI0000VABP"
"Bhopal, Madhya Pradesh, India",2025-08-21T10:00:00,77.1,77.1,73.5,88.68,0,0,,0,0,18.6,11.4,210,1007,96.3,3.1,36.7,0.1,0,,Overcast,cloudy,"VABP,INMU0020417,42667099999,INI0000VABP"
"Bhopal, Madhya Pradesh, India",2025-08-21T11:00:00,77.2,77.2,73.6,88.7,0.039,100,rain,0,0,19,9.2,220,1004.3,96.7,1.8,110.2,0.4,1,,"Rain, Overcast",rain,"VABP,INMU0020417,42672099999,42667099999,42763099999,INI0000VABP"
"Bhopal, Madhya Pradesh, India",2025-08-21T12:00:00,80.7,86.4,75.3,83.68,0,0,,0,0,19.2,10.3,220,1006,73.5,3.1,170.3,0.6,2,,Partially cloudy,partly-cloudy-day,"VABP,INMU0020417,42667099999,INI0000VABP"
"Bhopal, Madhya Pradesh, India",2025-08-21T13:00:00,80.7,85.5,73.5,78.79,0,0,,0,0,21.9,9.2,220,1005,81.7,3.1,187.3,0.7,2,,Partially cloudy,partly-cloudy-day,"VABP,INMU0020417,42667099999,INI0000VABP"
"Bhopal, Madhya Pradesh, India",2025-08-21T14:00:00,77.1,77.1,75.3,94.21,0.276,100,rain,0,0,22.4,9.2,230,1002.2,82.1,2.5,149.8,0.5,1,,"Rain, Partially cloudy",rain,"VABP,INM00042763,INMU0020417,42667099999,42763099999,INI0000VABP"
"Bhopal, Madhya Pradesh, India",2025-08-21T15:00:00,75.3,75.3,73.5,94.15,0,0,,0,0,24.6,11.4,220,1004,81.7,2.5,145.5,0.5,1,,Partially cloudy,partly-cloudy-day,"VABP,INMU0020417,42667099999,INI0000VABP"
"Bhopal, Madhya Pradesh, India",2025-08-21T16:00:00,77.1,77.1,73.5,88.68,0,0,,0,0,23,11.4,210,1003,94.5,3.1,106.8,0.4,1,,Overcast,cloudy,"VABP,INMU0020417,42667099999,INI0000VABP"
"Bhopal, Madhya Pradesh, India",2025-08-21T17:00:00,77.1,77.1,77,99.73,0.157,100,rain,0,0,22.1,9.2,200,1001.2,94.9,2.5,205.8,0.7,2,,"Rain, Overcast",rain,"VABP,INMU0020417,42672099999,42667099999,42763099999,INI0000VABP"
"Bhopal, Madhya Pradesh, India",2025-08-21T18:00:00,77.1,77.1,73.5,88.68,0,0,,0,0,20.8,10.3,180,1004,94.5,2.5,160.7,0.6,2,,Overcast,cloudy,"VABP,INMU0020417,42667099999,INI0000VABP"
"Bhopal, Madhya Pradesh, India",2025-08-21T19:00:00,75.3,75.3,73.5,94.15,0,0,,0,0,25.7,8.1,190,1006,81.7,2.5,52.5,0.2,0,,Partially cloudy,partly-cloudy-night,"VABP,INMU0020417,42667099999,INI0000VABP"
"Bhopal, Madhya Pradesh, India",2025-08-21T20:00:00,75.3,75.3,73.6,94.22,0,0,,0,0,23.9,9.2,210,1003.9,82.1,1.2,1,0,0,,Partially cloudy,partly-cloudy-night,"VABP,INMU0020417,42667099999,INI0000VABP"
"Bhopal, Madhya Pradesh, India",2025-08-21T21:00:00,76.4,76.4,74.9,95.32,0,0,,0,0,15.7,10.3,231.7,1005,100,,0,0,0,,Overcast,cloudy,remote
"Bhopal, Madhya Pradesh, India",2025-08-21T22:00:00,76,76,74.2,94.17,0,0,,0,0,18.6,10.5,227.4,1005,100,,0,0,0,,Overcast,cloudy,remote
"Bhopal, Madhya Pradesh, India",2025-08-21T23:00:00,73.6,73.6,73.5,99.87,0.551,100,rain,0,0,18.3,8.1,200,1004.5,94,1.8,0,0,0,,"Rain, Overcast",rain,"VABP,INMU0020417,42667099999,INI0000VABP"
"Bhopal, Madhya Pradesh, India",2025-08-22T00:00:00,74.9,74.9,73.5,95.29,0,0,,0,0,20.4,13.2,235.1,1006,100,,0,0,0,,Overcast,cloudy,remote
"Bhopal, Madhya Pradesh, India",2025-08-22T01:00:00,75.3,75.3,73.3,93.58,0,0,,0,0,24.2,13.4,239.4,1005,100,,0,0,0,,Overcast,cloudy,remote
"Bhopal, Madhya Pradesh, India",2025-08-22T02:00:00,76.3,76.3,74.4,93.9,0,0,,0,0,24.2,9.2,230,1003,88.5,2.5,0,0,0,,Partially cloudy,partly-cloudy-night,"VABP,INMU0020417,42667099999,INI0000VABP"
"Bhopal, Madhya Pradesh, India",2025-08-22T03:00:00,75.1,75.1,73.3,94.15,0,0,,0,0,25.3,13.9,243.6,1004,100,,0,0,0,,Overcast,cloudy,remote
"Bhopal, Madhya Pradesh, India",2025-08-22T04:00:00,75.1,75.1,72.6,91.89,0,0,,0,0,27.3,12.3,248.9,1004,100,,0,0,0,,Overcast,cloudy,remote
"Bhopal, Madhya Pradesh, India",2025-08-22T05:00:00,75.3,75.3,71.8,88.76,0,0,,0,0,27.1,10.3,220,1002.5,94,3.1,0,0,0,,Overcast,cloudy,"VABP,INMU0020417,42667099999,INI0000VABP"
"Bhopal, Madhya Pradesh, India",2025-08-22T06:00:00,75.3,75.3,71.7,88.6,0,0,,0,0,25.7,10.3,230,1005,93.5,3.1,0,0,0,,Overcast,cloudy,"VABP,INMU0020417,42667099999,INI0000VABP"
"Bhopal, Madhya Pradesh, India",2025-08-22T07:00:00,76,76,73.3,91.36,0,0,,0,0,24.8,11.6,247.8,1004,100,,3.4,0,0,,Overcast,cloudy,remote
"Bhopal, Madhya Pradesh, India",2025-08-22T08:00:00,75.3,75.3,73.5,94.2,0,0,,0,0,24.8,16.1,230,1003.6,96.7,1.8,43.1,0.2,0,,Overcast,cloudy,"VABP,INMU0020417,42672099999,42667099999,42763099999,INI0000VABP"
"Bhopal, Madhya Pradesh, India",2025-08-22T09:00:00,75.3,75.3,73.5,94.15,0,0,,0,0,25.3,13.9,230,1006,96.3,2.5,143.3,0.5,1,,Overcast,cloudy,"VABP,INMU0020417,42667099999,INI0000VABP"
"Bhopal, Madhya Pradesh, India",2025-08-22T10:00:00,78.9,78.9,71.7,78.65,0,0,,0,0,35.3,20.8,240,1006,96.3,2.5,318.3,1.1,3,,Overcast,cloudy,"VABP,INMU0020417,42667099999,INI0000VABP"
"Bhopal, Madhya Pradesh, India",2025-08-22T11:00:00,77.2,77.2,71.8,83.37,0,0,,0,0,27.7,16.1,241,1002.7,98.5,3.1,424.9,1.5,4,,Overcast,cloudy,"VABP,INM00042763,INMU0020417,42667099999,42763099999,INI0000VABP"
"Bhopal, Madhya Pradesh, India",2025-08-22T12:00:00,77.1,77.1,71.7,83.46,0,0,,0,0,35.3,20.8,250,1005,98.1,3.1,495.1,1.8,5,,Overcast,cloudy,"VABP,INMU0020417,42667099999,INI0000VABP"
"Bhopal, Madhya Pradesh, India",2025-08-22T13:00:00,80.7,85.5,73.5,78.79,0,0,,0,0,31.8,16.1,230,1005,96.3,3.1,208.1,0.7,2,,Overcast,cloudy,"VABP,INMU0020417,42667099999,INI0000VABP"
"Bhopal, Madhya Pradesh, India",2025-08-22T14:00:00,78.8,78.8,75.3,88.99,0.118,100,rain,0,0,30.2,11.4,250,1001,73.6,3.1,217.3,0.8,2,,"Rain, Partially cloudy",rain,"VABP,INM00042763,INMU0020417,42667099999,42763099999,INI0000VABP"
"Bhopal, Madhya Pradesh, India",2025-08-22T15:00:00,78.9,78.9,73.5,83.57,0,0,,0,0,33.1,16.1,250,1003,94.5,3.1,228.9,0.8,2,,Overcast,cloudy,"VABP,INMU0020417,42667099999,INI0000VABP"
"Bhopal, Madhya Pradesh, India",2025-08-22T16:00:00,77.1,77.1,71.7,83.46,0,0,,0,0,35.1,13.9,240,1003,96.3,3.1,123.8,0.4,1,,Overcast,cloudy,"VABP,INMU0020417,42667099999,INI0000VABP"
"Bhopal, Madhya Pradesh, India",2025-08-22T17:00:00,77.2,77.2,71.8,83.59,0,0,,0,0,32.4,13.8,240,1000.6,96.7,3.1,129.2,0.5,1,,Overcast,cloudy,"VABP,INMU0020417,42672099999,42667099999,42763099999,INI0000VABP"
"Bhopal, Madhya Pradesh, India",2025-08-22T18:00:00,75.3,75.3,71.7,88.6,0,0,,0,0,30.9,10.3,230,1004,96.3,3.1,132.8,0.5,1,,Overcast,cloudy,"VABP,INMU0020417,42667099999,INI0000VABP"
"Bhopal, Madhya Pradesh, India",2025-08-22T19:00:00,75.3,75.3,71.7,88.6,0,0,,0,0,30.6,9.2,220,1004,96.3,2.5,30,0.1,0,,Overcast,cloudy,"VABP,INMU0020417,42667099999,INI0000VABP"
"Bhopal, Madhya Pradesh, India",2025-08-22T20:00:00,75.4,75.4,71.8,88.7,0,0,,0,0,27.7,9.2,230,1002.4,94.9,2.4,0.4,0,0,,Overcast,cloudy,"VABP,INMU0020417,42667099999,INI0000VABP"
"Bhopal, Madhya Pradesh, India",2025-08-22T21:00:00,75.3,75.3,73.5,94.15,0,0,,0,0,24.2,11.4,210,1006,94.5,2.5,0,0,0,,Overcast,cloudy,"VABP,INMU0020417,42667099999,INI0000VABP"
"Bhopal, Madhya Pradesh, India",2025-08-22T22:00:00,75.3,75.3,71.7,88.6,0,0,,0,0,23.5,10.3,230,1006,94.5,2.5,0,0,0,,Overcast,cloudy,"VABP,INMU0020417,42667099999,INI0000VABP"
"Bhopal, Madhya Pradesh, India",2025-08-22T23:00:00,75.3,75.3,71.8,88.72,0,0,,0,0,24.6,15,220,1003.1,94.9,2.4,0,0,0,,Overcast,cloudy,"VABP,INMU0020417,42667099999,INI0000VABP"
"Bhopal, Madhya Pradesh, India",2025-08-23T00:00:00,75.3,75.3,71.7,88.6,0,0,,0,0,24.6,11.4,220,1004,94.5,2.5,0,0,0,,Overcast,cloudy,"VABP,INMU0020417,42667099999,INI0000VABP"
"Bhopal, Madhya Pradesh, India",2025-08-23T01:00:00,75.3,75.3,71.7,88.6,0,0,,0,0,24.2,11.4,220,1004,94.5,2.5,0,0,0,,Overcast,cloudy,"VABP,INMU0020417,42667099999,INI0000VABP"
"Bhopal, Madhya Pradesh, India",2025-08-23T02:00:00,75.8,75.8,73.9,93.89,0,0,,0,0,23.7,10.3,230,1000.9,91.2,0.7,0,0,0,,Overcast,fog,"VABP,INMU0020417,42667099999,INI0000VABP"
"Bhopal, Madhya Pradesh, India",2025-08-23T03:00:00,75.3,75.3,71.7,88.6,0,0,,0,0,20.6,11.4,230,1003,94.5,2.5,0,0,0,,Overcast,cloudy,"VABP,INMU0020417,42667099999,INI0000VABP"
"Bhopal, Madhya Pradesh, India",2025-08-23T04:00:00,73.5,73.5,71.7,94.11,0,0,,0,0,21.5,11.4,230,1003,94.5,2.5,0,0,0,,Overcast,cloudy,"VABP,INMU0020417,42667099999,INI0000VABP"
"Bhopal, Madhya Pradesh, India",2025-08-23T05:00:00,73.5,73.5,71.7,94.11,0,0,,0,0,22.4,11.4,230,1001.7,94.9,2.4,0,0,0,,Overcast,cloudy,"VABP,INMU0020417,42667099999,INI0000VABP"
"Bhopal, Madhya Pradesh, India",2025-08-23T06:00:00,73.5,73.5,71.7,94.11,0,0,,0,0,23.9,10.3,230,1003,100,2.5,0,0,0,,Overcast,cloudy,"VABP,INMU0020417,42667099999,INI0000VABP"
"Bhopal, Madhya Pradesh, India",2025-08-23T07:00:00,75.3,75.3,71.7,88.6,0,0,,0,0,24.2,11.4,230,1004,100,2.5,1.2,0,0,,Overcast,cloudy,"VABP,INMU0020417,42667099999,INI0000VABP"
"Bhopal, Madhya Pradesh, India",2025-08-23T08:00:00,73.6,73.6,71.7,93.94,0,0,,0,0,24.8,9.2,240,1002,100,1.8,10.9,0,0,,Overcast,cloudy,"VABP,INMU0020417,42672099999,42667099999,42763099999,INI0000VABP"
"Bhopal, Madhya Pradesh, India",2025-08-23T09:00:00,75.3,75.3,71.7,88.6,0,0,,0,0,26.2,10.3,230,1005,100,1.9,59.3,0.2,1,,Overcast,cloudy,"VABP,INMU0020417,42667099999,INI0000VABP"
"Bhopal, Madhya Pradesh, India",2025-08-23T10:00:00,77.1,77.1,71.7,83.46,0,0,,0,0,26.8,13.9,240,1005,100,1.9,114.5,0.4,1,,Overcast,cloudy,"VABP,INMU0020417,42667099999,INI0000VABP"
"Bhopal, Madhya Pradesh, India",2025-08-23T11:00:00,77.1,77.1,71.8,83.62,0,0,,0,0,30.6,11.4,230,1002.2,96.7,3.1,268,1,3,,Overcast,cloudy,"VABP,INM00042763,INMU0020417,42667099999,42763099999,INI0000VABP"
"Bhopal, Madhya Pradesh, India",2025-08-23T12:00:00,75.3,75.3,71.7,88.6,0,0,,0,0,32,12.8,240,1005,96.3,3.1,381.2,1.4,4,,Overcast,cloudy,"VABP,INMU0020417,42667099999,INI0000VABP"
"Bhopal, Madhya Pradesh, India",2025-08-23T13:00:00,77.1,77.1,73.5,88.68,0,0,,0,0,33.6,12.8,230,1004,96.3,3.1,443,1.6,4,,Overcast,cloudy,"VABP,INMU0020417,42667099999,INI0000VABP"
"Bhopal, Madhya Pradesh, India",2025-08-23T14:00:00,75.4,75.4,73.5,93.81,0,0,,0,0,33.1,13.9,240,1000.6,96.7,1.8,231.2,0.8,2,,Overcast,cloudy,"VABP,INM00042763,INMU0020417,42667099999,42763099999,INI0000VABP"
"Bhopal, Madhya Pradesh, India",2025-08-23T15:00:00,75.3,75.3,73.5,94.15,0,0,,0,0,28.9,12.8,260,1002,96.3,1.9,254.6,0.9,3,,Overcast,cloudy,"VABP,INMU0020417,42667099999,INI0000VABP"
"Bhopal, Madhya Pradesh, India",2025-08-23T16:00:00,75.3,75.3,73.5,94.15,0,0,,0,0,26.6,9.2,250,1003,96.3,1.9,190.1,0.7,2,,Overcast,cloudy,"VABP,INMU0020417,42667099999,INI0000VABP"
"Bhopal, Madhya Pradesh, India",2025-08-23T17:00:00,75.3,75.3,73.5,94.09,0.039,100,rain,0,0,29.3,8,240,999.9,96.7,2.4,166.8,0.6,2,,"Rain, Overcast",rain,"VABP,INMU0020417,42672099999,42667099999,42763099999,INI0000VABP"
"Bhopal, Madhya Pradesh, India",2025-08-23T18:00:00,75.3,75.3,73.5,94.15,0,0,,0,0,27.7,10.3,240,1003,96.3,2.5,109.6,0.4,1,,Overcast,cloudy,"VABP,INMU0020417,42667099999,INI0000VABP"
"Bhopal, Madhya Pradesh, India",2025-08-23T19:00:00,75.3,75.3,73.5,94.15,0,0,,0,0,23,8.1,240,1004,96.3,1.9,35.9,0.1,0,,Overcast,cloudy,"VABP,INMU0020417,42667099999,INI0000VABP"
"Bhopal, Madhya Pradesh, India",2025-08-23T20:00:00,75.3,75.3,73.5,94.2,0.118,100,rain,0,0,22.1,8.1,250,1001.9,82.1,2.4,0.4,0,0,,"Rain, Partially cloudy",rain,"VABP,INMU0020417,42667099999,INI0000VABP"
"Bhopal, Madhya Pradesh, India",2025-08-23T21:00:00,75.3,75.3,73.8,95.3,0,0,,0,0,22.6,11,254.6,1003,100,,0,0,0,,Overcast,cloudy,remote
"Bhopal, Madhya Pradesh, India",2025-08-23T22:00:00,73.5,73.5,73.5,100,0,0,,0,0,23.3,10.3,270,1005,81.7,1.2,0,0,0,,Partially cloudy,partly-cloudy-night,"VABP,INMU0020417,42667099999,INI0000VABP"
"Bhopal, Madhya Pradesh, India",2025-08-23T23:00:00,73.6,73.6,71.7,94.06,0.394,100,rain,0,0,23.9,11.4,230,1002.6,96.7,1.8,0,0,0,,"Rain, Overcast",rain,"VABP,INMU0020417,42667099999,INI0000VABP"
"Bhopal, Madhya Pradesh, India",2025-08-24T00:00:00,74.7,74.7,73.1,94.71,0,0,,0,0,25.1,11.4,250.5,1004,100,,0,0,0,,Overcast,cloudy,remote
"Bhopal, Madhya Pradesh, India",2025-08-24T01:00:00,74.6,74.6,72.9,94.71,0,0,,0,0,25.3,12.1,246,1003,100,,0,0,0,,Overcast,cloudy,remote
"Bhopal, Madhya Pradesh, India",2025-08-24T02:00:00,74.9,74.9,72.7,93.06,0,0,,0,0,26.8,11.4,250,1001.5,92.1,1.3,0,0,0,,Overcast,cloudy,"VABP,INMU0020417,42667099999,INI0000VABP"
"Bhopal, Madhya Pradesh, India",2025-08-24T03:00:00,74.4,74.4,72.8,94.7,0,0,,0,0,27.7,13.6,248,1002,100,,0,0,0,,Overcast,cloudy,remote
"Bhopal, Madhya Pradesh, India",2025-08-24T04:00:00,74,74,72.1,93.55,0,0,,0,0,27.5,12.8,255.2,1003,100,,0,0,0,,Overcast,cloudy,remote
"Bhopal, Madhya Pradesh, India",2025-08-24T05:00:00,73.5,73.5,71.7,94.23,0,0,,0,0,26.8,11.4,230,1001.8,96.7,1.8,0,0,0,,Overcast,cloudy,"VABP,INMU0020417,42667099999,INI0000VABP"
"Bhopal, Madhya Pradesh, India",2025-08-24T06:00:00,74.2,74.2,71.7,91.86,0,0,,0,0,28.2,12.3,256.9,1003,100,,0,0,0,,Overcast,cloudy,remote
"Bhopal, Madhya Pradesh, India",2025-08-24T07:00:00,74.2,74.2,71.7,91.86,0,0,,0,0,28.2,12.3,255.7,1003,99.8,,0.5,0,0,,Overcast,cloudy,remote
"Bhopal, Madhya Pradesh, India",2025-08-24T08:00:00,73.5,73.5,70,88.71,0,0,,0,0,28,11.4,240,1003.2,96.7,2.5,9.9,0,0,,Overcast,cloudy,"VABP,INM00042763,INMU0020417,42667099999,42763099999,INI0000VABP"
"Bhopal, Madhya Pradesh, India",2025-08-24T09:00:00,75.3,75.3,69.9,83.34,0,0,,0,0,27.7,9.2,240,1006,96.3,2.5,23.3,0.1,0,,Overcast,cloudy,"VABP,INMU0020417,42667099999,INI0000VABP"
"Bhopal, Madhya Pradesh, India",2025-08-24T10:00:00,75.3,75.3,71.7,88.6,0,0,,0,0,27.7,10.3,240,1006,96.3,3.1,51.4,0.2,1,,Overcast,cloudy,"VABP,INMU0020417,42667099999,INI0000VABP"
"Bhopal, Madhya Pradesh, India",2025-08-24T11:00:00,77,77,71.7,83.74,0,0,,0,0,24.8,10.3,250,1003.7,96.7,3.1,73,0.3,1,,Overcast,cloudy,"VABP,INM00042763,INMU0020417,42667099999,42763099999,INI0000VABP"
"Bhopal, Madhya Pradesh, India",2025-08-24T12:00:00,77.1,77.1,71.7,83.46,0,0,,0,0,25.3,11.4,240,1006,96.3,3.1,209.5,0.8,2,,Overcast,cloudy,"VABP,INMU0020417,42667099999,INI0000VABP"
"Bhopal, Madhya Pradesh, India",2025-08-24T13:00:00,77.1,77.1,71.7,83.46,0,0,,0,0,26.2,8.1,230,1005,96.3,3.1,193.3,0.7,2,,Overcast,cloudy,"VABP,INMU0020417,42667099999,INI0000VABP"
"Bhopal, Madhya Pradesh, India",2025-08-24T14:00:00,78.8,78.8,71.8,79.09,0,0,,0,0,27.1,11.4,230,1001.6,96.7,3.1,187,0.7,2,,Overcast,cloudy,"VABP,INM00042763,INMU0020417,42667099999,42763099999,INI0000VABP"
"Bhopal, Madhya Pradesh, India",2025-08-24T15:00:00,78.9,78.9,71.7,78.65,0,0,,0,0,27.5,11.4,240,1004,96.3,3.1,97,0.3,1,,Overcast,cloudy,"VABP,INMU0020417,42667099999,INI0000VABP"
"Bhopal, Madhya Pradesh, India",2025-08-24T16:00:00,78.9,78.9,71.7,78.65,0,0,,0,0,24.6,10.3,230,1003,96.3,3.1,163.9,0.6,2,,Overcast,cloudy,"VABP,INMU0020417,42667099999,INI0000VABP"
"Bhopal, Madhya Pradesh, India",2025-08-24T17:00:00,79,79,71.8,78.72,0,0,,0,0,26.6,11.4,230,1000.6,94.5,3.1,212.6,0.8,2,,Overcast,cloudy,"VABP,INMU0020417,42672099999,42667099999,42763099999,INI0000VABP"
"Bhopal, Madhya Pradesh, India",2025-08-24T18:00:00,77.1,77.1,73.5,88.68,0,0,,0,0,26.2,9.2,190,1004,96.3,3.1,72,0.3,1,,Overcast,cloudy,"VABP,INMU0020417,42667099999,INI0000VABP"
"Bhopal, Madhya Pradesh, India",2025-08-24T19:00:00,79.6,79.6,74.4,84.12,0,0,,0,0,22.4,11,243,1002,98.8,,24.4,0.1,0,,Overcast,cloudy,remote
"Bhopal, Madhya Pradesh, India",2025-08-24T20:00:00,73.6,73.6,71.8,94.16,0.039,100,rain,0,0,22.8,11.4,220,1002.4,81.7,2.4,0.6,0,0,,"Rain, Partially cloudy",rain,"VABP,INMU0020417,42667099999,INI0000VABP"
"Bhopal, Madhya Pradesh, India",2025-08-24T21:00:00,73.3,73.3,71.5,94.1,0,0,,0,0,23.3,13.9,230,1006,88,2.5,0,0,0,,Partially cloudy,partly-cloudy-night,VABP
"Bhopal, Madhya Pradesh, India",2025-08-24T22:00:00,73.5,73.5,71.7,94.11,0,0,,0,0,23.3,13.9,230,1006,96.3,2.5,0,0,0,,Overcast,cloudy,"VABP,INMU0020417,42667099999,INI0000VABP"
"Bhopal, Madhya Pradesh, India",2025-08-24T23:00:00,73.6,73.6,71.7,94.01,0,0,,0,0,23.7,9.2,220,1003.7,96.7,1.8,0,0,0,,Overcast,cloudy,"VABP,INMU0020417,42667099999,INI0000VABP"
"Bhopal, Madhya Pradesh, India",2025-08-25T00:00:00,75.6,75.6,73.3,92.47,0.004,100,rain,0,0,24.4,11.4,244.2,1005,100,,0,0,0,,"Rain, Overcast",rain,remote
"Bhopal, Madhya Pradesh, India",2025-08-25T01:00:00,73.5,73.5,71.7,94.11,0,0,,0,0,20.8,9.2,230,1005,96.3,1.9,0,0,0,,Overcast,cloudy,"VABP,INMU0020417,42667099999,INI0000VABP"
"Bhopal, Madhya Pradesh, India",2025-08-25T02:00:00,74.8,74.8,72.2,91.57,0,0,,0,0,21,9.2,230,1002.4,91.7,1.3,0,0,0,,Overcast,cloudy,"VABP,INMU0020417,42667099999,INI0000VABP"
"Bhopal, Madhya Pradesh, India",2025-08-25T03:00:00,74.9,74.9,72.6,92.44,0.008,100,rain,0,0,21.7,12.1,242.4,1003,100,,0,0,0,,"Rain, Overcast",rain,remote
"Bhopal, Madhya Pradesh, India",2025-08-25T04:00:00,71.7,71.7,71.7,100,0.008,100,rain,0,0,22.4,9.2,220,1004,96.5,1.9,0,0,0,,"Rain, Overcast",rain,"VABP,INMU0020417,INI0000VABP"
"Bhopal, Madhya Pradesh, India",2025-08-25T05:00:00,73.5,73.5,71.7,94.11,0,0,,0,0,21.9,9.2,230,1002.4,96.5,1.9,0,0,0,,Overcast,cloudy,"VABP,INMU0020417,INI0000VABP"
"Bhopal, Madhya Pradesh, India",2025-08-25T06:00:00,71.7,71.7,71.7,100,0.004,100,rain,0,0,21.3,9.2,220,1005,96.5,1.9,0,0,0,,"Rain, Overcast",rain,"VABP,INMU0020417,INI0000VABP"
"Bhopal, Madhya Pradesh, India",2025-08-25T07:00:00,73.5,73.5,71.7,94.11,0.028,100,rain,0,0,23,9.2,220,1005,96.5,2.5,0.7,0,0,,"Rain, Overcast",rain,"VABP,INMU0020417,INI0000VABP"
"Bhopal, Madhya Pradesh, India",2025-08-25T08:00:00,75.8,75.8,72.2,88.63,0.039,100,rain,0,0,23,11.5,230,1003.4,91.7,2.5,7.3,0,0,,"Rain, Overcast",rain,"VABP,INM00042763,INMU0020417,INM00042672,INI0000VABP"
"Bhopal, Madhya Pradesh, India",2025-08-25T09:00:00,77.1,77.1,71.7,83.46,0.039,100,rain,0,0,23.3,10.3,219,1006,96.5,3.1,35.3,0.1,0,,"Rain, Overcast",rain,"VABP,INMU0020417,INI0000VABP"
"Bhopal, Madhya Pradesh, India",2025-08-25T10:00:00,78.9,78.9,71.7,78.65,0.028,100,rain,0,0,20.6,10.3,230,1006,96.5,3.1,28.5,0.1,0,,"Rain, Overcast",rain,"VABP,INMU0020417,INI0000VABP"
"Bhopal, Madhya Pradesh, India",2025-08-25T11:00:00,78.9,78.9,71.7,78.65,0.016,100,rain,0,0,18.3,12.7,230,1002.9,96.5,3.1,57.6,0.2,1,,"Rain, Overcast",rain,"VABP,INM00042763,INMU0020417,INI0000VABP"
"Bhopal, Madhya Pradesh, India",2025-08-25T12:00:00,78.9,78.9,71.7,78.65,0.031,100,rain,0,0,19.2,12.8,210,1005,96.5,2.5,85.1,0.3,1,,"Rain, Overcast",rain,"VABP,INMU0020417,INI0000VABP"
"Bhopal, Madhya Pradesh, India",2025-08-25T13:00:00,80.7,85.5,73.5,78.79,0.008,100,rain,0,0,25.1,13.9,210,1004,96.5,3.1,187.6,0.7,2,,"Rain, Overcast",rain,"VABP,INMU0020417,INI0000VABP"
"Bhopal, Madhya Pradesh, India",2025-08-25T14:00:00,80.7,85.5,73.5,78.79,0.004,100,rain,0,0,23.3,9.2,200,1001.1,81.4,3.1,170.3,0.6,2,,"Rain, Partially cloudy",rain,"VABP,INM00042763,INMU0020417,INI0000VABP"
"Bhopal, Madhya Pradesh, India",2025-08-25T15:00:00,78.9,78.9,75.3,88.76,0.008,100,rain,0,0,24.2,9.2,230,1003,72.8,3.1,185.4,0.7,2,,"Rain, Partially cloudy",rain,"VABP,INMU0020417,INI0000VABP"
"Bhopal, Madhya Pradesh, India",2025-08-25T16:00:00,78.9,78.9,73.5,83.57,0.031,100,rain,0,0,23.5,11.4,230,1003,81.4,3.1,126,0.5,1,,"Rain, Partially cloudy",rain,"VABP,INMU0020417,INI0000VABP"
"Bhopal, Madhya Pradesh, India",2025-08-25T17:00:00,77.1,77.1,73.5,88.68,0.031,100,rain,0,0,20.6,5.8,191,1000.3,81.3,2.5,85.4,0.3,1,,"Rain, Partially cloudy",rain,"VABP,INM00042763,INMU0020417,INM00042672,INI0000VABP"
"Bhopal, Madhya Pradesh, India",2025-08-25T18:00:00,77.1,77.1,73.5,88.68,0.012,100,rain,0,0,19.9,6.9,190,1004,81.4,2.5,46.4,0.2,0,,"Rain, Partially cloudy",rain,"VABP,INMU0020417,INI0000VABP"
"Bhopal, Madhya Pradesh, India",2025-08-25T19:00:00,75.3,75.3,73.5,94.15,0.004,100,rain,0,0,18.3,11.4,180,1004,81.4,1.9,15.7,0.1,0,,"Rain, Partially cloudy",rain,"VABP,INMU0020417,INI0000VABP"
"Bhopal, Madhya Pradesh, India",2025-08-25T20:00:00,75.3,75.3,73.5,94.15,0,0,,0,0,16.3,8.1,190,1003.1,93.7,2.5,0.5,0,0,,Overcast,cloudy,"VABP,INMU0020417,INI0000VABP"
"Bhopal, Madhya Pradesh, India",2025-08-25T21:00:00,75.3,75.3,73.5,94.15,0,0,,0,0,15.2,9.2,200,1006,93.7,2.5,0,0,0,,Overcast,cloudy,"VABP,INMU0020417,INI0000VABP"
"Bhopal, Madhya Pradesh, India",2025-08-25T22:00:00,75.3,75.3,73.5,94.15,0.004,100,rain,0,0,15.4,5.8,180,1006,93.7,2.5,0,0,0,,"Rain, Overcast",rain,"VABP,INMU0020417,INI0000VABP"
"Bhopal, Madhya Pradesh, India",2025-08-25T23:00:00,73.5,73.5,71.7,94.11,0.008,100,rain,0,0,15.9,9.2,190,1004,93.7,2.5,0,0,0,,"Rain, Overcast",rain,"VABP,INMU0020417,INI0000VABP"
"Bhopal, Madhya Pradesh, India",2025-08-26T00:00:00,75.6,75.6,73.7,93.59,0.004,100,rain,0,0,15.4,8.7,233.4,1005,96.4,,0,0,0,,"Rain, Overcast",rain,remote
"Bhopal, Madhya Pradesh, India",2025-08-26T01:00:00,75.5,75.5,73.5,93.59,0,0,,0,0,16.1,8.5,238.5,1004,99.6,,0,0,0,,Overcast,cloudy,remote
"Bhopal, Madhya Pradesh, India",2025-08-26T02:00:00,73.5,73.5,73.5,100,0,0,,0,0,15.7,5.8,200,1005,93.7,2.5,0,0,0,,Overcast,cloudy,"VABP,INMU0020417,INI0000VABP"
"Bhopal, Madhya Pradesh, India",2025-08-26T03:00:00,75.3,75.3,73.7,94.72,0,0,,0,0,14.1,6.9,245.2,1004,99.8,,0,0,0,,Overcast,cloudy,remote
"Bhopal, Madhya Pradesh, India",2025-08-26T04:00:00,75.3,75.3,73.7,94.72,0,0,,0,0,13.2,7.2,245,1004,100,,0,0,0,,Overcast,cloudy,remote
"Bhopal, Madhya Pradesh, India",2025-08-26T05:00:00,73.5,73.5,73.5,100,0,0,,0,0,12.5,5.8,190,1003.5,93.7,2.5,0,0,0,,Overcast,cloudy,"VABP,INMU0020417,INI0000VABP"
"Bhopal, Madhya Pradesh, India",2025-08-26T06:00:00,76.9,76.9,73.8,90.3,0,0,,0,0,11.9,6.7,246.2,1004,100,,0,0,0,,Overcast,cloudy,remote
"Bhopal, Madhya Pradesh, India",2025-08-26T07:00:00,77.1,77.1,73.7,89.22,0,0,,0,0,12.3,6.5,249.7,1005,100,,2.3,0,0,,Overcast,cloudy,remote
"Bhopal, Madhya Pradesh, India",2025-08-26T08:00:00,75.3,75.3,73.5,94.15,0,0,,0,0,12.5,8,231,1004.5,96.4,3.1,21.9,0.1,0,,Overcast,cloudy,"VABP,INM00042763,INMU0020417,INM00042672,INI0000VABP"
"Bhopal, Madhya Pradesh, India",2025-08-26T09:00:00,77.1,77.1,73.5,88.68,0,0,,0,0,13.2,6.9,210,1008,96.5,2.5,45.2,0.2,0,,Overcast,cloudy,"VABP,INMU0020417,INI0000VABP"
"Bhopal, Madhya Pradesh, India",2025-08-26T10:00:00,77.1,77.1,73.8,89.76,0,0,,0,0,14.8,6.7,263.2,1006,100,,108.2,0.4,1,,Overcast,cloudy,remote
"Bhopal, Madhya Pradesh, India",2025-08-26T11:00:00,78.9,78.9,73.5,83.57,0,0,,0,0,15.2,8.1,200,1005,96.5,2.5,139.5,0.5,1,,Overcast,cloudy,"VABP,INM00042763,INMU0020417,INI0000VABP"
"Bhopal, Madhya Pradesh, India",2025-08-26T12:00:00,81.1,87.2,75.5,83.2,0,0,,0,0,15,6.3,262.2,1006,100,,179.9,0.6,2,,Overcast,cloudy,remote
"Bhopal, Madhya Pradesh, India",2025-08-26T13:00:00,82.5,88.4,73.5,74.31,0.004,100,rain,0,0,13.6,6.9,210,1006,94.6,2.5,298.5,1.1,3,,"Rain, Overcast",rain,"VABP,INMU0020417,INI0000VABP"
"Bhopal, Madhya Pradesh, India",2025-08-26T14:00:00,80.7,85.5,73.5,78.79,0.004,100,rain,0,0,13,11.4,250,1002.2,81.3,2.5,398.8,1.4,4,,"Rain, Partially cloudy",rain,"VABP,INM00042763,INMU0020417,INI0000VABP"
"Bhopal, Madhya Pradesh, India",2025-08-26T15:00:00,82.5,88.4,73.5,74.31,0.004,100,rain,0,0,13,13.9,290,1004,81.4,3.1,315.6,1.1,3,,"Rain, Partially cloudy",rain,"VABP,INMU0020417,INI0000VABP"
"Bhopal, Madhya Pradesh, India",2025-08-26T16:00:00,82.5,88.4,73.5,74.31,0,0,,0,0,13.2,11.4,280,1004,81.4,3.1,430,1.5,4,,Partially cloudy,partly-cloudy-day,"VABP,INMU0020417,INI0000VABP"
"Bhopal, Madhya Pradesh, India",2025-08-26T17:00:00,80.7,85.5,73.5,78.79,0.012,100,rain,0,0,13.2,8,271,1001.2,81.2,3.1,384.9,1.4,4,,"Rain, Partially cloudy",rain,"VABP,INM00042763,INMU0020417,INM00042672,INI0000VABP"
"Bhopal, Madhya Pradesh, India",2025-08-26T18:00:00,78.9,78.9,75.3,88.76,0.024,100,rain,0,0,13,5.8,250,1005,81.4,3.1,140.2,0.5,1,,"Rain, Partially cloudy",rain,"VABP,INMU0020417,INI0000VABP"
"Bhopal, Madhya Pradesh, India",2025-08-26T19:00:00,77.1,77.1,73.5,88.68,0.004,100,rain,0,0,9.4,5.8,200,1006,72.8,2.5,49.8,0.2,0,,"Rain, Partially cloudy",rain,"VABP,INMU0020417,INI0000VABP"
"Bhopal, Madhya Pradesh, India",2025-08-26T20:00:00,77.1,77.1,75.3,94.19,0,0,,0,0,7.8,3.4,230,1003.6,94.6,2.5,0.6,0,0,,Overcast,cloudy,"VABP,INMU0020417,INI0000VABP"
"Bhopal, Madhya Pradesh, India",2025-08-26T21:00:00,77.1,77.1,73.5,88.68,0,0,,0,0,9.2,5.8,260,1006,94.6,2.5,0,0,0,,Overcast,cloudy,"VABP,INMU0020417,INI0000VABP"
"Bhopal, Madhya Pradesh, India",2025-08-26T22:00:00,77.1,77.1,73.5,88.68,0,0,,0,0,11.2,3.4,210,1007,94.6,2.5,0,0,0,,Overcast,cloudy,"VABP,INMU0020417,INI0000VABP"
"Bhopal, Madhya Pradesh, India",2025-08-26T23:00:00,75.3,75.3,73.5,94.15,0,0,,0,0,11,6.9,250,1003.7,94.6,2.5,0,0,0,,Overcast,cloudy,"VABP,INMU0020417,INI0000VABP"
"Bhopal, Madhya Pradesh, India",2025-08-27T00:00:00,77.3,77.3,75.3,93.63,0,0,,0,0,10.5,4.9,268.6,1005,65.6,,0,0,0,,Partially cloudy,partly-cloudy-night,remote
"Bhopal, Madhya Pradesh, India",2025-08-27T01:00:00,73.5,73.5,71.7,94.11,0,0,,0,0,9.2,5.8,280,1006,94.6,2.5,0,0,0,,Overcast,cloudy,"VABP,INMU0020417,INI0000VABP"
"Bhopal, Madhya Pradesh, India",2025-08-27T02:00:00,73.5,73.5,71.7,94.11,0,0,,0,0,9.4,3.4,230,1003.3,95,1.9,0,0,0,,Overcast,cloudy,"INMU0020417,INI0000VABP"
"Bhopal, Madhya Pradesh, India",2025-08-27T03:00:00,76.6,76.6,74.7,94.18,0,0,,0,0,9.6,4.7,287.8,1004,94.1,,0,0,0,,Overcast,cloudy,remote
"Bhopal, Madhya Pradesh, India",2025-08-27T04:00:00,73.5,73.5,71.7,94.11,0.004,100,rain,0,0,9.8,4.7,290,1005,94.6,1.9,0,0,0,,"Rain, Overcast",rain,"VABP,INMU0020417,INI0000VABP"
"Bhopal, Madhya Pradesh, India",2025-08-27T05:00:00,73.5,73.5,71.7,94.11,0.004,100,rain,0,0,9.8,3.4,230,1003.1,94.6,1.9,0,0,0,,"Rain, Overcast",rain,"VABP,INMU0020417,INI0000VABP"
"Bhopal, Madhya Pradesh, India",2025-08-27T06:00:00,73.5,73.5,71.7,94.11,0.004,100,rain,0,0,9.2,3.4,270,1006,94.6,1.9,0,0,0,,"Rain, Overcast",rain,"VABP,INMU0020417,INI0000VABP"
"Bhopal, Madhya Pradesh, India",2025-08-27T07:00:00,75.3,75.3,71.7,88.6,0,0,,0,0,11.2,4.7,300,1006,93.7,2.5,3,0,0,,Overcast,cloudy,"VABP,INMU0020417,INI0000VABP"
"Bhopal, Madhya Pradesh, India",2025-08-27T08:00:00,75.3,75.3,73.5,94.15,0.004,100,rain,0,0,15.2,6.9,281,1003.1,94.5,2.5,44.5,0.2,0,,"Rain, Overcast",rain,"VABP,INM00042763,INMU0020417,INM00042672,INI0000VABP"
"Bhopal, Madhya Pradesh, India",2025-08-27T09:00:00,75.3,75.3,73.5,94.15,0.004,100,rain,0,0,16.8,11.4,300,1006,94.6,2.5,112.7,0.4,1,,"Rain, Overcast",rain,"VABP,INMU0020417,INI0000VABP"
"Bhopal, Madhya Pradesh, India",2025-08-27T10:00:00,78.9,78.9,73.5,83.57,0.008,100,rain,0,0,17.2,8.1,330,1006,94.6,2.5,228,0.8,2,,"Rain, Overcast",rain,"VABP,INMU0020417,INI0000VABP"
"Bhopal, Madhya Pradesh, India",2025-08-27T11:00:00,80.7,85.5,73.5,78.79,0.008,100,rain,0,0,16.6,4.7,300,1003.2,94.6,3.1,209.6,0.8,2,,"Rain, Overcast",rain,"VABP,INM00042763,INMU0020417,INI0000VABP"
"Bhopal, Madhya Pradesh, India",2025-08-27T12:00:00,84.3,92.7,75.3,74.47,0.008,100,rain,0,0,13.9,5.8,320,1005,96.5,3.1,400.1,1.4,4,,"Rain, Overcast",rain,"VABP,INMU0020417,INI0000VABP"
"Bhopal, Madhya Pradesh, India",2025-08-27T13:00:00,86.1,93.6,73.5,66.19,0.031,100,rain,0,0,9.6,4.7,90,1004,96.5,3.1,297,1.1,3,,"Rain, Overcast",rain,"VABP,INMU0020417,INI0000VABP"
"Bhopal, Madhya Pradesh, India",2025-08-27T14:00:00,84.3,91.1,73.5,70.12,0.004,100,rain,0,0,10.5,3.4,50,1000.2,72.8,3.1,383.8,1.4,4,,"Rain, Partially cloudy",rain,"VABP,INM00042763,INMU0020417,INI0000VABP"
"Bhopal, Madhya Pradesh, India",2025-08-27T15:00:00,82.8,91.3,76.6,81.35,0.004,100,rain,0,0,12.3,5.1,331.1,1002,64,,394.8,1.4,4,,"Rain, Partially cloudy",rain,remote
"Bhopal, Madhya Pradesh, India",2025-08-27T16:00:00,84.3,92.7,75.3,74.47,0.004,100,rain,0,0,13,3.4,90,1003,81.4,3.1,347.8,1.3,3,,"Rain, Partially cloudy",rain,"VABP,INMU0020417,INI0000VABP"
"Bhopal, Madhya Pradesh, India",2025-08-27T17:00:00,84.3,92.7,75.3,74.48,0.004,100,rain,0,0,11.4,2.2,61,998.8,81.3,3.1,330.7,1.2,3,,"Rain, Partially cloudy",rain,"VABP,INM00042763,INMU0020417,INM00042672,INI0000VABP"
"Bhopal, Madhya Pradesh, India",2025-08-27T18:00:00,80.7,80.9,57.3,44.84,0.024,100,rain,0,0,8.9,9.2,200,1004,81.4,3.1,142.1,0.5,1,,"Rain, Partially cloudy",rain,"VABP,INMU0020417,INI0000VABP"
"Bhopal, Madhya Pradesh, India",2025-08-27T19:00:00,84.1,93.9,76.9,79.05,0.008,100,rain,0,0,6.9,2.2,295.9,1001,57.4,,48.3,0.2,0,,"Rain, Partially cloudy",rain,remote
"Bhopal, Madhya Pradesh, India",2025-08-27T20:00:00,75.3,75.3,73.5,94.15,0.02,100,rain,0,0,5.1,2.2,250,1002.1,62.3,3.1,0.4,0,0,,"Rain, Partially cloudy",rain,"VABP,INMU0020417,INI0000VABP"
"Bhopal, Madhya Pradesh, India",2025-08-27T21:00:00,77.1,77.1,73.5,88.68,0.016,100,rain,0,0,4,0,607,1005,62.3,3.1,0,0,0,,"Rain, Partially cloudy",rain,"VABP,INMU0020417,INI0000VABP"
"Bhopal, Madhya Pradesh, India",2025-08-27T22:00:00,75.3,75.3,75.3,100,0,0,,0,0,3.8,3.4,290,1006,62.3,3.1,0,0,0,,Partially cloudy,partly-cloudy-night,"VABP,INMU0020417,INI0000VABP"
"Bhopal, Madhya Pradesh, India",2025-08-27T23:00:00,75.3,75.3,73.5,94.15,0.012,100,rain,0,0,3.8,2.2,230,1003.3,62.3,3.1,0,0,0,,"Rain, Partially cloudy",rain,"VABP,INMU0020417,INI0000VABP"
"Bhopal, Madhya Pradesh, India",2025-08-28T00:00:00,78,78,76,93.65,0,0,,0,0,4.3,3.4,246.6,1004,97.3,,0,0,0,,Overcast,cloudy,remote
"Bhopal, Madhya Pradesh, India",2025-08-28T01:00:00,75.3,75.3,75.3,100,0.091,100,rain,0,0,6.7,2.2,200,1005,94.6,1.9,0,0,0,,"Rain, Overcast",rain,"VABP,INMU0020417,INI0000VABP"
"Bhopal, Madhya Pradesh, India",2025-08-28T02:00:00,75.3,75.3,75.3,100,0.024,100,rain,0,0,7.2,3.4,240,1001.7,100,0.6,0,0,0,,"Rain, Overcast",rain,"VABP,INMU0020417,INI0000VABP"
"Bhopal, Madhya Pradesh, India",2025-08-28T03:00:00,77.4,77.4,76.2,95.91,0,0,,0,0,6.3,3.4,355.7,1002,74.4,,0,0,0,,Partially cloudy,partly-cloudy-night,remote
"Bhopal, Madhya Pradesh, India",2025-08-28T04:00:00,75.3,75.3,75.3,100,0,0,,0,0,5.8,3.4,330,1004,62.3,1.2,0,0,0,,Partially cloudy,partly-cloudy-night,"VABP,INMU0020417,INI0000VABP"
"Bhopal, Madhya Pradesh, India",2025-08-28T05:00:00,75.3,75.3,75.3,100,0,0,,0,0,6.5,2.2,340,1001.2,62.3,1.2,0,0,0,,Partially cloudy,partly-cloudy-night,"VABP,INMU0020417,INI0000VABP"
"Bhopal, Madhya Pradesh, India",2025-08-28T06:00:00,75.3,75.3,75.3,100,0,0,,0,0,9.2,3.4,320,1004,73.7,1.2,0,0,0,,Partially cloudy,partly-cloudy-night,"VABP,INMU0020417,INI0000VABP"
"Bhopal, Madhya Pradesh, India",2025-08-28T07:00:00,77.1,77.1,75.3,94.19,0.008,100,rain,0,0,10.3,2.2,320,1005,93.7,1.9,4.2,0,0,,"Rain, Overcast",rain,"VABP,INMU0020417,INI0000VABP"
"Bhopal, Madhya Pradesh, India",2025-08-28T08:00:00,78.9,78.9,75.3,88.76,0.004,100,rain,0,0,11.4,3.3,321,1002.6,94.5,1.9,48.8,0.2,0,,"Rain, Overcast",rain,"VABP,INM00042763,INMU0020417,INM00042672,INI0000VABP"
"Bhopal, Madhya Pradesh, India",2025-08-28T09:00:00,80.7,86.4,75.3,83.68,0,0,,0,0,12.1,3.4,300,1006,96.5,2.5,159.9,0.6,2,,Overcast,cloudy,"VABP,INMU0020417,INI0000VABP"
"Bhopal, Madhya Pradesh, India",2025-08-28T10:00:00,80.7,86.8,76,85.71,0.004,100,rain,0,0,14.5,4,338.3,1004,95.1,,353,1.3,4,,"Rain, Overcast",rain,remote
"Bhopal, Madhya Pradesh, India",2025-08-28T11:00:00,84.3,92.7,75.3,74.48,0.035,100,rain,0,0,14.5,3.4,260,1001.6,72.8,3.1,365.1,1.3,4,,"Rain, Partially cloudy",rain,"VABP,INM00042763,INMU0020417,INI0000VABP"
"Bhopal, Madhya Pradesh, India",2025-08-28T12:00:00,78.9,78.9,75.3,88.76,0.13,100,rain,0,0,13.4,17.2,150,1005,4.4,0.6,227.2,0.8,2,,"Rain, Fog",rain,"VABP,INMU0020417,INI0000VABP"
"Bhopal, Madhya Pradesh, India",2025-08-28T13:00:00,82.5,89.7,75.3,78.93,0.087,100,rain,0,0,12.1,3.4,180,1003,72.8,3.1,375.5,1.4,4,,"Rain, Partially cloudy",rain,"VABP,INMU0020417,INI0000VABP"
"Bhopal, Madhya Pradesh, India",2025-08-28T14:00:00,82.5,91.1,77.1,83.79,0.012,100,rain,0,0,13,6.9,200,999.5,72.8,3.1,453.8,1.6,5,,"Rain, Partially cloudy",rain,"VABP,INM00042763,INMU0020417,INI0000VABP"
"Bhopal, Madhya Pradesh, India",2025-08-28T15:00:00,75.3,75.3,75.3,100,0.004,100,rain,0,0,12.8,5.8,280,1003,72.8,2.5,413.8,1.5,4,,"Rain, Partially cloudy",rain,"VABP,INMU0020417,INI0000VABP"
"Bhopal, Madhya Pradesh, India",2025-08-28T16:00:00,77.1,77.1,75.3,94.19,0.004,100,rain,0,0,13.6,3.4,130,1002,72.8,3.1,446.8,1.6,4,,"Rain, Partially cloudy",rain,"VABP,INMU0020417,INI0000VABP"
"Bhopal, Madhya Pradesh, India",2025-08-28T17:00:00,78.9,78.9,73.5,83.58,0.114,100,rain,0,0,14.3,3.3,231,999.7,93.6,3.1,303.2,1.1,3,,"Rain, Overcast",rain,"VABP,INM00042763,INMU0020417,INM00042672,INI0000VABP"
"Bhopal, Madhya Pradesh, India",2025-08-28T18:00:00,81.4,88.8,76.9,86.27,0.02,100,rain,0,0,14.3,3.1,353.1,1001,98.7,,121,0.4,1,,"Rain, Overcast",rain,remote
"Bhopal, Madhya Pradesh, India",2025-08-28T19:00:00,75.3,75.3,73.5,94.15,0,0,,0,0,9.6,2.2,290,1004,93.7,3.1,36.4,0.1,0,,Overcast,cloudy,"VABP,INMU0020417,INI0000VABP"
"Bhopal, Madhya Pradesh, India",2025-08-28T20:00:00,75.3,75.3,75.3,100,0,0,,0,0,6.7,2.2,340,1001.2,93.7,3.1,0.4,0,0,,Overcast,cloudy,"VABP,INMU0020417,INI0000VABP"
"Bhopal, Madhya Pradesh, India",2025-08-28T21:00:00,75.3,75.3,75.3,100,0,0,,0,0,3.4,3.4,300,1004,93.7,2.5,0,0,0,,Overcast,cloudy,"VABP,INMU0020417,INI0000VABP"
"Bhopal, Madhya Pradesh, India",2025-08-28T22:00:00,75.3,75.3,75.3,100,0,0,,0,0,7.4,4.7,270,1005,93.7,1.9,0,0,0,,Overcast,cloudy,"VABP,INMU0020417,INI0000VABP"
"Bhopal, Madhya Pradesh, India",2025-08-28T23:00:00,75.3,75.3,75.3,100,0,0,,0,0,9.8,8.1,280,1002.2,93.7,1.9,0,0,0,,Overcast,cloudy,"VABP,INMU0020417,INI0000VABP"
"Bhopal, Madhya Pradesh, India",2025-08-29T00:00:00,77.4,77.4,75.5,93.64,0,0,,0,0,10.1,1.8,183.8,1003,51,,0,0,0,,Partially cloudy,partly-cloudy-night,remote
"Bhopal, Madhya Pradesh, India",2025-08-29T01:00:00,75.3,75.3,73.5,94.15,0.004,100,rain,0,0,6.9,5.8,320,1004,93.7,1.9,0,0,0,,"Rain, Overcast",rain,"VABP,INMU0020417,INI0000VABP"
"Bhopal, Madhya Pradesh, India",2025-08-29T02:00:00,73.5,73.5,73.5,100,0.008,100,rain,0,0,10.1,5.8,260,1001.3,93.7,1.9,0,0,0,,"Rain, Overcast",rain,"VABP,INMU0020417,INI0000VABP"
"Bhopal, Madhya Pradesh, India",2025-08-29T03:00:00,76.4,76.4,75.1,95.89,0.004,100,rain,0,0,10.5,4.5,295.8,1002,100,,0,0,0,,"Rain, Overcast",rain,remote
"Bhopal, Madhya Pradesh, India",2025-08-29T04:00:00,73.5,73.5,73.5,100,0.004,100,rain,0,0,6,4.7,330,1004,93.7,1.9,0,0,0,,"Rain, Overcast",rain,"VABP,INMU0020417,INI0000VABP"
"Bhopal, Madhya Pradesh, India",2025-08-29T05:00:00,73.5,73.5,73.5,100,0,0,,0,0,3.6,4.7,360,1001.2,93.7,1.9,0,0,0,,Overcast,cloudy,"VABP,INMU0020417,INI0000VABP"
"Bhopal, Madhya Pradesh, India",2025-08-29T06:00:00,73.5,73.5,73.5,100,0,0,,0,0,2.7,4.7,330,1004,93.7,1.9,0,0,0,,Overcast,cloudy,"VABP,INMU0020417,INI0000VABP"
"Bhopal, Madhya Pradesh, India",2025-08-29T07:00:00,77.1,77.1,73.5,88.68,0.004,100,rain,0,0,5.8,4.7,10,1005,62.3,1.9,3.5,0,0,,"Rain, Partially cloudy",rain,"VABP,INMU0020417,INI0000VABP"
"Bhopal, Madhya Pradesh, India",2025-08-29T08:00:00,78.9,78.9,75.3,88.77,0.004,100,rain,0,0,8.5,4.7,21,1002.6,62.3,1.9,50.6,0.2,1,,"Rain, Partially cloudy",rain,"VABP,INM00042763,INMU0020417,INM00042672,INI0000VABP"
"Bhopal, Madhya Pradesh, India",2025-08-29T09:00:00,80.7,87.3,77.1,88.84,0.004,100,rain,0,0,10.7,4.7,10,1006,62.3,1.9,166.8,0.6,2,,"Rain, Partially cloudy",rain,"VABP,INMU0020417,INI0000VABP"
"Bhopal, Madhya Pradesh, India",2025-08-29T10:00:00,82.5,91.1,77.1,83.79,0.004,100,rain,0,0,11.2,3.4,80,1006,73.7,2.5,180.5,0.6,2,,"Rain, Partially cloudy",rain,"VABP,INMU0020417,INI0000VABP"
"Bhopal, Madhya Pradesh, India",2025-08-29T11:00:00,86.1,97.4,77.1,74.64,0.004,100,rain,0,0,13,3.4,40,1001.7,73.8,2.5,404.7,1.5,4,,"Rain, Partially cloudy",rain,"VABP,INM00042763,INMU0020417,INI0000VABP"
"Bhopal, Madhya Pradesh, India",2025-08-29T12:00:00,86.1,95.4,75.3,70.3,0.004,100,rain,0,0,13.9,4.7,40,1004,73.7,3.1,653.7,2.4,7,,"Rain, Partially cloudy",rain,"VABP,INMU0020417,INI0000VABP"
"Bhopal, Madhya Pradesh, India",2025-08-29T13:00:00,86.1,95.4,75.3,70.3,0.008,100,rain,0,0,15.4,4.7,50,1004,79.4,3.1,743.1,2.7,7,,"Rain, Partially cloudy",rain,"VABP,INMU0020417,INI0000VABP"
"Bhopal, Madhya Pradesh, India",2025-08-29T14:00:00,86.1,97.4,77.1,74.64,0.008,100,rain,0,0,16.1,4.7,50,998.9,81.4,2.5,744.9,2.7,7,,"Rain, Partially cloudy",rain,"VABP,INM00042763,INMU0020417,INI0000VABP"
"Bhopal, Madhya Pradesh, India",2025-08-29T15:00:00,86.1,95.4,75.3,70.3,0.008,100,rain,0,0,16.6,4.7,50,1003,81.4,2.5,647.6,2.3,6,,"Rain, Partially cloudy",rain,"VABP,INMU0020417,INI0000VABP"
"Bhopal, Madhya Pradesh, India",2025-08-29T16:00:00,86.1,97.4,77.1,74.64,0.028,100,rain,0,0,15,4.7,90,1002,81.4,2.5,436.6,1.6,4,,"Rain, Partially cloudy",rain,"VABP,INMU0020417,INI0000VABP"
"Bhopal, Madhya Pradesh, India",2025-08-29T17:00:00,84.3,94.4,77.1,79.07,0.091,100,rain,0,0,13.6,6.9,161,999.3,81.2,2.5,189.8,0.7,2,,"Rain, Partially cloudy",rain,"VABP,INM00042763,INMU0020417,INM00042672,INI0000VABP"
"Bhopal, Madhya Pradesh, India",2025-08-29T18:00:00,80.7,87.3,77.1,88.84,0.051,100,rain,0,0,10.5,6.9,130,1004,81.4,1.9,106.3,0.4,1,,"Rain, Partially cloudy",rain,"VABP,INMU0020417,INI0000VABP"
"Bhopal, Madhya Pradesh, India",2025-08-29T19:00:00,78.9,78.9,75.3,88.76,0.098,100,rain,0,0,12.8,3.4,230,1004,93.7,2.5,28.3,0.1,0,,"Rain, Overcast",rain,"VABP,INMU0020417,INI0000VABP"
"Bhopal, Madhya Pradesh, India",2025-08-29T20:00:00,78.9,78.9,75.3,88.76,0.094,100,rain,0,0,12.5,3.4,210,1002.3,93.7,2.5,0.2,0,0,,"Rain, Overcast",rain,"VABP,INMU0020417,INI0000VABP"
"Bhopal, Madhya Pradesh, India",2025-08-29T21:00:00,77.8,77.8,75.8,93.65,0.142,100,rain,0,0,11.6,0.4,43.6,1004,98.6,,0,0,0,,"Rain, Overcast",rain,remote
"Bhopal, Madhya Pradesh, India",2025-08-29T22:00:00,77.4,77.4,75.1,92.52,0.043,100,rain,0,0,9.2,1.6,115.2,1004,100,,0,0,0,,"Rain, Overcast",rain,remote
"Bhopal, Madhya Pradesh, India",2025-08-29T23:00:00,75.3,75.3,73.5,94.15,0,0,,0,0,3.8,2.2,250,1003.4,93.7,2.5,0,0,0,,Overcast,cloudy,"VABP,INMU0020417,INI0000VABP"
"Bhopal, Madhya Pradesh, India",2025-08-30T00:00:00,76.6,76.6,75.8,97.64,0,0,,0,0,4.3,3.1,221.7,1004,44.9,,0,0,0,,Partially cloudy,partly-cloudy-night,remote
"Bhopal, Madhya Pradesh, India",2025-08-30T01:00:00,76.7,76.7,75.6,96.47,0,0,,0,0,5.4,2.7,247.4,1004,43.1,,0,0,0,,Partially cloudy,partly-cloudy-night,remote
"Bhopal, Madhya Pradesh, India",2025-08-30T02:00:00,75.3,75.3,73.5,94.15,0,0,,0,0,4.5,3.4,230,1002.4,93.7,2.5,0,0,0,,Overcast,cloudy,"VABP,INMU0020417,INI0000VABP"
"Bhopal, Madhya Pradesh, India",2025-08-30T03:00:00,76.4,76.4,75.8,98.22,0,0,,0,0,4,1.8,291.3,1004,88.3,,0,0,0,,Partially cloudy,partly-cloudy-night,remote
"Bhopal, Madhya Pradesh, India",2025-08-30T04:00:00,76.4,76.4,75.8,98.22,0,0,,0,0,4,2.7,271.6,1004,99.8,,0,0,0,,Overcast,cloudy,remote
"Bhopal, Madhya Pradesh, India",2025-08-30T05:00:00,75.1,75.1,73.3,94.15,0,0,,0,0,3.1,2.2,210,1006,88,2.5,0,0,0,,Partially cloudy,partly-cloudy-night,VABP
"Bhopal, Madhya Pradesh, India",2025-08-30T06:00:00,75.1,75.1,73.3,94.15,0.004,100,rain,0,0,2.7,0,0,1006,88,1.9,0,0,0,,"Rain, Partially cloudy",rain,VABP
"Bhopal, Madhya Pradesh, India",2025-08-30T07:00:00,76.9,76.9,75.1,94.19,0.004,100,rain,0,0,2.7,2.2,10,1006,88,2.5,5.8,0,0,,"Rain, Partially cloudy",rain,VABP
"Bhopal, Madhya Pradesh, India",2025-08-30T08:00:00,78.7,78.7,75.1,88.75,0.004,100,rain,0,0,5.8,4.7,160,1007,88,2.5,60.1,0.2,1,,"Rain, Partially cloudy",rain,VABP
"Bhopal, Madhya Pradesh, India",2025-08-30T09:00:00,80.5,85.9,75.1,83.67,0,0,,0,0,6.5,5.8,160,1007,50,2.5,162.3,0.6,2,,Partially cloudy,partly-cloudy-day,VABP
"Bhopal, Madhya Pradesh, India",2025-08-30T10:00:00,82.3,89.3,75.1,78.91,0,0,,0,0,7.6,8.1,150,1007,50,2.5,264,1,3,,Partially cloudy,partly-cloudy-day,VABP
"Bhopal, Madhya Pradesh, India",2025-08-30T11:00:00,84.1,92.2,75.1,74.46,0.004,100,rain,0,0,8.7,6.9,180,1007,50,2.5,462.7,1.7,5,,"Rain, Partially cloudy",rain,VABP
"Bhopal, Madhya Pradesh, India",2025-08-30T12:00:00,84.1,92.2,75.1,74.46,0.004,100,rain,0,0,9.2,5.8,150,1007,88,2.5,654.3,2.4,7,,"Rain, Partially cloudy",rain,VABP
"Bhopal, Madhya Pradesh, India",2025-08-30T13:00:00,84.1,92.2,75.1,74.46,0.008,100,rain,0,0,10.3,9.2,160,1006,88,2.5,413.1,1.5,4,,"Rain, Partially cloudy",rain,VABP
"Bhopal, Madhya Pradesh, India",2025-08-30T14:00:00,85.9,95,75.1,70.28,0.008,100,rain,0,0,10.3,11.4,140,1005,88,2.5,527,1.9,5,,"Rain, Partially cloudy",rain,VABP
"Bhopal, Madhya Pradesh, India",2025-08-30T15:00:00,87.7,97.5,75.1,66.37,0,0,,0,0,10.3,8.1,200,1004,88,2.5,542.8,2,5,,Partially cloudy,partly-cloudy-day,VABP
"Bhopal, Madhya Pradesh, India",2025-08-30T16:00:00,85.9,93.3,73.3,66.17,0.028,100,rain,0,0,13,9.2,170,1005,88,2.5,397.1,1.4,4,,"Rain, Partially cloudy",rain,VABP
"Bhopal, Madhya Pradesh, India",2025-08-30T17:00:00,85.9,93.3,73.3,66.17,0.126,100,rain,0,0,16.3,8.1,170,1005,88,2.5,229,0.8,2,,"Rain, Partially cloudy",rain,VABP
"Bhopal, Madhya Pradesh, India",2025-08-30T18:00:00,82.3,88.1,73.3,74.29,0.047,100,rain,0,0,15.7,8.1,190,1005,88,2.5,124.3,0.4,1,,"Rain, Partially cloudy",rain,VABP
"Bhopal, Madhya Pradesh, India",2025-08-30T19:00:00,80.5,85.9,75.1,83.67,0,0,,0,0,11.4,10.3,170,1007,88,2.5,33,0.1,0,,Partially cloudy,partly-cloudy-night,VABP
"Bhopal, Madhya Pradesh, India",2025-08-30T20:00:00,78.7,78.7,75.1,88.75,0.004,100,rain,0,0,8.3,9.2,180,1007,88,2.5,0.2,0,0,,"Rain, Partially cloudy",rain,VABP
"Bhopal, Madhya Pradesh, India",2025-08-30T21:00:00,78.7,78.7,75.1,88.75,0.004,100,rain,0,0,8.7,5.8,200,1007,88,2.5,0,0,0,,"Rain, Partially cloudy",rain,VABP
"Bhopal, Madhya Pradesh, India",2025-08-30T22:00:00,76.9,76.9,75.1,94.19,0.004,100,rain,0,0,9.4,5.8,190,1007,88,1.9,0,0,0,,"Rain, Partially cloudy",rain,VABP
"Bhopal, Madhya Pradesh, India",2025-08-30T23:00:00,76.9,76.9,75.1,94.19,0,0,,0,0,9.6,2.2,180,1007,88,1.9,0,0,0,,Partially cloudy,partly-cloudy-night,VABP
"Bhopal, Madhya Pradesh, India",2025-08-31T00:00:00,76.9,76.9,75.1,94.19,0,0,,0,0,8.5,8.1,200,1007,88,1.9,0,0,0,,Partially cloudy,partly-cloudy-night,VABP
"Bhopal, Madhya Pradesh, India",2025-08-31T01:00:00,76.9,76.9,75.1,94.19,0,0,,0,0,8.9,4.7,210,1007,88,1.9,0,0,0,,Partially cloudy,partly-cloudy-night,VABP
"Bhopal, Madhya Pradesh, India",2025-08-31T02:00:00,76.9,76.9,75.1,94.19,0,0,,0,0,9.8,4.7,230,1007,88,1.9,0,0,0,,Partially cloudy,partly-cloudy-night,VABP
"Bhopal, Madhya Pradesh, India",2025-08-31T03:00:00,78,78,75.5,91.98,0.004,100,rain,0,0,11.2,6,264.5,1005,100,,0,0,0,,"Rain, Overcast",rain,remote
"Bhopal, Madhya Pradesh, India",2025-08-31T04:00:00,75.1,75.1,73.3,94.15,0.02,100,rain,0,0,11.6,5.8,280,1006,88,1.9,0,0,0,,"Rain, Partially cloudy",rain,VABP
"Bhopal, Madhya Pradesh, India",2025-08-31T05:00:00,75.1,75.1,73.3,94.15,0.016,100,rain,0,0,11,5.8,250,1006,88,1.9,0,0,0,,"Rain, Partially cloudy",rain,VABP
"Bhopal, Madhya Pradesh, India",2025-08-31T06:00:00,75.1,75.1,73.3,94.15,0.008,100,rain,0,0,11,6.9,300,1006,88,1.9,0,0,0,,"Rain, Partially cloudy",rain,VABP
"Bhopal, Madhya Pradesh, India",2025-08-31T07:00:00,75.1,75.1,75.1,100,0.016,100,rain,0,0,10.7,6.9,290,1007,88,1.9,1.3,0,0,,"Rain, Partially cloudy",rain,VABP
"Bhopal, Madhya Pradesh, India",2025-08-31T08:00:00,75.1,75.1,73.3,94.15,0.012,100,rain,0,0,10.7,4.7,270,1008,88,1.9,19.7,0.1,0,,"Rain, Partially cloudy",rain,VABP
"Bhopal, Madhya Pradesh, India",2025-08-31T09:00:00,75.1,75.1,73.3,94.15,0,0,,0,0,12.3,4.7,270,1008,88,1.9,63.5,0.2,1,,Partially cloudy,partly-cloudy-day,VABP
"Bhopal, Madhya Pradesh, India",2025-08-31T10:00:00,78.7,78.7,75.1,88.75,0,0,,0,0,14.3,5.8,270,1008,88,2.5,141.5,0.5,1,,Partially cloudy,partly-cloudy-day,VABP
"Bhopal, Madhya Pradesh, India",2025-08-31T11:00:00,84.1,92.2,75.1,74.46,0.004,100,rain,0,0,14.8,5.8,360,1007,88,2.5,112.5,0.4,1,,"Rain, Partially cloudy",rain,VABP
"Bhopal, Madhya Pradesh, India",2025-08-31T12:00:00,80.5,85.9,75.1,83.67,0.008,100,rain,0,0,15.4,5.8,220,1006,88,2.5,136.1,0.5,1,,"Rain, Partially cloudy",rain,VABP
"Bhopal, Madhya Pradesh, India",2025-08-31T13:00:00,80.5,86.9,76.9,88.83,0.012,100,rain,0,0,16.1,8.1,220,1005,88,1.9,175.2,0.6,2,,"Rain, Partially cloudy",rain,VABP
"Bhopal, Madhya Pradesh, India",2025-08-31T14:00:00,82.3,90.6,76.9,83.78,0,0,,0,0,16.3,11.4,250,1004,88,2.5,249,0.9,2,,Partially cloudy,partly-cloudy-day,VABP
"Bhopal, Madhya Pradesh, India",2025-08-31T15:00:00,80.5,85.9,75.1,83.67,0.004,100,rain,0,0,16.8,6.9,250,1004,88,2.5,293.5,1.1,3,,"Rain, Partially cloudy",rain,VABP
"Bhopal, Madhya Pradesh, India",2025-08-31T16:00:00,81.2,87.9,76,84.22,0.004,100,rain,0,0,17,7.8,266.3,1002,100,,262.6,0.9,3,,"Rain, Overcast",rain,remote
"Bhopal, Madhya Pradesh, India",2025-08-31T17:00:00,75.1,75.1,73.3,94.15,0.063,100,rain,0,0,23,11.4,280,1004,88,1.9,159.5,0.6,2,,"Rain, Partially cloudy",rain,VABP
"Bhopal, Madhya Pradesh, India",2025-08-31T18:00:00,79.2,79.2,75.6,88.78,0.008,100,rain,0,0,15.4,6.9,268.7,1002,100,,98,0.4,1,,"Rain, Overcast",rain,remote
"Bhopal, Madhya Pradesh, India",2025-08-31T19:00:00,79.6,79.6,75.8,88.26,0,0,,0,0,13.2,5.6,264.2,1003,100,,23.5,0.1,0,,Overcast,cloudy,remote
"Bhopal, Madhya Pradesh, India",2025-08-31T20:00:00,75.1,75.1,73.3,94.15,0.008,100,rain,0,0,9.4,8.1,270,1006,88,1.9,0.1,0,0,,"Rain, Partially cloudy",rain,VABP
"Bhopal, Madhya Pradesh, India",2025-08-31T21:00:00,75.1,75.1,73.3,94.15,0,0,,0,0,8.7,6.9,260,1006,88,1.9,0,0,0,,Partially cloudy,partly-cloudy-night,VABP
"Bhopal, Madhya Pradesh, India",2025-08-31T22:00:00,75.1,75.1,73.3,94.15,0.008,100,rain,0,0,9.2,4.7,220,1006,88,2.5,0,0,0,,"Rain, Partially cloudy",rain,VABP
"Bhopal, Madhya Pradesh, India",2025-08-31T23:00:00,75.1,75.1,73.3,94.15,0.071,100,rain,0,0,10.1,8.1,250,1006,88,2.5,0,0,0,,"Rain, Partially cloudy",rain,VABP
