name,datetime,temp,feelslike,dew,humidity,precip,precipprob,preciptype,snow,snowdepth,windgust,windspeed,winddir,sealevelpressure,cloudcover,visibility,solarradiation,solarenergy,uvindex,severerisk,conditions,icon,stations
"Bhopal, Madhya Pradesh, India",2024-02-01T00:00:00,63.9,63.9,55.8,74.95,0,0,,0,0,6,4.3,181.9,1015,14.4,,0,0,0,,Clear,clear-night,remote
"Bhopal, Madhya Pradesh, India",2024-02-01T01:00:00,63.2,63.2,55.7,76.36,0,0,,0,0,6,4.3,196.9,1015,16.2,,0,0,0,,Clear,clear-night,remote
"Bhopal, Madhya Pradesh, India",2024-02-01T02:00:00,58.4,58.4,53,82.22,0,0,,0,0,6.5,2.2,180,1014.9,20.9,1.2,0,0,0,,Partially cloudy,partly-cloudy-night,42667099999
"Bhopal, Madhya Pradesh, India",2024-02-01T03:00:00,58.9,58.9,53.7,82.8,0,0,,0,0,7.8,4.3,243.6,1014,12.9,,0,0,0,,Clear,clear-night,remote
"Bhopal, Madhya Pradesh, India",2024-02-01T04:00:00,58,58,53.5,84.95,0,0,,0,0,7.8,3.1,266.6,1014,2.1,,0,0,0,,Clear,clear-night,remote
"Bhopal, Madhya Pradesh, India",2024-02-01T05:00:00,58.4,58.4,53,82.22,0,0,,0,0,7.4,2.2,180,1014.9,2.3,1.2,0,0,0,,Clear,clear-night,42667099999
"Bhopal, Madhya Pradesh, India",2024-02-01T06:00:00,55.4,55.4,55.4,100,0,0,,0,0,7.2,0,0,1016,0,1.9,0,0,0,,Clear,clear-night,"VABP,42667099999"
"Bhopal, Madhya Pradesh, India",2024-02-01T07:00:00,55.4,55.4,55.4,100,0,0,,0,0,7.2,0,0,1017,0,1.9,0,0,0,,Clear,clear-night,"VABP,42667099999"
"Bhopal, Madhya Pradesh, India",2024-02-01T08:00:00,60.2,60.2,58.2,92.84,0,0,,0,0,7.2,0,0,1017,0,1.6,10.3,0,0,,Clear,clear-day,"VABP,42672099999,42667099999,42763099999"
"Bhopal, Madhya Pradesh, India",2024-02-01T09:00:00,69.8,69.8,60.8,73.11,0,0,,0,0,10.1,3.4,240,1018,0,2.5,153.1,0.6,2,,Clear,clear-day,"VABP,42667099999"
"Bhopal, Madhya Pradesh, India",2024-02-01T10:00:00,73.4,73.4,55.4,53.32,0,0,,0,0,11.2,4.7,270,1018,0,3.1,366.8,1.3,4,,Clear,clear-day,"VABP,42667099999"
"Bhopal, Madhya Pradesh, India",2024-02-01T11:00:00,75.4,75.4,52.1,44.06,0,0,,0,0,12.8,4.7,230,1016.9,0.2,3.1,554.8,2,6,,Clear,clear-day,"VABP,42667099999,42763099999"
"Bhopal, Madhya Pradesh, India",2024-02-01T12:00:00,77,77,51.8,41.45,0,0,,0,0,13.9,5.8,190,1017,0,3.7,700.8,2.5,7,,Clear,clear-day,"VABP,42667099999"
"Bhopal, Madhya Pradesh, India",2024-02-01T13:00:00,78.8,78.8,48.2,34.17,0,0,,0,0,13.6,9.2,220,1016,0,3.7,775.1,2.8,8,,Clear,clear-day,"VABP,42667099999"
"Bhopal, Madhya Pradesh, India",2024-02-01T14:00:00,79.1,79.1,52.1,39.16,0,0,,0,0,13.2,9.1,250,1013.8,45.3,3.1,782.4,2.8,8,,Partially cloudy,partly-cloudy-day,"VABP,42667099999,42763099999"
"Bhopal, Madhya Pradesh, India",2024-02-01T15:00:00,77,77,53.6,44.28,0,0,,0,0,14.1,9.2,310,1015,50,3.7,712.2,2.6,7,,Partially cloudy,partly-cloudy-day,"VABP,42667099999"
"Bhopal, Madhya Pradesh, India",2024-02-01T16:00:00,77,77,51.8,41.45,0,0,,0,0,14.8,10.3,320,1015,50,3.7,525.7,1.9,5,,Partially cloudy,partly-cloudy-day,"VABP,42667099999"
"Bhopal, Madhya Pradesh, India",2024-02-01T17:00:00,77.5,77.5,51,39.57,0,0,,0,0,14.8,9,290,1014,49.6,3.2,305.5,1.1,3,,Partially cloudy,partly-cloudy-day,"VABP,42672099999,42667099999,42763099999"
"Bhopal, Madhya Pradesh, India",2024-02-01T18:00:00,71.6,71.6,53.6,53.06,0,0,,0,0,13.4,2.2,320,1016,27.3,3.7,122.3,0.4,1,,Partially cloudy,partly-cloudy-day,"VABP,42667099999"
"Bhopal, Madhya Pradesh, India",2024-02-01T19:00:00,69.8,69.8,53.6,56.41,0,0,,0,0,10.5,2.2,310,1017,27.3,3.7,15.5,0.1,0,,Partially cloudy,partly-cloudy-night,"VABP,42667099999"
"Bhopal, Madhya Pradesh, India",2024-02-01T20:00:00,68.2,68.2,55.4,63.42,0,0,,0,0,9.6,2.2,290,1016.4,19.5,3.2,0,0,0,,Clear,clear-night,"VABP,42667099999"
"Bhopal, Madhya Pradesh, India",2024-02-01T21:00:00,68,68,55.4,64.07,0,0,,0,0,8.7,0,0,1018,0,3.7,0,0,0,,Clear,clear-night,"VABP,42667099999"
"Bhopal, Madhya Pradesh, India",2024-02-01T22:00:00,68.6,68.6,57.6,68.01,0,0,,0,0,7.8,4.7,4.1,1017,15.3,,0,0,0,,Clear,clear-night,remote
"Bhopal, Madhya Pradesh, India",2024-02-01T23:00:00,67.2,67.2,54.7,64.26,0,0,,0,0,7.2,4.7,345,1017.5,40,2.8,0,0,0,,Partially cloudy,partly-cloudy-night,"VABP,42667099999"
"Bhopal, Madhya Pradesh, India",2024-02-02T00:00:00,65.4,65.4,57.6,76.06,0,0,,0,0,7.2,4.5,15.3,1017,12.2,,0,0,0,,Clear,clear-night,remote
"Bhopal, Madhya Pradesh, India",2024-02-02T01:00:00,63.8,63.8,57.5,79.96,0,0,,0,0,7.4,4.5,17.3,1017,17.7,,0,0,0,,Clear,clear-night,remote
"Bhopal, Madhya Pradesh, India",2024-02-02T02:00:00,64.5,64.5,53.9,68.43,0,0,,0,0,6.9,2.2,20,1015.9,40,2.5,0,0,0,,Partially cloudy,partly-cloudy-night,42667099999
"Bhopal, Madhya Pradesh, India",2024-02-02T03:00:00,63.2,63.2,56,77.36,0,0,,0,0,7.6,4.9,26.7,1017,58.4,,0,0,0,,Partially cloudy,partly-cloudy-night,remote
"Bhopal, Madhya Pradesh, India",2024-02-02T04:00:00,61.1,61.1,56,83.49,0,0,,0,0,8.5,4.9,24.4,1016,87.5,,0,0,0,,Partially cloudy,partly-cloudy-night,remote
"Bhopal, Madhya Pradesh, India",2024-02-02T05:00:00,60.9,60.9,59.3,94.4,0,0,,0,0,8.7,0,31.2,1016.7,40,2.5,0,0,0,,Partially cloudy,partly-cloudy-night,42667099999
"Bhopal, Madhya Pradesh, India",2024-02-02T06:00:00,57.2,57.2,57.2,100,0,0,,0,0,8.5,0,0,1017,0,1.9,0,0,0,,Clear,clear-night,"VABP,42667099999"
"Bhopal, Madhya Pradesh, India",2024-02-02T07:00:00,57.2,57.2,57.2,100,0,0,,0,0,7.8,0,0,1017,0,1.9,0,0,0,,Clear,clear-night,"VABP,42667099999"
"Bhopal, Madhya Pradesh, India",2024-02-02T08:00:00,63,63,58.3,84.68,0,0,,0,0,7.6,0,0,1018.6,30,1.6,9.8,0,0,,Partially cloudy,partly-cloudy-day,"VABP,42672099999,42667099999,42763099999"
"Bhopal, Madhya Pradesh, India",2024-02-02T09:00:00,71.6,71.6,62.6,73.29,0,0,,0,0,9.8,2.2,60,1020,0,2.5,137.8,0.5,1,,Clear,clear-day,"VABP,42667099999"
"Bhopal, Madhya Pradesh, India",2024-02-02T10:00:00,73.4,73.4,59,60.7,0,0,,0,0,11.6,4.7,10,1020,0,2.5,350.3,1.3,4,,Clear,clear-day,"VABP,42667099999"
"Bhopal, Madhya Pradesh, India",2024-02-02T11:00:00,76,76,55.1,48.29,0,0,,0,0,13.4,5.8,360,1019,0.7,2.8,547.5,2,5,,Clear,clear-day,"VABP,42667099999,42763099999"
"Bhopal, Madhya Pradesh, India",2024-02-02T12:00:00,75.2,75.2,55.4,50.2,0,0,,0,0,13.6,8.1,340,1019,50,3.1,694,2.5,7,,Partially cloudy,partly-cloudy-day,"VABP,42667099999"
"Bhopal, Madhya Pradesh, India",2024-02-02T13:00:00,77,77,50,38.78,0,0,,0,0,11.2,8.1,330,1018,50,3.7,688.2,2.5,7,,Partially cloudy,partly-cloudy-day,"VABP,42667099999"
"Bhopal, Madhya Pradesh, India",2024-02-02T14:00:00,77.8,77.8,52.4,41.17,0,0,,0,0,12.1,6.9,340,1016.1,45.3,3.1,702.9,2.5,7,,Partially cloudy,partly-cloudy-day,"VABP,42667099999,42763099999"
"Bhopal, Madhya Pradesh, India",2024-02-02T15:00:00,77,77,50,38.78,0,0,,0,0,12.8,5.8,310,1017,50,3.7,587.9,2.1,6,,Partially cloudy,partly-cloudy-day,"VABP,42667099999"
"Bhopal, Madhya Pradesh, India",2024-02-02T16:00:00,78.8,78.8,50,36.54,0,0,,0,0,13.6,8.1,20,1017,50,3.7,531.4,1.9,5,,Partially cloudy,partly-cloudy-day,"VABP,42667099999"
"Bhopal, Madhya Pradesh, India",2024-02-02T17:00:00,77.2,77.2,51.8,41.19,0,0,,0,0,13.2,5.7,360,1015.8,45.3,3.2,326.5,1.2,3,,Partially cloudy,partly-cloudy-day,"VABP,42672099999,42667099999,42763099999"
"Bhopal, Madhya Pradesh, India",2024-02-02T18:00:00,71.6,71.6,50,46.46,0,0,,0,0,11.4,4.7,20,1017,0,3.7,158.3,0.6,2,,Clear,clear-day,"VABP,42667099999"
"Bhopal, Madhya Pradesh, India",2024-02-02T19:00:00,75.8,75.8,56.9,51.95,0,0,,0,0,7.6,4.7,25.6,1016,5.1,,17.1,0.1,0,,Clear,clear-night,remote
"Bhopal, Madhya Pradesh, India",2024-02-02T20:00:00,68.8,68.8,49.7,50.5,0,0,,0,0,7.8,2.2,20,1018,1,3.2,0,0,0,,Clear,clear-night,"VABP,42667099999"
"Bhopal, Madhya Pradesh, India",2024-02-02T21:00:00,66.2,66.2,46.4,48.86,0,0,,0,0,7.6,3.4,20,1019,0,3.7,0,0,0,,Clear,clear-night,"VABP,42667099999"
"Bhopal, Madhya Pradesh, India",2024-02-02T22:00:00,67,67,54.4,63.95,0,0,,0,0,8.9,6,42.5,1018,0,,0,0,0,,Clear,clear-night,remote
"Bhopal, Madhya Pradesh, India",2024-02-02T23:00:00,63.8,63.8,55.7,74.93,0,0,,0,0,10.3,5.8,360,1018.8,0,2.5,0,0,0,,Clear,clear-night,42667099999
"Bhopal, Madhya Pradesh, India",2024-02-03T00:00:00,64.5,64.5,56.2,74.51,0,0,,0,0,9.8,5.1,52.6,1018,0,,0,0,0,,Clear,clear-night,remote
"Bhopal, Madhya Pradesh, India",2024-02-03T01:00:00,63.6,63.6,56.9,78.92,0,0,,0,0,8.7,4.5,48.4,1018,0,,0,0,0,,Clear,clear-night,remote
"Bhopal, Madhya Pradesh, India",2024-02-03T02:00:00,62,62,55.7,79.82,0,0,,0,0,7.4,0,49.3,1017.9,0,1.2,0,0,0,,Clear,clear-night,42667099999
"Bhopal, Madhya Pradesh, India",2024-02-03T03:00:00,60.5,60.5,57.5,89.64,0,0,,0,0,6.7,4.5,57,1018,0,,0,0,0,,Clear,clear-night,remote
"Bhopal, Madhya Pradesh, India",2024-02-03T04:00:00,56,56,54.1,93.05,0,0,,0,0,6.7,4.3,58,1018,0,,0,0,0,,Clear,clear-night,remote
"Bhopal, Madhya Pradesh, India",2024-02-03T05:00:00,56,56,53,89.45,0,0,,0,0,6.7,0,61.5,1017.1,0,1.2,0,0,0,,Clear,clear-night,42667099999
"Bhopal, Madhya Pradesh, India",2024-02-03T06:00:00,55.4,55.4,53.6,93.65,0,0,,0,0,6.7,3.4,20,1018,0,1.9,0,0,0,,Clear,clear-night,"VABP,42667099999"
"Bhopal, Madhya Pradesh, India",2024-02-03T07:00:00,51.8,51.8,51.8,100,0,0,,0,0,6.7,2.2,360,1019,0,0,0,0,0,,Clear,clear-night,"VABP,42667099999"
"Bhopal, Madhya Pradesh, India",2024-02-03T08:00:00,58.2,58.2,56.6,94.24,0,0,,0,0,6.5,0,1,1019.8,0,1,10.8,0,0,,Clear,clear-day,"VABP,42672099999,42667099999,42763099999"
"Bhopal, Madhya Pradesh, India",2024-02-03T09:00:00,58.7,58.7,55.5,88.98,0,0,,0,0,8.3,4.5,111.9,1020,0,,151.4,0.5,2,,Clear,clear-day,remote
"Bhopal, Madhya Pradesh, India",2024-02-03T10:00:00,69.8,69.8,57.2,64.29,0,0,,0,0,11,8.1,100,1021,0,2.5,361.8,1.3,4,,Clear,clear-day,"VABP,42667099999"
"Bhopal, Madhya Pradesh, India",2024-02-03T11:00:00,74.5,74.5,52.4,46.05,0,0,,0,0,13.2,5.8,110,1019.2,0,2.8,553.7,2,6,,Clear,clear-day,"VABP,42667099999,42763099999"
"Bhopal, Madhya Pradesh, India",2024-02-03T12:00:00,77,77,50,38.78,0,0,,0,0,13.6,5.8,100,1019,0,3.1,696.4,2.5,7,,Clear,clear-day,"VABP,42667099999"
"Bhopal, Madhya Pradesh, India",2024-02-03T13:00:00,78.8,78.8,48.2,34.17,0,0,,0,0,14.5,4.7,180,1019,0,3.1,774.7,2.8,8,,Clear,clear-day,"VABP,42667099999"
"Bhopal, Madhya Pradesh, India",2024-02-03T14:00:00,80.4,79.3,44.5,28.19,0,0,,0,0,13.4,4.7,205,1016.6,0,3.1,778.6,2.8,8,,Clear,clear-day,"VABP,42667099999,42763099999"
"Bhopal, Madhya Pradesh, India",2024-02-03T15:00:00,82.4,80.8,48.2,30.38,0,0,,0,0,13,3.4,160,1018,0,3.7,709.4,2.6,7,,Clear,clear-day,"VABP,42667099999"
"Bhopal, Madhya Pradesh, India",2024-02-03T16:00:00,78.5,78.5,58.4,50.04,0,0,,0,0,11.6,2.9,272.5,1016,0,,574.2,2.1,6,,Clear,clear-day,remote
"Bhopal, Madhya Pradesh, India",2024-02-03T17:00:00,79.3,79.3,53.1,40.29,0,0,,0,0,9.4,5.7,295,1016.6,0,3.1,386.1,1.4,4,,Clear,clear-day,"VABP,42672099999,42667099999,42763099999"
"Bhopal, Madhya Pradesh, India",2024-02-03T18:00:00,75.2,75.2,50,41.17,0,0,,0,0,6.5,0,0,1018,0,3.7,176.8,0.6,2,,Clear,clear-day,"VABP,42667099999"
"Bhopal, Madhya Pradesh, India",2024-02-03T19:00:00,71.6,71.6,51.8,49.67,0,0,,0,0,4.3,0,0,1018,0,3.7,19.2,0.1,0,,Clear,clear-night,"VABP,42667099999"
"Bhopal, Madhya Pradesh, India",2024-02-03T20:00:00,70.5,70.5,57,62.37,0,0,,0,0,7.2,3.4,110,1018.1,0,3.2,0,0,0,,Clear,clear-night,"VABP,42667099999"
"Bhopal, Madhya Pradesh, India",2024-02-03T21:00:00,69.8,69.8,57.2,64.29,0,0,,0,0,7.6,3.4,120,1019,27.3,3.7,0,0,0,,Partially cloudy,partly-cloudy-night,"VABP,42667099999"
"Bhopal, Madhya Pradesh, India",2024-02-03T22:00:00,68.6,68.6,57.6,68.01,0,0,,0,0,7.6,4.9,137.5,1018,0,,0,0,0,,Clear,clear-night,remote
"Bhopal, Madhya Pradesh, India",2024-02-03T23:00:00,66.4,66.4,56,69.14,0,0,,0,0,7.4,3.4,140,1018.3,27.3,3.2,0,0,0,,Partially cloudy,partly-cloudy-night,"VABP,42667099999"
"Bhopal, Madhya Pradesh, India",2024-02-04T00:00:00,64.7,64.7,56,73.56,0,0,,0,0,7.4,4.5,171.9,1018,0,,0,0,0,,Clear,clear-night,remote
"Bhopal, Madhya Pradesh, India",2024-02-04T01:00:00,63.8,63.8,56,75.91,0,0,,0,0,7.4,4.9,180.2,1017,0,,0,0,0,,Clear,clear-night,remote
"Bhopal, Madhya Pradesh, India",2024-02-04T02:00:00,62.7,62.7,55.1,76.31,0,0,,0,0,7.6,0,189.4,1017.4,5.1,2.5,0,0,0,,Clear,clear-night,42667099999
"Bhopal, Madhya Pradesh, India",2024-02-04T03:00:00,63.1,63.1,55.7,76.85,0,0,,0,0,7.6,4.7,220.2,1017,1.5,,0,0,0,,Clear,clear-night,remote
"Bhopal, Madhya Pradesh, India",2024-02-04T04:00:00,61.6,61.6,56.6,83.52,0,0,,0,0,6,4,236,1017,0,,0,0,0,,Clear,clear-night,remote
"Bhopal, Madhya Pradesh, India",2024-02-04T05:00:00,59.9,59.9,58.6,95.33,0,0,,0,0,6,5.8,200,1017.7,0,1.6,0,0,0,,Clear,clear-night,"VABP,42667099999"
"Bhopal, Madhya Pradesh, India",2024-02-04T06:00:00,59,59,59,100,0,0,,0,0,6.7,2.2,120,1019,0,1.9,0,0,0,,Clear,clear-night,"VABP,42667099999"
"Bhopal, Madhya Pradesh, India",2024-02-04T07:00:00,62.6,62.6,62.6,100,0,0,,0,0,7.2,3.4,110,1019,27.3,1.9,0,0,0,,Partially cloudy,partly-cloudy-day,"VABP,42667099999"
"Bhopal, Madhya Pradesh, India",2024-02-04T08:00:00,65.8,65.8,61.8,86.95,0,0,,0,0,7.2,4.6,115,1018.5,49.6,1.6,11.1,0,0,,Partially cloudy,partly-cloudy-day,"VABP,42672099999,42667099999,42763099999"
"Bhopal, Madhya Pradesh, India",2024-02-04T09:00:00,75.2,75.2,51.8,44,0,0,,0,0,8.1,5.8,150,1020,27.3,3.7,151.4,0.5,2,,Partially cloudy,partly-cloudy-day,"VABP,42667099999"
"Bhopal, Madhya Pradesh, India",2024-02-04T10:00:00,78.8,78.8,51.8,39.06,0,0,,0,0,8.9,5.8,140,1020,27.3,3.7,360,1.3,4,,Partially cloudy,partly-cloudy-day,"VABP,42667099999"
"Bhopal, Madhya Pradesh, India",2024-02-04T11:00:00,81.4,80.5,50.7,34.47,0,0,,0,0,11.9,6.9,145,1018.6,0.7,3.1,549.8,2,5,,Clear,clear-day,"VABP,42667099999,42763099999"
"Bhopal, Madhya Pradesh, India",2024-02-04T12:00:00,82.4,81.2,51.8,34.73,0,0,,0,0,14.1,8.1,200,1019,0,3.7,690.7,2.5,7,,Clear,clear-day,"VABP,42667099999"
"Bhopal, Madhya Pradesh, India",2024-02-04T13:00:00,82.4,81,50,32.49,0,0,,0,0,17.4,10.3,220,1018,0,3.7,766.8,2.8,8,,Clear,clear-day,"VABP,42667099999"
"Bhopal, Madhya Pradesh, India",2024-02-04T14:00:00,85,82.8,49.6,29.42,0,0,,0,0,21.3,8,175,1015.3,40,3.1,761.7,2.7,8,,Partially cloudy,partly-cloudy-day,"VABP,42667099999,42763099999"
"Bhopal, Madhya Pradesh, India",2024-02-04T15:00:00,84.5,83.7,57.1,39.42,0,0,,0,0,20.4,8.3,234.6,1015,6.5,,693.4,2.5,7,,Clear,clear-day,remote
"Bhopal, Madhya Pradesh, India",2024-02-04T16:00:00,84.2,82.2,50,30.66,0,0,,0,0,18.3,5.8,190,1016,0,3.7,563.2,2,6,,Clear,clear-day,"VABP,42667099999"
"Bhopal, Madhya Pradesh, India",2024-02-04T17:00:00,83.2,81.9,52.8,35.15,0,0,,0,0,16.3,5.7,180,1014.4,24,3.2,335.6,1.2,3,,Partially cloudy,partly-cloudy-day,"VABP,42672099999,42667099999,42763099999"
"Bhopal, Madhya Pradesh, India",2024-02-04T18:00:00,77,77,55.4,47.28,0,0,,0,0,12.3,5.8,160,1016,0,3.7,128.4,0.5,1,,Clear,clear-day,"VABP,42667099999"
"Bhopal, Madhya Pradesh, India",2024-02-04T19:00:00,75.2,75.2,53.6,47.01,0,0,,0,0,6.7,5.8,180,1017,0,3.1,16.4,0.1,0,,Clear,clear-night,"VABP,42667099999"
"Bhopal, Madhya Pradesh, India",2024-02-04T20:00:00,74.3,74.3,53.7,48.56,0,0,,0,0,6.7,5.8,140,1016.1,10.2,2.8,0,0,0,,Clear,clear-night,"VABP,42667099999"
"Bhopal, Madhya Pradesh, India",2024-02-04T21:00:00,73.4,73.4,53.6,49.93,0,0,,0,0,7.8,4.7,180,1018,0,3.1,0,0,0,,Clear,clear-night,"VABP,42667099999"
"Bhopal, Madhya Pradesh, India",2024-02-04T22:00:00,69.8,69.8,55.4,60.24,0,0,,0,0,8.3,4.7,200,1018,27.3,3.1,0,0,0,,Partially cloudy,partly-cloudy-night,"VABP,42667099999"
"Bhopal, Madhya Pradesh, India",2024-02-04T23:00:00,70,70,62.1,75.9,0,0,,0,0,8.3,3.4,200,1017.3,27.3,2.8,0,0,0,,Partially cloudy,partly-cloudy-night,"VABP,42667099999"
"Bhopal, Madhya Pradesh, India",2024-02-05T00:00:00,68.6,68.6,59.1,71.61,0,0,,0,0,7.6,4.9,249.3,1016,2.5,,0,0,0,,Clear,clear-night,remote
"Bhopal, Madhya Pradesh, India",2024-02-05T01:00:00,68.8,68.8,58.9,70.71,0,0,,0,0,8.7,5.6,253.2,1016,1.2,,0,0,0,,Clear,clear-night,remote
"Bhopal, Madhya Pradesh, India",2024-02-05T02:00:00,66.3,66.3,58.7,76.63,0,0,,0,0,9.6,6,261.7,1016,0.2,,0,0,0,,Clear,clear-night,remote
"Bhopal, Madhya Pradesh, India",2024-02-05T03:00:00,63.9,63.9,58.9,83.67,0,0,,0,0,10.1,5.8,272.3,1015,0.9,,0,0,0,,Clear,clear-night,remote
"Bhopal, Madhya Pradesh, India",2024-02-05T04:00:00,65,65,56.4,73.6,0,0,,0,0,10.1,5.1,280.9,1016,0,,0,0,0,,Clear,clear-night,remote
"Bhopal, Madhya Pradesh, India",2024-02-05T05:00:00,61.6,61.6,57.6,86.53,0,0,,0,0,9.2,1.1,270,1015.9,27.3,1.6,0,0,0,,Partially cloudy,partly-cloudy-night,"VABP,42667099999"
"Bhopal, Madhya Pradesh, India",2024-02-05T06:00:00,60.8,60.8,60.8,100,0,0,,0,0,7.8,2.2,210,1017,27.3,1.9,0,0,0,,Partially cloudy,partly-cloudy-night,"VABP,42667099999"
"Bhopal, Madhya Pradesh, India",2024-02-05T07:00:00,60.8,60.8,60.8,100,0,0,,0,0,6.9,3.4,190,1018,0,1.9,0,0,0,,Clear,clear-day,"VABP,42667099999"
"Bhopal, Madhya Pradesh, India",2024-02-05T08:00:00,64.6,64.6,60.7,87.2,0,0,,0,0,6.9,3.3,200,1017.7,10,1.6,11.6,0,0,,Clear,clear-day,"VABP,42672099999,42667099999,42763099999"
"Bhopal, Madhya Pradesh, India",2024-02-05T09:00:00,73.4,73.4,68,83.22,0,0,,0,0,8.1,3.4,140,1019,27.3,2.5,154.6,0.6,2,,Partially cloudy,partly-cloudy-day,"VABP,42667099999"
"Bhopal, Madhya Pradesh, India",2024-02-05T10:00:00,66.5,66.5,58.6,75.67,0,0,,0,0,8.9,2.2,246.8,1018,0,,363.7,1.3,4,,Clear,clear-day,remote
"Bhopal, Madhya Pradesh, India",2024-02-05T11:00:00,78.8,78.8,60.8,53.99,0,0,,0,0,12.3,5.8,200,1017.7,0,3.1,554.4,2,6,,Clear,clear-day,"VABP,42667099999,42763099999"
"Bhopal, Madhya Pradesh, India",2024-02-05T12:00:00,82.4,81.2,51.8,34.73,0,0,,0,0,16.1,13.9,230,1019,0,3.7,696,2.5,7,,Clear,clear-day,"VABP,42667099999"
"Bhopal, Madhya Pradesh, India",2024-02-05T13:00:00,84.2,82.8,53.6,35.01,0,0,,0,0,18.6,10.3,230,1017,0,3.7,770,2.8,8,,Clear,clear-day,"VABP,42667099999"
"Bhopal, Madhya Pradesh, India",2024-02-05T14:00:00,85.3,83.5,53.3,33.44,0,0,,0,0,19.9,11.4,245,1014.4,0.3,3.1,775,2.8,8,,Clear,clear-day,"VABP,42667099999,42763099999"
"Bhopal, Madhya Pradesh, India",2024-02-05T15:00:00,84.6,84.5,59.6,42.9,0,0,,0,0,20.8,9.4,278.2,1015,0.6,,708.4,2.6,7,,Clear,clear-day,remote
"Bhopal, Madhya Pradesh, India",2024-02-05T16:00:00,82.4,81.2,51.8,34.73,0,0,,0,0,20.6,12.8,240,1015,0,3.7,577,2.1,6,,Clear,clear-day,"VABP,42667099999"
"Bhopal, Madhya Pradesh, India",2024-02-05T17:00:00,81.5,81.1,55.4,40.72,0,0,,0,0,20.4,10.1,270,1014.4,30,3.2,387.5,1.4,4,,Partially cloudy,partly-cloudy-day,"VABP,42672099999,42667099999,42763099999"
"Bhopal, Madhya Pradesh, India",2024-02-05T18:00:00,75.2,75.2,60.8,60.93,0,0,,0,0,17.7,4.7,330,1016,0,3.7,180.7,0.7,2,,Clear,clear-day,"VABP,42667099999"
"Bhopal, Madhya Pradesh, India",2024-02-05T19:00:00,73.4,73.4,60.8,64.72,0,0,,0,0,9.8,2.2,320,1017,0,3.7,20.9,0.1,0,,Clear,clear-night,"VABP,42667099999"
"Bhopal, Madhya Pradesh, India",2024-02-05T20:00:00,72.3,72.3,60.6,66.74,0,0,,0,0,7.2,2.2,340,1016.3,0.3,3.2,0,0,0,,Clear,clear-night,"VABP,42667099999"
"Bhopal, Madhya Pradesh, India",2024-02-05T21:00:00,69.8,69.8,62.6,77.91,0,0,,0,0,7.4,2.2,10,1018,0,3.7,0,0,0,,Clear,clear-night,"VABP,42667099999"
"Bhopal, Madhya Pradesh, India",2024-02-05T22:00:00,69.7,69.7,61.8,75.95,0,0,,0,0,7.4,5.1,3.1,1016,30.6,,0,0,0,,Partially cloudy,partly-cloudy-night,remote
"Bhopal, Madhya Pradesh, India",2024-02-05T23:00:00,69.2,69.2,61.1,75.42,0,0,,0,0,6.5,5.8,20,1016.8,35.5,2.5,0,0,0,,Partially cloudy,partly-cloudy-night,42667099999
"Bhopal, Madhya Pradesh, India",2024-02-06T00:00:00,68.3,68.3,62,80.3,0,0,,0,0,5.4,3.8,354.9,1017,2,,0,0,0,,Clear,clear-night,remote
"Bhopal, Madhya Pradesh, India",2024-02-06T01:00:00,66.5,66.5,61.8,84.91,0,0,,0,0,5.8,4,343.9,1017,0,,0,0,0,,Clear,clear-night,remote
"Bhopal, Madhya Pradesh, India",2024-02-06T02:00:00,64.1,64.1,59.3,84.22,0,0,,0,0,6.5,8.1,20,1016.3,0,1.2,0,0,0,,Clear,clear-night,42667099999
"Bhopal, Madhya Pradesh, India",2024-02-06T03:00:00,64.1,64.1,60.9,89.22,0,0,,0,0,6.5,3.6,342,1016,0,,0,0,0,,Clear,clear-night,remote
"Bhopal, Madhya Pradesh, India",2024-02-06T04:00:00,62,62,60.2,93.82,0,0,,0,0,6.7,4,354.4,1016,0,,0,0,0,,Clear,clear-night,remote
"Bhopal, Madhya Pradesh, India",2024-02-06T05:00:00,61,61,60.5,97.94,0,0,,0,0,6.7,2.2,20,1016.4,100,0,0,0,0,,Overcast,cloudy,"VABP,42667099999"
"Bhopal, Madhya Pradesh, India",2024-02-06T06:00:00,63.1,63.1,60.3,90.9,0,0,,0,0,6.9,4.3,11.5,1016,1.8,,0,0,0,,Clear,clear-night,remote
"Bhopal, Madhya Pradesh, India",2024-02-06T07:00:00,63.1,63.1,60.5,91.49,0,0,,0,0,7.2,4.9,17.6,1017,11.9,,0,0,0,,Clear,clear-day,remote
"Bhopal, Madhya Pradesh, India",2024-02-06T08:00:00,61.1,61.1,60.5,97.85,0,0,,0,0,7.8,2.2,45,1018.6,100,0,10.9,0,0,,Overcast,cloudy,"VABP,42672099999,42667099999,42763099999"
"Bhopal, Madhya Pradesh, India",2024-02-06T09:00:00,63.1,63.1,60.9,92.66,0,0,,0,0,11.2,5.1,49.1,1019,34,,137.5,0.5,1,,Partially cloudy,partly-cloudy-day,remote
"Bhopal, Madhya Pradesh, India",2024-02-06T10:00:00,63.2,63.2,60.9,92.08,0,0,,0,0,11.6,4,62.5,1019,20.1,,337.2,1.2,3,,Partially cloudy,partly-cloudy-day,remote
"Bhopal, Madhya Pradesh, India",2024-02-06T11:00:00,69.9,69.9,65.7,86.47,0,0,,0,0,11.2,4.7,325,1019.3,75,1,484.6,1.7,5,,Partially cloudy,partly-cloudy-day,"VABP,42667099999,42763099999"
"Bhopal, Madhya Pradesh, India",2024-02-06T12:00:00,73.4,73.4,69.8,88.52,0,0,,0,0,9.8,3.4,300,1020,27.3,1.9,692.5,2.5,7,,Partially cloudy,partly-cloudy-day,"VABP,42667099999"
"Bhopal, Madhya Pradesh, India",2024-02-06T13:00:00,73.4,73.4,71.6,94.11,0,0,,0,0,10.7,4.7,340,1018,27.3,3.1,770.1,2.8,8,,Partially cloudy,partly-cloudy-day,"VABP,42667099999"
"Bhopal, Madhya Pradesh, India",2024-02-06T14:00:00,75.3,75.3,65.7,72.23,0,0,,0,0,13.2,6.9,341,1016.7,27.3,2.8,756.4,2.7,8,,Partially cloudy,partly-cloudy-day,"VABP,42667099999,42763099999"
"Bhopal, Madhya Pradesh, India",2024-02-06T15:00:00,77,77,64.4,65.14,0,0,,0,0,14.8,10.3,310,1017,27.3,3.1,703.4,2.5,7,,Partially cloudy,partly-cloudy-day,"VABP,42667099999"
"Bhopal, Madhya Pradesh, India",2024-02-06T16:00:00,76.9,76.9,61.4,58.86,0,0,,0,0,14.8,6.9,331,1015,7.8,,575.8,2.1,6,,Clear,clear-day,remote
"Bhopal, Madhya Pradesh, India",2024-02-06T17:00:00,77,77,57.9,51.76,0,0,,0,0,14.3,11.2,340,1015.9,27.4,2.9,372.9,1.3,4,,Partially cloudy,partly-cloudy-day,"VABP,42672099999,42667099999,42763099999"
"Bhopal, Madhya Pradesh, India",2024-02-06T18:00:00,69.8,69.8,69.8,100,0,0,,0,0,13.2,9.2,360,1018,27.3,1.9,146.1,0.5,1,,Partially cloudy,partly-cloudy-day,"VABP,42667099999"
"Bhopal, Madhya Pradesh, India",2024-02-06T19:00:00,68,68,66.2,93.97,0,0,,0,0,12.1,6.9,20,1019,0,1.9,19.3,0.1,0,,Clear,clear-night,"VABP,42667099999"
"Bhopal, Madhya Pradesh, India",2024-02-06T20:00:00,66.3,66.3,63.7,91.36,0,0,,0,0,12.8,4.7,20,1018.8,1.4,1.6,0,0,0,,Clear,clear-night,"VABP,42667099999"
"Bhopal, Madhya Pradesh, India",2024-02-06T21:00:00,68.4,68.4,61.1,77.31,0,0,,0,0,12.3,6.7,44.3,1019,0,,0,0,0,,Clear,clear-night,remote
"Bhopal, Madhya Pradesh, India",2024-02-06T22:00:00,67.2,67.2,61.4,81.77,0,0,,0,0,11,6.3,47.3,1019,0,,0,0,0,,Clear,clear-night,remote
"Bhopal, Madhya Pradesh, India",2024-02-06T23:00:00,62.6,62.6,59.4,89.21,0,0,,0,0,10.3,3.4,20,1019.8,5.3,1.2,0,0,0,,Clear,clear-night,"VABP,42667099999"
"Bhopal, Madhya Pradesh, India",2024-02-07T00:00:00,63.8,63.8,61.2,91.51,0,0,,0,0,9.8,5.6,59.4,1019,5.9,,0,0,0,,Clear,clear-night,remote
"Bhopal, Madhya Pradesh, India",2024-02-07T01:00:00,63.4,63.4,61.2,92.67,0,0,,0,0,9.8,5.6,64.5,1019,0,,0,0,0,,Clear,clear-night,remote
"Bhopal, Madhya Pradesh, India",2024-02-07T02:00:00,59.1,59.1,57.8,95.59,0,0,,0,0,9.6,3.4,20,1018.4,22.2,0.6,0,0,0,,Partially cloudy,fog,42667099999
"Bhopal, Madhya Pradesh, India",2024-02-07T03:00:00,62,62,60.9,96.25,0,0,,0,0,9.4,5.4,75,1018,0.2,,0,0,0,,Clear,clear-night,remote
"Bhopal, Madhya Pradesh, India",2024-02-07T04:00:00,59.3,59.3,58.4,96.83,0,0,,0,0,8.9,5.6,58.2,1018,5.8,,0,0,0,,Clear,clear-night,remote
"Bhopal, Madhya Pradesh, India",2024-02-07T05:00:00,57.3,57.3,53.9,88.33,0,0,,0,0,8.9,3.4,20,1018.3,27,0.6,0,0,0,,Partially cloudy,fog,42667099999
"Bhopal, Madhya Pradesh, India",2024-02-07T06:00:00,55.4,55.4,55.4,100,0,0,,0,0,9.2,2.2,50,1015,0,1.2,0,0,0,,Clear,clear-night,"VABP,42667099999"
"Bhopal, Madhya Pradesh, India",2024-02-07T07:00:00,57.2,57.2,57.2,100,0,0,,0,0,9.4,3.4,70,1020,0,1.2,0,0,0,,Clear,clear-day,"VABP,42667099999"
"Bhopal, Madhya Pradesh, India",2024-02-07T08:00:00,60.2,60.2,55.7,85.17,0,0,,0,0,9.8,4.6,70,1020.1,18.4,1.6,12.3,0,0,,Clear,clear-day,"VABP,42672099999,42667099999,42763099999"
"Bhopal, Madhya Pradesh, India",2024-02-07T09:00:00,60,60,55.5,85.07,0,0,,0,0,13.2,6.3,73,1021,66.8,,152.6,0.5,2,,Partially cloudy,partly-cloudy-day,remote
"Bhopal, Madhya Pradesh, India",2024-02-07T10:00:00,68,68,62.6,82.87,0,0,,0,0,14.5,8.1,90,1022,27.3,3.1,365,1.3,4,,Partially cloudy,partly-cloudy-day,"VABP,42667099999"
"Bhopal, Madhya Pradesh, India",2024-02-07T11:00:00,70.9,70.9,56.8,60.93,0,0,,0,0,15,4.7,70,1021,27.5,2.8,558.6,2,6,,Partially cloudy,partly-cloudy-day,"VABP,42667099999,42763099999"
"Bhopal, Madhya Pradesh, India",2024-02-07T12:00:00,73.4,73.4,59,60.7,0,0,,0,0,14.8,4.7,130,1021,27.3,3.1,700.6,2.5,7,,Partially cloudy,partly-cloudy-day,"VABP,42667099999"
"Bhopal, Madhya Pradesh, India",2024-02-07T13:00:00,77,77,59,53.83,0,0,,0,0,12.3,2.2,190,1019,27.3,3.1,782.8,2.8,8,,Partially cloudy,partly-cloudy-day,"VABP,42667099999"
"Bhopal, Madhya Pradesh, India",2024-02-07T14:00:00,77.5,77.5,57.5,50.11,0,0,,0,0,11,6.9,326,1017.6,27.3,2.8,785.5,2.8,8,,Partially cloudy,partly-cloudy-day,"VABP,42667099999,42763099999"
"Bhopal, Madhya Pradesh, India",2024-02-07T15:00:00,75.2,75.2,57.2,53.58,0,0,,0,0,8.9,9.2,20,1018,50,3.1,717.9,2.6,7,,Partially cloudy,partly-cloudy-day,"VABP,42667099999"
"Bhopal, Madhya Pradesh, India",2024-02-07T16:00:00,75.2,75.2,57.2,53.58,0,0,,0,0,10.5,5.8,320,1018,88.9,3.7,582.5,2.1,6,,Partially cloudy,partly-cloudy-day,"VABP,42667099999"
"Bhopal, Madhya Pradesh, India",2024-02-07T17:00:00,73.5,73.5,55.3,53.04,0,0,,0,0,11.2,7.9,20,1017,40.3,3.2,397,1.4,4,,Partially cloudy,partly-cloudy-day,"VABP,42672099999,42667099999,42763099999"
"Bhopal, Madhya Pradesh, India",2024-02-07T18:00:00,69.8,69.8,53.6,56.41,0,0,,0,0,11.2,5.8,360,1019,0,3.7,173,0.6,2,,Clear,clear-day,"VABP,42667099999"
"Bhopal, Madhya Pradesh, India",2024-02-07T19:00:00,66.2,66.2,53.6,63.85,0,0,,0,0,8.7,4.7,20,1020,0,3.7,19.6,0.1,0,,Clear,clear-night,"VABP,42667099999"
"Bhopal, Madhya Pradesh, India",2024-02-07T20:00:00,65.6,65.6,55.1,68.73,0,0,,0,0,9.8,3.4,20,1019.6,20.1,2.8,0,0,0,,Partially cloudy,partly-cloudy-night,"VABP,42667099999"
"Bhopal, Madhya Pradesh, India",2024-02-07T21:00:00,64.4,64.4,57.2,77.46,0,0,,0,0,9.8,5.8,20,1021,0,3.1,0,0,0,,Clear,clear-night,"VABP,42667099999"
"Bhopal, Madhya Pradesh, India",2024-02-07T22:00:00,62.6,62.6,59,88.01,0,0,,0,0,9.6,6.9,20,1021,0,3.1,0,0,0,,Clear,clear-night,"VABP,42667099999"
"Bhopal, Madhya Pradesh, India",2024-02-07T23:00:00,60.8,60.8,53.4,76.57,0,0,,0,0,10.5,3.4,20,1020.7,76.4,2.8,0,0,0,,Partially cloudy,partly-cloudy-night,"VABP,42667099999"
"Bhopal, Madhya Pradesh, India",2024-02-08T00:00:00,63.1,63.1,54.8,74.37,0,0,,0,0,11.4,7.4,24.9,1020,97.7,,0,0,0,,Overcast,cloudy,remote
"Bhopal, Madhya Pradesh, India",2024-02-08T01:00:00,62.5,62.5,53.5,72.39,0,0,,0,0,13,6.9,29.1,1020,98.1,,0,0,0,,Overcast,cloudy,remote
"Bhopal, Madhya Pradesh, India",2024-02-08T02:00:00,57.8,57.8,50.1,75.37,0,0,,0,0,12.3,6.9,20,1020,92.6,2.5,0,0,0,,Overcast,cloudy,42667099999
"Bhopal, Madhya Pradesh, India",2024-02-08T03:00:00,59.1,59.1,48.5,67.82,0,0,,0,0,12.8,7.4,31.3,1019,97,,0,0,0,,Overcast,cloudy,remote
"Bhopal, Madhya Pradesh, India",2024-02-08T04:00:00,55.8,55.8,45.6,68.37,0,0,,0,0,12.5,7.6,31.1,1020,98,,0,0,0,,Overcast,cloudy,remote
"Bhopal, Madhya Pradesh, India",2024-02-08T05:00:00,55.4,55.4,46.2,71.1,0,0,,0,0,11.9,8.1,20,1020.1,98.1,1.9,0,0,0,,Overcast,cloudy,"VABP,42667099999"
"Bhopal, Madhya Pradesh, India",2024-02-08T06:00:00,53.6,53.6,46.4,76.52,0,0,,0,0,11.2,3.4,40,1021,0,2.5,0,0,0,,Clear,clear-night,"VABP,42667099999"
"Bhopal, Madhya Pradesh, India",2024-02-08T07:00:00,53.6,53.6,44.6,71.47,0,0,,0,0,10.7,4.7,50,1022,0,2.5,0,0,0,,Clear,clear-day,"VABP,42667099999"
"Bhopal, Madhya Pradesh, India",2024-02-08T08:00:00,57.2,57.2,41.6,55.91,0,0,,0,0,10.1,4.6,50,1016.8,48.9,2.8,12.2,0,0,,Partially cloudy,partly-cloudy-day,"VABP,42672099999,42667099999,42763099999"
"Bhopal, Madhya Pradesh, India",2024-02-08T09:00:00,60.8,60.8,39.2,44.79,0,0,,0,0,12.8,5.8,30,1023,0,3.1,144.2,0.5,1,,Clear,clear-day,"VABP,42667099999"
"Bhopal, Madhya Pradesh, India",2024-02-08T10:00:00,60.8,60.8,39.2,44.79,0,0,,0,0,15,5.8,30,1024,88.9,3.1,343.2,1.2,3,,Partially cloudy,partly-cloudy-day,"VABP,42667099999"
"Bhopal, Madhya Pradesh, India",2024-02-08T11:00:00,63.5,63.5,40.1,42.18,0,0,,0,0,15.7,5.8,50,1022.9,84.1,2.8,546.3,2,5,,Partially cloudy,partly-cloudy-day,"VABP,42667099999,42763099999"
"Bhopal, Madhya Pradesh, India",2024-02-08T12:00:00,66.2,66.2,37.4,34.54,0,0,,0,0,15.9,6.9,20,1022,88.9,3.7,693.6,2.5,7,,Partially cloudy,partly-cloudy-day,"VABP,42667099999"
"Bhopal, Madhya Pradesh, India",2024-02-08T13:00:00,68.1,68.1,39.3,34.84,0,0,,0,0,15.2,0,22.9,1021,0,3.7,749.2,2.7,7,,Clear,clear-day,42667099999
"Bhopal, Madhya Pradesh, India",2024-02-08T14:00:00,71.9,71.9,42.1,34.18,0,0,,0,0,14.8,4.7,20,1018.5,27.5,3.1,743.4,2.7,7,,Partially cloudy,partly-cloudy-day,"VABP,42667099999,42763099999"
"Bhopal, Madhya Pradesh, India",2024-02-08T15:00:00,71.6,71.6,39.2,30.8,0,0,,0,0,13.2,3.4,40,1019,0,3.7,661.3,2.4,7,,Clear,clear-day,"VABP,42667099999"
"Bhopal, Madhya Pradesh, India",2024-02-08T16:00:00,71.5,71.5,45.9,40.04,0,0,,0,0,12.8,4.9,352.4,1018,36.1,,600.4,2.2,6,,Partially cloudy,partly-cloudy-day,remote
"Bhopal, Madhya Pradesh, India",2024-02-08T17:00:00,71.6,71.6,39.5,31.1,0,0,,0,0,12.3,4.6,45,1017.2,30.1,3.2,421.7,1.5,4,,Partially cloudy,partly-cloudy-day,"VABP,42672099999,42667099999,42763099999"
"Bhopal, Madhya Pradesh, India",2024-02-08T18:00:00,66.2,66.2,39.2,37.06,0,0,,0,0,11.2,2.2,40,1019,0,3.7,200.6,0.7,2,,Clear,clear-day,"VABP,42667099999"
"Bhopal, Madhya Pradesh, India",2024-02-08T19:00:00,64.4,64.4,41,42.31,0,0,,0,0,7.2,3.4,80,1019,0,3.7,25.5,0.1,0,,Clear,clear-night,"VABP,42667099999"
"Bhopal, Madhya Pradesh, India",2024-02-08T20:00:00,60.8,60.8,41.8,49.52,0,0,,0,0,7.4,0,0,1018.9,0,3.2,0,0,0,,Clear,clear-night,"VABP,42667099999"
"Bhopal, Madhya Pradesh, India",2024-02-08T21:00:00,59,59,39.2,47.75,0,0,,0,0,7.6,0,0,1019,0,3.1,0,0,0,,Clear,clear-night,"VABP,42667099999"
"Bhopal, Madhya Pradesh, India",2024-02-08T22:00:00,57.2,57.2,41,54.62,0,0,,0,0,7.6,2.2,330,1020,0,3.1,0,0,0,,Clear,clear-night,"VABP,42667099999"
"Bhopal, Madhya Pradesh, India",2024-02-08T23:00:00,55.4,55.4,53.3,92.81,0,0,,0,0,8.1,3.4,320,1020,0,2.8,0,0,0,,Clear,clear-night,"VABP,42667099999"
"Bhopal, Madhya Pradesh, India",2024-02-09T00:00:00,55.1,55.1,44.3,66.9,0,0,,0,0,7.8,4.7,353.5,1019,30.8,,0,0,0,,Partially cloudy,partly-cloudy-night,remote
"Bhopal, Madhya Pradesh, India",2024-02-09T01:00:00,54.9,54.9,44,66.42,0,0,,0,0,8.3,4.7,356.1,1018,17.1,,0,0,0,,Clear,clear-night,remote
"Bhopal, Madhya Pradesh, India",2024-02-09T02:00:00,51.5,51.5,44.3,76.33,0,0,,0,0,7.4,2.2,320,1018.9,6.9,2.5,0,0,0,,Clear,clear-night,42667099999
"Bhopal, Madhya Pradesh, India",2024-02-09T03:00:00,52.8,52.8,42.7,68.49,0,0,,0,0,7.4,4.3,6.4,1018,28.5,,0,0,0,,Partially cloudy,partly-cloudy-night,remote
"Bhopal, Madhya Pradesh, India",2024-02-09T04:00:00,49.9,48.3,40.7,70.59,0,0,,0,0,7.4,4.7,22.7,1018,52.6,,0,0,0,,Partially cloudy,partly-cloudy-night,remote
"Bhopal, Madhya Pradesh, India",2024-02-09T05:00:00,48.5,46.6,40.2,72.94,0,0,,0,0,7.2,4.7,360,1018.8,76.9,2.5,0,0,0,,Partially cloudy,partly-cloudy-night,42667099999
"Bhopal, Madhya Pradesh, India",2024-02-09T06:00:00,51.8,51.8,32,46.62,0,0,,0,0,7.2,5.8,20,1018,0,2.5,0,0,0,,Clear,clear-night,"VABP,42667099999"
"Bhopal, Madhya Pradesh, India",2024-02-09T07:00:00,51.8,51.8,35.6,53.83,0,0,,0,0,7.4,6.9,10,1020,50,2.5,0,0,0,,Partially cloudy,partly-cloudy-day,"VABP,42667099999"
"Bhopal, Madhya Pradesh, India",2024-02-09T08:00:00,58.5,58.5,34,39.49,0,0,,0,0,8.1,4.6,70,1020.8,30,2.9,14.4,0.1,0,,Partially cloudy,partly-cloudy-day,"VABP,42672099999,42667099999,42763099999"
"Bhopal, Madhya Pradesh, India",2024-02-09T09:00:00,62.6,62.6,32,31.59,0,0,,0,0,11.6,6.9,30,1022,0,3.7,171.3,0.6,2,,Clear,clear-day,"VABP,42667099999"
"Bhopal, Madhya Pradesh, India",2024-02-09T10:00:00,64.4,64.4,32,29.66,0,0,,0,0,13.9,4.7,30,1022,0,3.7,392.7,1.4,4,,Clear,clear-day,"VABP,42667099999"
"Bhopal, Madhya Pradesh, India",2024-02-09T11:00:00,69.8,69.8,33.4,26.05,0,0,,0,0,15.9,4.7,85,1021.1,30,3.1,589.9,2.1,6,,Partially cloudy,partly-cloudy-day,"VABP,42667099999,42763099999"
"Bhopal, Madhya Pradesh, India",2024-02-09T12:00:00,71.6,71.6,30.2,21.53,0,0,,0,0,16.3,6.9,70,1021,0,3.7,734,2.6,7,,Clear,clear-day,"VABP,42667099999"
"Bhopal, Madhya Pradesh, India",2024-02-09T13:00:00,73.4,73.4,26.6,17.48,0,0,,0,0,16.1,0,0,1020,0,3.7,804.4,2.9,8,,Clear,clear-day,"VABP,42667099999"
"Bhopal, Madhya Pradesh, India",2024-02-09T14:00:00,76,76,30.4,18.71,0,0,,0,0,15,5.8,134,1017.8,38.5,3.1,811.4,2.9,8,,Partially cloudy,partly-cloudy-day,"VABP,42667099999,42763099999"
"Bhopal, Madhya Pradesh, India",2024-02-09T15:00:00,75.2,75.2,33.8,22.05,0,0,,0,0,13.4,4.7,20,1018,0,3.7,746.1,2.7,7,,Clear,clear-day,"VABP,42667099999"
"Bhopal, Madhya Pradesh, India",2024-02-09T16:00:00,73.4,73.4,35.6,25.16,0,0,,0,0,12.3,6.9,10,1018,0,3.7,609.3,2.2,6,,Clear,clear-day,"VABP,42667099999"
"Bhopal, Madhya Pradesh, India",2024-02-09T17:00:00,71.7,71.7,41.5,33.57,0,0,,0,0,11.4,9,15,1016.9,0.9,3.2,417.5,1.5,4,,Clear,clear-day,"VABP,42672099999,42667099999,42763099999"
"Bhopal, Madhya Pradesh, India",2024-02-09T18:00:00,68,68,41,37.35,0,0,,0,0,10.3,6.9,10,1018,0,3.7,198.9,0.7,2,,Clear,clear-day,"VABP,42667099999"
"Bhopal, Madhya Pradesh, India",2024-02-09T19:00:00,66.2,66.2,41,39.74,0,0,,0,0,7.6,5.8,10,1019,0,3.7,25.8,0.1,0,,Clear,clear-night,"VABP,42667099999"
"Bhopal, Madhya Pradesh, India",2024-02-09T20:00:00,63.8,63.8,42.6,45.99,0,0,,0,0,7.8,5.8,360,1018.8,0,2.8,0,0,0,,Clear,clear-night,"VABP,42667099999"
"Bhopal, Madhya Pradesh, India",2024-02-09T21:00:00,62.6,62.6,41,45.07,0,0,,0,0,8.3,5.8,360,1020,0,3.1,0,0,0,,Clear,clear-night,"VABP,42667099999"
"Bhopal, Madhya Pradesh, India",2024-02-09T22:00:00,63.1,63.1,46.1,53.98,0,0,,0,0,9.2,5.4,40.6,1019,0,,0,0,0,,Clear,clear-night,remote
"Bhopal, Madhya Pradesh, India",2024-02-09T23:00:00,60.2,60.2,44,55.05,0,0,,0,0,10.5,4.7,360,1019.5,30,2.5,0,0,0,,Partially cloudy,partly-cloudy-night,42667099999
"Bhopal, Madhya Pradesh, India",2024-02-10T00:00:00,60.3,60.3,44.1,55.08,0,0,,0,0,10.7,6.5,51.9,1019,0,,0,0,0,,Clear,clear-night,remote
"Bhopal, Madhya Pradesh, India",2024-02-10T01:00:00,59.6,59.6,43.6,55.36,0,0,,0,0,11.2,6.5,55.9,1019,0,,0,0,0,,Clear,clear-night,remote
"Bhopal, Madhya Pradesh, India",2024-02-10T02:00:00,56.6,56.6,44,62.64,0,0,,0,0,11.2,4.7,360,1019.3,30,1.2,0,0,0,,Partially cloudy,partly-cloudy-night,42667099999
"Bhopal, Madhya Pradesh, India",2024-02-10T03:00:00,57.3,57.3,43.8,60.61,0,0,,0,0,11.6,6.9,53.4,1019,0,,0,0,0,,Clear,clear-night,remote
"Bhopal, Madhya Pradesh, India",2024-02-10T04:00:00,54.8,54.8,42.7,63.71,0,0,,0,0,11.9,7.4,51.9,1019,0,,0,0,0,,Clear,clear-night,remote
"Bhopal, Madhya Pradesh, India",2024-02-10T05:00:00,53.6,53.6,41.8,64.29,0,0,,0,0,11.9,5.8,20,1019.2,45.4,1.6,0,0,0,,Partially cloudy,partly-cloudy-night,"VABP,42667099999"
"Bhopal, Madhya Pradesh, India",2024-02-10T06:00:00,55.3,55.3,44.7,67.38,0,0,,0,0,11.9,6.7,47.3,1019,0,,0,0,0,,Clear,clear-night,remote
"Bhopal, Madhya Pradesh, India",2024-02-10T07:00:00,51.8,51.8,41,66.5,0,0,,0,0,11.4,5.8,20,1020,27.3,1.9,0,0,0,,Partially cloudy,partly-cloudy-day,"VABP,42667099999"
"Bhopal, Madhya Pradesh, India",2024-02-10T08:00:00,55.6,55.6,41.3,58.62,0,0,,0,0,11.2,7.9,21,1021.1,100,3.2,14.9,0.1,0,,Overcast,cloudy,"VABP,42672099999,42667099999,42763099999"
"Bhopal, Madhya Pradesh, India",2024-02-10T09:00:00,60.8,60.8,41,48.03,0,0,,0,0,14.1,6.9,20,1022,0,3.7,169.4,0.6,2,,Clear,clear-day,"VABP,42667099999"
"Bhopal, Madhya Pradesh, India",2024-02-10T10:00:00,55.7,55.7,42.9,62.09,0,0,,0,0,16.3,8.1,63.6,1022,0,,386.9,1.4,4,,Clear,clear-day,remote
"Bhopal, Madhya Pradesh, India",2024-02-10T11:00:00,70.3,70.3,37.7,30.43,0,0,,0,0,17.7,10.3,90,1021.1,27.5,3.1,582.5,2.1,6,,Partially cloudy,partly-cloudy-day,"VABP,42667099999,42763099999"
"Bhopal, Madhya Pradesh, India",2024-02-10T12:00:00,73.4,73.4,37.4,27.01,0,0,,0,0,18.1,9.2,60,1021,27.3,3.7,728.5,2.6,7,,Partially cloudy,partly-cloudy-day,"VABP,42667099999"
"Bhopal, Madhya Pradesh, India",2024-02-10T13:00:00,71.3,71.3,44.9,38.67,0,0,,0,0,19.2,8.3,70.5,1020,7,,803.5,2.9,8,,Clear,clear-day,remote
"Bhopal, Madhya Pradesh, India",2024-02-10T14:00:00,74.3,74.3,45.5,35.81,0,0,,0,0,18.6,6.9,21,1017.2,50.2,3.1,802.1,2.9,8,,Partially cloudy,partly-cloudy-day,"VABP,42667099999,42763099999"
"Bhopal, Madhya Pradesh, India",2024-02-10T15:00:00,75.8,75.8,47.9,37.31,0,0,,0,0,17.4,6.9,65.7,1017,32.6,,711.2,2.6,7,,Partially cloudy,partly-cloudy-day,remote
"Bhopal, Madhya Pradesh, India",2024-02-10T16:00:00,74.6,74.6,50.8,43.33,0,0,,0,0,16.1,6.3,61.8,1016,15.5,,571.5,2.1,6,,Clear,clear-day,remote
"Bhopal, Madhya Pradesh, India",2024-02-10T17:00:00,71.9,71.9,46.8,40.93,0,0,,0,0,15,10.1,1,1017.1,55.2,3.1,402.5,1.4,4,,Partially cloudy,partly-cloudy-day,"VABP,42672099999,42667099999,42763099999"
"Bhopal, Madhya Pradesh, India",2024-02-10T18:00:00,74.6,74.6,50.3,42.47,0,0,,0,0,13.6,4.9,38.4,1016,5.6,,182.9,0.7,2,,Clear,clear-day,remote
"Bhopal, Madhya Pradesh, India",2024-02-10T19:00:00,74.7,74.7,51.3,43.94,0,0,,0,0,9.6,6.3,24.1,1017,6.3,,24.2,0.1,0,,Clear,clear-night,remote
"Bhopal, Madhya Pradesh, India",2024-02-10T20:00:00,65.9,65.9,49.3,55.08,0,0,,0,0,13,9.2,15,1019.5,45.4,3.2,0,0,0,,Partially cloudy,partly-cloudy-night,"VABP,42667099999"
"Bhopal, Madhya Pradesh, India",2024-02-10T21:00:00,64.4,64.4,48.2,55.66,0,0,,0,0,14.8,6.9,10,1021,50,3.7,0,0,0,,Partially cloudy,partly-cloudy-night,"VABP,42667099999"
"Bhopal, Madhya Pradesh, India",2024-02-10T22:00:00,62.6,62.6,48.2,59.28,0,0,,0,0,15.4,6.9,360,1021,50,3.7,0,0,0,,Partially cloudy,partly-cloudy-night,"VABP,42667099999"
"Bhopal, Madhya Pradesh, India",2024-02-10T23:00:00,62.3,62.3,49.7,63.37,0,0,,0,0,15.4,6.9,20,1019.7,40,2.5,0,0,0,,Partially cloudy,partly-cloudy-night,42667099999
"Bhopal, Madhya Pradesh, India",2024-02-11T00:00:00,62.9,62.9,47.2,56.58,0,0,,0,0,14.8,8.1,39.6,1020,6.3,,0,0,0,,Clear,clear-night,remote
"Bhopal, Madhya Pradesh, India",2024-02-11T01:00:00,62.5,62.5,47,56.91,0,0,,0,0,14.3,8.1,42.8,1019,2,,0,0,0,,Clear,clear-night,remote
"Bhopal, Madhya Pradesh, India",2024-02-11T02:00:00,59.3,59.3,48.8,68.3,0,0,,0,0,13.9,5.8,340,1018.6,30,2.5,0,0,0,,Partially cloudy,partly-cloudy-night,42667099999
"Bhopal, Madhya Pradesh, India",2024-02-11T03:00:00,60.3,60.3,46.3,59.79,0,0,,0,0,13.4,7.8,46.2,1019,0,,0,0,0,,Clear,clear-night,remote
"Bhopal, Madhya Pradesh, India",2024-02-11T04:00:00,56.7,56.7,45.2,65.29,0,0,,0,0,13.2,7.8,46.4,1018,0,,0,0,0,,Clear,clear-night,remote
"Bhopal, Madhya Pradesh, India",2024-02-11T05:00:00,55.5,55.5,46.5,71.67,0,0,,0,0,12.5,4.7,15,1018.2,0,2.8,0,0,0,,Clear,clear-night,"VABP,42667099999"
"Bhopal, Madhya Pradesh, India",2024-02-11T06:00:00,57.3,57.3,45.8,65.35,0,0,,0,0,11.9,7.4,49.4,1019,0,,0,0,0,,Clear,clear-night,remote
"Bhopal, Madhya Pradesh, India",2024-02-11T07:00:00,55.4,55.4,46.4,71.66,0,0,,0,0,12.1,6.9,20,1020,50,3.1,0,0,0,,Partially cloudy,partly-cloudy-day,"VABP,42667099999"
"Bhopal, Madhya Pradesh, India",2024-02-11T08:00:00,57.3,57.3,45.6,64.88,0,0,,0,0,13,4.6,21,1020.6,36.8,2.8,15.4,0.1,0,,Partially cloudy,partly-cloudy-day,"VABP,42672099999,42667099999,42763099999"
"Bhopal, Madhya Pradesh, India",2024-02-11T09:00:00,60.8,60.8,44.6,55.14,0,0,,0,0,15.9,9.2,20,1022,50,3.1,167.9,0.6,2,,Partially cloudy,partly-cloudy-day,"VABP,42667099999"
"Bhopal, Madhya Pradesh, India",2024-02-11T10:00:00,64.4,64.4,42.8,45.35,0,0,,0,0,18.1,9.2,30,1022,50,3.1,385.3,1.4,4,,Partially cloudy,partly-cloudy-day,"VABP,42667099999"
"Bhopal, Madhya Pradesh, India",2024-02-11T11:00:00,68.1,68.1,43.8,41.38,0,0,,0,0,18.3,10.2,21,1020.4,84,2.8,571,2.1,6,,Partially cloudy,partly-cloudy-day,"VABP,42667099999,42763099999"
"Bhopal, Madhya Pradesh, India",2024-02-11T12:00:00,70.2,70.2,49.2,47.2,0,0,,0,0,18.3,7.2,64,1020,40.4,,713.3,2.6,7,,Partially cloudy,partly-cloudy-day,remote
"Bhopal, Madhya Pradesh, India",2024-02-11T13:00:00,71,71,51.3,49.9,0,0,,0,0,16.8,6,67.1,1020,65.3,,789.8,2.8,8,,Partially cloudy,partly-cloudy-day,remote
"Bhopal, Madhya Pradesh, India",2024-02-11T14:00:00,72.7,72.7,49.5,44.03,0,0,,0,0,15.7,9.2,20,1017.9,50,3.2,744.6,2.7,7,,Partially cloudy,partly-cloudy-day,"VABP,42667099999"
"Bhopal, Madhya Pradesh, India",2024-02-11T15:00:00,75.5,75.5,55.8,50.57,0,0,,0,0,13.6,4.3,63.6,1017,72.1,,717.5,2.6,7,,Partially cloudy,partly-cloudy-day,remote
"Bhopal, Madhya Pradesh, India",2024-02-11T16:00:00,71.6,71.6,50,46.46,0,0,,0,0,12.3,10.3,20,1018,0,3.7,595,2.1,6,,Clear,clear-day,"VABP,42667099999"
"Bhopal, Madhya Pradesh, India",2024-02-11T17:00:00,70.7,70.7,51.6,50.93,0,0,,0,0,11.4,9,20,1017.2,32.1,3.1,397.8,1.4,4,,Partially cloudy,partly-cloudy-day,"VABP,42672099999,42667099999,42763099999"
"Bhopal, Madhya Pradesh, India",2024-02-11T18:00:00,68,68,48.2,49.13,0,0,,0,0,11.4,5.8,20,1019,0,3.7,174.5,0.6,2,,Clear,clear-day,"VABP,42667099999"
"Bhopal, Madhya Pradesh, India",2024-02-11T19:00:00,66.2,66.2,48.2,52.28,0,0,,0,0,9.4,4.7,20,1019,0,3.7,27,0.1,0,,Clear,clear-night,"VABP,42667099999"
"Bhopal, Madhya Pradesh, India",2024-02-11T20:00:00,64.6,64.6,50.5,60.11,0,0,,0,0,11.6,4.7,20,1019.5,30,3.2,0,0,0,,Partially cloudy,partly-cloudy-night,"VABP,42667099999"
"Bhopal, Madhya Pradesh, India",2024-02-11T21:00:00,62.7,62.7,48.3,59.29,0,0,,0,0,13.2,6.9,10,1020,0,3.7,0,0,0,,Clear,clear-night,"VABP,42667099999"
"Bhopal, Madhya Pradesh, India",2024-02-11T22:00:00,66.1,66.1,53.3,63.42,0,0,,0,0,14.1,7.8,36.1,1019,0,,0,0,0,,Clear,clear-night,remote
"Bhopal, Madhya Pradesh, India",2024-02-11T23:00:00,61.6,61.6,47.5,59.71,0,0,,0,0,14.3,4.7,360,1019.9,27.3,2.8,0,0,0,,Partially cloudy,partly-cloudy-night,"VABP,42667099999"
"Bhopal, Madhya Pradesh, India",2024-02-12T00:00:00,62.5,62.5,51,65.98,0,0,,0,0,14.1,7.4,44,1019,76.9,,0,0,0,,Partially cloudy,partly-cloudy-night,remote
"Bhopal, Madhya Pradesh, India",2024-02-12T01:00:00,61.8,61.8,50.8,67.23,0,0,,0,0,12.8,6.9,50.3,1019,95,,0,0,0,,Overcast,cloudy,remote
"Bhopal, Madhya Pradesh, India",2024-02-12T02:00:00,59.1,59.1,49.2,69.67,0,0,,0,0,11.9,4.7,360,1018.6,30,1.2,0,0,0,,Partially cloudy,partly-cloudy-night,42667099999
"Bhopal, Madhya Pradesh, India",2024-02-12T03:00:00,59.8,59.8,51.2,73.09,0,0,,0,0,12.3,7.2,43,1019,99.7,,0,0,0,,Overcast,cloudy,remote
"Bhopal, Madhya Pradesh, India",2024-02-12T04:00:00,57.8,57.8,50.3,75.88,0,0,,0,0,12.3,7.2,38.7,1018,99.3,,0,0,0,,Overcast,cloudy,remote
"Bhopal, Madhya Pradesh, India",2024-02-12T05:00:00,58,58,49.6,73.41,0,0,,0,0,12.3,5.3,11,1018.3,40.7,1.6,0,0,0,,Partially cloudy,partly-cloudy-night,"VABP,42667099999"
"Bhopal, Madhya Pradesh, India",2024-02-12T06:00:00,55.4,55.4,51.8,87.66,0,0,,0,0,11.6,4.7,10,1019,50,1.9,0,0,0,,Partially cloudy,partly-cloudy-night,"VABP,42667099999"
"Bhopal, Madhya Pradesh, India",2024-02-12T07:00:00,57.2,57.2,51.8,82.14,0,0,,0,0,10.7,4.7,20,1019,50,2.5,0,0,0,,Partially cloudy,partly-cloudy-day,"VABP,42667099999"
"Bhopal, Madhya Pradesh, India",2024-02-12T08:00:00,59.2,59.2,49.6,70.47,0,0,,0,0,10.1,4.6,1,1019.7,54.4,2.5,15.6,0.1,0,,Partially cloudy,partly-cloudy-day,"VABP,42672099999,42667099999,42763099999"
"Bhopal, Madhya Pradesh, India",2024-02-12T09:00:00,58.6,58.6,50.1,73.45,0,0,,0,0,12.8,6.5,64.9,1020,99.7,,164.4,0.6,2,,Overcast,cloudy,remote
"Bhopal, Madhya Pradesh, India",2024-02-12T10:00:00,66.2,66.2,51.8,59.76,0,0,,0,0,14.8,5.8,60,1021,50,2.5,379.3,1.4,4,,Partially cloudy,partly-cloudy-day,"VABP,42667099999"
"Bhopal, Madhya Pradesh, India",2024-02-12T11:00:00,70.6,70.6,54,55.71,0,0,,0,0,15,3.4,65,1019.3,54.7,2.5,560.7,2,6,,Partially cloudy,partly-cloudy-day,"VABP,42667099999,42763099999"
"Bhopal, Madhya Pradesh, India",2024-02-12T12:00:00,73.4,73.4,55.4,53.32,0,0,,0,0,14.5,4.7,360,1019,50,3.1,707,2.5,7,,Partially cloudy,partly-cloudy-day,"VABP,42667099999"
"Bhopal, Madhya Pradesh, India",2024-02-12T13:00:00,77,77,59,53.83,0,0,,0,0,13.4,3.4,70,1017,0,3.1,778.4,2.8,8,,Clear,clear-day,"VABP,42667099999"
"Bhopal, Madhya Pradesh, India",2024-02-12T14:00:00,78.9,78.9,61.3,54.95,0,0,,0,0,12.5,2.2,110,1014.9,40.1,1.9,787.6,2.8,8,,Partially cloudy,partly-cloudy-day,"VABP,42667099999,42763099999"
"Bhopal, Madhya Pradesh, India",2024-02-12T15:00:00,77,77,62.6,61.16,0,0,,0,0,11.2,9.2,360,1015,50,2.5,659.4,2.4,7,,Partially cloudy,partly-cloudy-day,"VABP,42667099999"
"Bhopal, Madhya Pradesh, India",2024-02-12T16:00:00,75.2,75.2,62.6,64.93,0,0,,0,0,10.5,6.9,20,1015,50,2.5,508.1,1.8,5,,Partially cloudy,partly-cloudy-day,"VABP,42667099999"
"Bhopal, Madhya Pradesh, India",2024-02-12T17:00:00,73.9,73.9,63.3,69.4,0,0,,0,0,8.7,9,360,1014.7,69.1,1.6,345,1.2,3,,Partially cloudy,partly-cloudy-day,"VABP,42672099999,42667099999,42763099999"
"Bhopal, Madhya Pradesh, India",2024-02-12T18:00:00,69.8,69.8,68,94.02,0,0,,0,0,6.9,8.1,360,1016,50,1.9,164.6,0.6,2,,Partially cloudy,partly-cloudy-day,"VABP,42667099999"
"Bhopal, Madhya Pradesh, India",2024-02-12T19:00:00,69.8,69.8,68,94.02,0,0,,0,0,3.8,8.1,10,1017,0,1.9,25,0.1,0,,Clear,clear-night,"VABP,42667099999"
"Bhopal, Madhya Pradesh, India",2024-02-12T20:00:00,68.7,68.7,65.6,89.99,0,0,,0,0,4.7,5.8,20,1017,40,1.6,0,0,0,,Partially cloudy,partly-cloudy-night,"VABP,42667099999"
"Bhopal, Madhya Pradesh, India",2024-02-12T21:00:00,66.2,66.2,66.2,100,0,0,,0,0,7.4,8.1,20,1018,0,1.9,0,0,0,,Clear,clear-night,"VABP,42667099999"
"Bhopal, Madhya Pradesh, India",2024-02-12T22:00:00,68.4,68.4,61.8,79.3,0,0,,0,0,8.5,5.6,33.8,1017,99,,0,0,0,,Overcast,cloudy,remote
"Bhopal, Madhya Pradesh, India",2024-02-12T23:00:00,64.4,64.4,62.4,93.2,0,0,,0,0,11,5.8,20,1017.4,98.9,1.6,0,0,0,,Overcast,cloudy,"VABP,42667099999"
"Bhopal, Madhya Pradesh, India",2024-02-13T00:00:00,66.8,66.8,60.2,79.18,0,0,,0,0,12.5,7.4,37,1017,99.1,,0,0,0,,Overcast,cloudy,remote
"Bhopal, Madhya Pradesh, India",2024-02-13T01:00:00,66.5,66.5,59.6,78.64,0,0,,0,0,13.4,7.6,39.3,1017,98.8,,0,0,0,,Overcast,cloudy,remote
"Bhopal, Madhya Pradesh, India",2024-02-13T02:00:00,62.7,62.7,59.1,88.02,0,0,,0,0,13.2,4.7,20,1015.9,98.7,1.2,0,0,0,,Overcast,cloudy,42667099999
"Bhopal, Madhya Pradesh, India",2024-02-13T03:00:00,63.9,63.9,58,81.02,0,0,,0,0,12.3,6.5,44.2,1016,99.2,,0,0,0,,Overcast,cloudy,remote
"Bhopal, Madhya Pradesh, India",2024-02-13T04:00:00,61.2,61.2,56.2,83.5,0,0,,0,0,11,5.4,40,1017,99.3,,0,0,0,,Overcast,cloudy,remote
"Bhopal, Madhya Pradesh, India",2024-02-13T05:00:00,59.6,59.6,53.3,79.64,0,0,,0,0,10.1,5.8,20,1016,40,1.2,0,0,0,,Partially cloudy,partly-cloudy-night,42667099999
"Bhopal, Madhya Pradesh, India",2024-02-13T06:00:00,61.2,61.2,56.4,84.04,0,0,,0,0,10.3,5.1,42.8,1016,95.6,,0,0,0,,Overcast,cloudy,remote
"Bhopal, Madhya Pradesh, India",2024-02-13T07:00:00,61.2,61.2,56.6,84.59,0,0,,0,0,10.3,4.7,39,1017,99.9,,0,0,0,,Overcast,cloudy,remote
"Bhopal, Madhya Pradesh, India",2024-02-13T08:00:00,60.8,60.8,56.9,87.03,0,0,,0,0,10.1,4.6,50,1018.6,46.4,0.6,13,0,0,,Partially cloudy,fog,"VABP,42672099999,42667099999,42763099999"
"Bhopal, Madhya Pradesh, India",2024-02-13T09:00:00,62.6,62.6,62.6,100,0,0,,0,0,11,4.7,30,1019,88.9,0.6,138.5,0.5,1,,Partially cloudy,fog,"VABP,42667099999"
"Bhopal, Madhya Pradesh, India",2024-02-13T10:00:00,66.2,66.2,66.2,100,0,0,,0,0,11.4,5.8,350,1020,88.9,0.6,322.6,1.2,3,,Partially cloudy,fog,"VABP,42667099999"
"Bhopal, Madhya Pradesh, India",2024-02-13T11:00:00,71.6,71.6,64.4,77.9,0,0,,0,0,11.9,2.3,21,1018.2,84.1,1,514.3,1.9,5,,Partially cloudy,partly-cloudy-day,"VABP,42667099999,42763099999"
"Bhopal, Madhya Pradesh, India",2024-02-13T12:00:00,77,77,69.8,78.5,0,0,,0,0,12.1,5.8,130,1018,88.9,1.2,675.5,2.4,7,,Partially cloudy,partly-cloudy-day,"VABP,42667099999"
"Bhopal, Madhya Pradesh, India",2024-02-13T13:00:00,77,77,69.8,78.5,0,0,,0,0,10.3,5.8,360,1017,88.9,1.2,778.2,2.8,8,,Partially cloudy,partly-cloudy-day,"VABP,42667099999"
"Bhopal, Madhya Pradesh, India",2024-02-13T14:00:00,79.3,79.3,64.9,61.42,0,0,,0,0,12.5,4.7,49,1014,50.2,1.2,781.8,2.8,8,,Partially cloudy,partly-cloudy-day,"VABP,42667099999,42763099999"
"Bhopal, Madhya Pradesh, India",2024-02-13T15:00:00,78.8,78.8,66.2,65.36,0,0,,0,0,13.2,5.8,340,1015,50,1.2,629.7,2.3,6,,Partially cloudy,partly-cloudy-day,"VABP,42667099999"
"Bhopal, Madhya Pradesh, India",2024-02-13T16:00:00,77,77,62.6,61.16,0,0,,0,0,13.2,6.9,320,1015,88.9,1.9,459.8,1.7,5,,Partially cloudy,partly-cloudy-day,"VABP,42667099999"
"Bhopal, Madhya Pradesh, India",2024-02-13T17:00:00,77.1,77.1,60.1,55.88,0,0,,0,0,12.8,6.8,319,1014.7,89,1.6,326,1.2,3,,Partially cloudy,partly-cloudy-day,"VABP,42672099999,42667099999,42763099999"
"Bhopal, Madhya Pradesh, India",2024-02-13T18:00:00,73.4,73.4,62.6,68.97,0,0,,0,0,11,3.4,340,1016,88.9,1.9,160.4,0.6,2,,Partially cloudy,partly-cloudy-day,"VABP,42667099999"
"Bhopal, Madhya Pradesh, India",2024-02-13T19:00:00,73.4,73.4,62.6,68.97,0,0,,0,0,7.4,3.4,10,1017,88.9,1.9,25.2,0.1,0,,Partially cloudy,partly-cloudy-night,"VABP,42667099999"
"Bhopal, Madhya Pradesh, India",2024-02-13T20:00:00,70,70,62.7,77.59,0,0,,0,0,7.4,0,0,1017.2,88.9,1.6,0,0,0,,Partially cloudy,partly-cloudy-night,"VABP,42667099999"
"Bhopal, Madhya Pradesh, India",2024-02-13T21:00:00,69.8,69.8,68,94.02,0,0,,0,0,7.2,0,0,1018,88.9,1.9,0,0,0,,Partially cloudy,partly-cloudy-night,"VABP,42667099999"
"Bhopal, Madhya Pradesh, India",2024-02-13T22:00:00,69.7,69.7,60,71.26,0,0,,0,0,7.4,4.5,343.3,1017,95.9,,0,0,0,,Overcast,cloudy,remote
"Bhopal, Madhya Pradesh, India",2024-02-13T23:00:00,67,67,62.7,85.93,0,0,,0,0,9.8,6.9,15,1017.3,88.9,1.6,0,0,0,,Partially cloudy,partly-cloudy-night,"VABP,42667099999"
"Bhopal, Madhya Pradesh, India",2024-02-14T00:00:00,67.2,67.2,61.1,80.74,0,0,,0,0,13,6.5,14.8,1017,93.1,,0,0,0,,Overcast,cloudy,remote
"Bhopal, Madhya Pradesh, India",2024-02-14T01:00:00,67,67,62,83.87,0,0,,0,0,11.9,6.9,23.8,1017,85.1,,0,0,0,,Partially cloudy,partly-cloudy-night,remote
"Bhopal, Madhya Pradesh, India",2024-02-14T02:00:00,62.8,62.8,59.2,88.03,0,0,,0,0,12.3,5.8,20,1016.6,50,1.6,0,0,0,,Partially cloudy,partly-cloudy-night,"VABP,42667099999"
"Bhopal, Madhya Pradesh, India",2024-02-14T03:00:00,64.3,64.3,60.3,86.98,0,0,,0,0,12.5,7.2,31,1017,69.2,,0,0,0,,Partially cloudy,partly-cloudy-night,remote
"Bhopal, Madhya Pradesh, India",2024-02-14T04:00:00,61.4,61.4,58.9,91.43,0,0,,0,0,12.8,6.5,31.1,1016,49.1,,0,0,0,,Partially cloudy,partly-cloudy-night,remote
"Bhopal, Madhya Pradesh, India",2024-02-14T05:00:00,61.1,61.1,57.5,87.94,0,0,,0,0,11.9,5.8,20,1016.3,50,0.6,0,0,0,,Partially cloudy,fog,42667099999
"Bhopal, Madhya Pradesh, India",2024-02-14T06:00:00,59,59,59,100,0,0,,0,0,11.4,6.9,10,1018,50,1.2,0,0,0,,Partially cloudy,partly-cloudy-night,"VABP,42667099999"
"Bhopal, Madhya Pradesh, India",2024-02-14T07:00:00,59,59,59,100,0,0,,0,0,11,4.7,360,1018,50,0.6,0,0,0,,Partially cloudy,fog,"VABP,42667099999"
"Bhopal, Madhya Pradesh, India",2024-02-14T08:00:00,62.6,62.6,60.2,91.96,0,0,,0,0,10.5,5.7,20,1018.6,75.3,0.6,16.4,0.1,0,,Partially cloudy,fog,"VABP,42672099999,42667099999,42763099999"
"Bhopal, Madhya Pradesh, India",2024-02-14T09:00:00,62.3,62.3,59.3,89.72,0,0,,0,0,13,5.6,33.8,1019,4.1,,168.2,0.6,2,,Clear,clear-day,remote
"Bhopal, Madhya Pradesh, India",2024-02-14T10:00:00,71.6,71.6,69.8,94.06,0,0,,0,0,14.1,4.7,80,1020,0,1.2,382.2,1.4,4,,Clear,clear-day,"VABP,42667099999"
"Bhopal, Madhya Pradesh, India",2024-02-14T11:00:00,75.2,75.2,60.9,61.18,0,0,,0,0,14.5,5.9,29,1019,60,1.2,569.4,2,6,,Partially cloudy,partly-cloudy-day,"VABP,42667099999,42763099999"
"Bhopal, Madhya Pradesh, India",2024-02-14T12:00:00,75.2,75.2,59,57.15,0,0,,0,0,14.8,5.8,20,1019,0,1.9,723.7,2.6,7,,Clear,clear-day,"VABP,42667099999"
"Bhopal, Madhya Pradesh, India",2024-02-14T13:00:00,78.8,78.8,55.4,44.56,0,0,,0,0,14.8,6.9,70,1018,0,1.9,693.3,2.5,7,,Clear,clear-day,"VABP,42667099999"
"Bhopal, Madhya Pradesh, India",2024-02-14T14:00:00,79.5,79.5,55.4,43.65,0,0,,0,0,14.3,4.7,51,1015.5,90,1.6,722.9,2.6,7,,Partially cloudy,partly-cloudy-day,"VABP,42667099999,42763099999"
"Bhopal, Madhya Pradesh, India",2024-02-14T15:00:00,78.8,78.8,55.4,44.56,0,0,,0,0,14.1,2.2,90,1016,0,2.5,708.4,2.6,7,,Clear,clear-day,"VABP,42667099999"
"Bhopal, Madhya Pradesh, India",2024-02-14T16:00:00,77,77,55.4,47.28,0,0,,0,0,13.6,3.4,40,1016,0,2.5,571.6,2.1,6,,Clear,clear-day,"VABP,42667099999"
"Bhopal, Madhya Pradesh, India",2024-02-14T17:00:00,77.3,77.3,55.8,47.56,0,0,,0,0,12.8,9,15,1014.9,45.2,2,384.4,1.4,4,,Partially cloudy,partly-cloudy-day,"VABP,42672099999,42667099999,42763099999"
"Bhopal, Madhya Pradesh, India",2024-02-14T18:00:00,73.4,73.4,57.2,56.91,0,0,,0,0,11,5.8,20,1017,0,3.1,187.1,0.7,2,,Clear,clear-day,"VABP,42667099999"
"Bhopal, Madhya Pradesh, India",2024-02-14T19:00:00,71.6,71.6,55.4,56.66,0,0,,0,0,6.7,4.7,30,1018,0,3.1,20.7,0.1,0,,Clear,clear-night,"VABP,42667099999"
"Bhopal, Madhya Pradesh, India",2024-02-14T20:00:00,69.8,69.8,57.3,64.48,0,0,,0,0,9.2,4.7,20,1017.5,27.3,2.5,0,0,0,,Partially cloudy,partly-cloudy-night,"VABP,42667099999"
"Bhopal, Madhya Pradesh, India",2024-02-14T21:00:00,70.1,70.1,60.9,72.68,0,0,,0,0,11.2,6.3,25.9,1017,8,,0,0,0,,Clear,clear-night,remote
"Bhopal, Madhya Pradesh, India",2024-02-14T22:00:00,69.3,69.3,60.9,74.48,0,0,,0,0,11,6.7,35.7,1018,10.7,,0,0,0,,Clear,clear-night,remote
"Bhopal, Madhya Pradesh, India",2024-02-14T23:00:00,64.5,64.5,59.7,84.39,0,0,,0,0,10.7,3.4,20,1018.4,27.3,1.6,0,0,0,,Partially cloudy,partly-cloudy-night,"VABP,42667099999"
"Bhopal, Madhya Pradesh, India",2024-02-15T00:00:00,66.6,66.6,59.3,77.16,0,0,,0,0,11,6.7,51.3,1018,4.7,,0,0,0,,Clear,clear-night,remote
"Bhopal, Madhya Pradesh, India",2024-02-15T01:00:00,66.1,66.1,58.7,77.11,0,0,,0,0,11.4,6.5,55.1,1018,4.9,,0,0,0,,Clear,clear-night,remote
"Bhopal, Madhya Pradesh, India",2024-02-15T02:00:00,61.1,61.1,55.7,82.4,0,0,,0,0,11,4.7,20,1017.6,30,1.2,0,0,0,,Partially cloudy,partly-cloudy-night,42667099999
"Bhopal, Madhya Pradesh, India",2024-02-15T03:00:00,63.2,63.2,57.5,81.49,0,0,,0,0,10.5,6,54.9,1018,1.1,,0,0,0,,Clear,clear-night,remote
"Bhopal, Madhya Pradesh, India",2024-02-15T04:00:00,60.5,60.5,57.3,89.06,0,0,,0,0,9.8,5.8,54.1,1018,0.2,,0,0,0,,Clear,clear-night,remote
"Bhopal, Madhya Pradesh, India",2024-02-15T05:00:00,59.6,59.6,56.6,89.6,0,0,,0,0,10.1,4.7,20,1018.3,30,1.2,0,0,0,,Partially cloudy,partly-cloudy-night,42667099999
"Bhopal, Madhya Pradesh, India",2024-02-15T06:00:00,57.2,57.2,57.2,100,0,0,,0,0,10.7,2.2,10,1019,25,0.6,0,0,0,,Partially cloudy,fog,"VABP,42667099999"
"Bhopal, Madhya Pradesh, India",2024-02-15T07:00:00,57.2,57.2,57.2,100,0,0,,0,0,10.7,3.4,10,1020,100,0,0,0,0,,Overcast,cloudy,"VABP,42667099999"
"Bhopal, Madhya Pradesh, India",2024-02-15T08:00:00,59,59,58.7,98.72,0,0,,0,0,10.7,2.2,50,1020.9,99.6,0,18,0.1,0,,Overcast,cloudy,"VABP,42672099999,42667099999,42763099999"
"Bhopal, Madhya Pradesh, India",2024-02-15T09:00:00,64.4,64.4,64.4,100,0,0,,0,0,13.6,4.7,60,1021,100,0.6,176,0.6,2,,Overcast,fog,"VABP,42667099999"
"Bhopal, Madhya Pradesh, India",2024-02-15T10:00:00,69.8,69.8,68,94.02,0,0,,0,0,16.3,5.8,50,1022,27.3,1.2,394.8,1.4,4,,Partially cloudy,partly-cloudy-day,"VABP,42667099999"
"Bhopal, Madhya Pradesh, India",2024-02-15T11:00:00,73.5,73.5,57.9,58.19,0,0,,0,0,17.2,6.9,20,1020.2,45.4,1,593.5,2.1,6,,Partially cloudy,partly-cloudy-day,"VABP,42667099999,42763099999"
"Bhopal, Madhya Pradesh, India",2024-02-15T12:00:00,75.2,75.2,48.2,38.49,0,0,,0,0,17.2,6.9,50,1020,50,1.2,740.6,2.7,7,,Partially cloudy,partly-cloudy-day,"VABP,42667099999"
"Bhopal, Madhya Pradesh, India",2024-02-15T13:00:00,77,77,50,38.78,0,0,,0,0,17,6.9,30,1019,27.3,1.9,821.2,3,8,,Partially cloudy,partly-cloudy-day,"VABP,42667099999"
"Bhopal, Madhya Pradesh, India",2024-02-15T14:00:00,78.8,78.8,51.1,38.07,0,0,,0,0,16.3,10.3,15,1017.5,60,1.9,827.1,3,8,,Partially cloudy,partly-cloudy-day,"VABP,42667099999,42763099999"
"Bhopal, Madhya Pradesh, India",2024-02-15T15:00:00,78.8,78.8,53.6,41.73,0,0,,0,0,15.7,5.8,30,1018,0,2.5,759.3,2.7,8,,Clear,clear-day,"VABP,42667099999"
"Bhopal, Madhya Pradesh, India",2024-02-15T16:00:00,77,77,51.8,41.45,0,0,,0,0,14.5,9.2,350,1017,0,3.1,621.7,2.2,6,,Clear,clear-day,"VABP,42667099999"
"Bhopal, Madhya Pradesh, India",2024-02-15T17:00:00,77,77,52.6,42.75,0,0,,0,0,13.2,9,6,1016.6,0,2.9,432.6,1.6,4,,Clear,clear-day,"VABP,42672099999,42667099999,42763099999"
"Bhopal, Madhya Pradesh, India",2024-02-15T18:00:00,73.4,73.4,51.8,46.74,0,0,,0,0,12.1,5.8,20,1018,0,3.1,213.1,0.8,2,,Clear,clear-day,"VABP,42667099999"
"Bhopal, Madhya Pradesh, India",2024-02-15T19:00:00,69.8,69.8,53.6,56.41,0,0,,0,0,8.9,5.8,20,1019,0,2.5,31,0.1,0,,Clear,clear-night,"VABP,42667099999"
"Bhopal, Madhya Pradesh, India",2024-02-15T20:00:00,69.8,69.8,54,57.28,0,0,,0,0,10.7,5.8,20,1018.3,0.8,1.9,0,0,0,,Clear,clear-night,"VABP,42667099999"
"Bhopal, Madhya Pradesh, India",2024-02-15T21:00:00,66.2,66.2,50,55.91,0,0,,0,0,12.3,6.9,20,1020,0,2.5,0,0,0,,Clear,clear-night,"VABP,42667099999"
"Bhopal, Madhya Pradesh, India",2024-02-15T22:00:00,64.3,64.3,51.7,63.61,0,0,,0,0,13,4.7,40,1020,0.2,2.5,0,0,0,,Clear,clear-night,VABP
"Bhopal, Madhya Pradesh, India",2024-02-15T23:00:00,65.9,65.9,51.2,59.17,0,0,,0,0,13.6,3.4,50,1019,0,1.9,0,0,0,,Clear,clear-night,"VABP,42667099999"
"Bhopal, Madhya Pradesh, India",2024-02-16T00:00:00,65.9,65.9,52.2,61.33,0,0,,0,0,13.6,7.6,52.1,1019,0,,0,0,0,,Clear,clear-night,remote
"Bhopal, Madhya Pradesh, India",2024-02-16T01:00:00,65.6,65.6,51.9,61.29,0,0,,0,0,13.2,7.2,57.1,1019,0,,0,0,0,,Clear,clear-night,remote
"Bhopal, Madhya Pradesh, India",2024-02-16T02:00:00,62.7,62.7,52.6,69.58,0,0,,0,0,12.3,4.7,50,1018.6,0,1.9,0,0,0,,Clear,clear-night,"VABP,42667099999"
"Bhopal, Madhya Pradesh, India",2024-02-16T03:00:00,62.3,62.3,51.2,66.84,0,0,,0,0,11.9,6.7,59.3,1018,0,,0,0,0,,Clear,clear-night,remote
"Bhopal, Madhya Pradesh, India",2024-02-16T04:00:00,59.8,59.8,50.6,71.64,0,0,,0,0,11.2,6.9,56.5,1018,0,,0,0,0,,Clear,clear-night,remote
"Bhopal, Madhya Pradesh, India",2024-02-16T05:00:00,59.8,59.8,51.6,74.28,0,0,,0,0,11,3.4,20,1018.8,0,1.9,0,0,0,,Clear,clear-night,"VABP,42667099999"
"Bhopal, Madhya Pradesh, India",2024-02-16T06:00:00,60.5,60.5,51.2,71.24,0,0,,0,0,11,6.5,58.7,1018,0,,0,0,0,,Clear,clear-night,remote
"Bhopal, Madhya Pradesh, India",2024-02-16T07:00:00,60.8,60.8,59,93.79,0,0,,0,0,11,5.8,50,1021,0,1.9,0,0,0,,Clear,clear-day,"VABP,42667099999"
"Bhopal, Madhya Pradesh, India",2024-02-16T08:00:00,64.2,64.2,56.3,75.61,0,0,,0,0,11.2,5.7,70,1021.2,0,1.6,19.3,0.1,0,,Clear,clear-day,"VABP,42672099999,42667099999,42763099999"
"Bhopal, Madhya Pradesh, India",2024-02-16T09:00:00,66.2,66.2,57.2,72.76,0,0,,0,0,13.9,6.9,30,1022,0,1.9,180.5,0.6,2,,Clear,clear-day,"VABP,42667099999"
"Bhopal, Madhya Pradesh, India",2024-02-16T10:00:00,69.8,69.8,57.2,64.29,0,0,,0,0,16.3,4.7,60,1023,0,1.9,394.7,1.4,4,,Clear,clear-day,"VABP,42667099999"
"Bhopal, Madhya Pradesh, India",2024-02-16T11:00:00,74.7,74.7,56.4,52.84,0,0,,0,0,18.1,5.2,84,1020.7,0,1.9,598.3,2.2,6,,Clear,clear-day,"VABP,42667099999,42763099999"
"Bhopal, Madhya Pradesh, India",2024-02-16T12:00:00,77,77,53.6,44.28,0,0,,0,0,18.6,6.9,80,1022,0,2.5,731.5,2.6,7,,Clear,clear-day,"VABP,42667099999"
"Bhopal, Madhya Pradesh, India",2024-02-16T13:00:00,80.6,79.9,50,34.45,0,0,,0,0,16.8,5.8,120,1020,0,2.5,795.6,2.9,8,,Clear,clear-day,"VABP,42667099999"
"Bhopal, Madhya Pradesh, India",2024-02-16T14:00:00,82.7,81.3,51.6,34.17,0,0,,0,0,15,4.7,165,1017.5,3.2,2.8,826.4,3,8,,Clear,clear-day,"VABP,42667099999,42763099999"
"Bhopal, Madhya Pradesh, India",2024-02-16T15:00:00,82.5,82.7,59.6,45.99,0,0,,0,0,13.2,3.4,94,1017,1.9,,768.1,2.8,8,,Clear,clear-day,remote
"Bhopal, Madhya Pradesh, India",2024-02-16T16:00:00,80.6,80.3,53.6,39.34,0,0,,0,0,11,3.4,30,1017,0,3.7,611.8,2.2,6,,Clear,clear-day,"VABP,42667099999"
"Bhopal, Madhya Pradesh, India",2024-02-16T17:00:00,79.5,79.5,56.7,45.62,0,0,,0,0,8.5,9,292,1016.5,29.9,3.2,406.5,1.5,4,,Partially cloudy,partly-cloudy-day,"VABP,42672099999,42667099999,42763099999"
"Bhopal, Madhya Pradesh, India",2024-02-16T18:00:00,80.7,81.8,62,52.99,0,0,,0,0,6.3,2,32.5,1016,31.5,,197.8,0.7,2,,Partially cloudy,partly-cloudy-day,remote
"Bhopal, Madhya Pradesh, India",2024-02-16T19:00:00,79.6,79.6,62.5,55.94,0,0,,0,0,6.9,4.9,29.6,1016,33.3,,29.5,0.1,0,,Partially cloudy,partly-cloudy-night,remote
"Bhopal, Madhya Pradesh, India",2024-02-16T20:00:00,73.4,73.4,56.9,56.31,0,0,,0,0,7.4,3.4,50,1018,27,3.2,0,0,0,,Partially cloudy,partly-cloudy-night,"VABP,42667099999"
"Bhopal, Madhya Pradesh, India",2024-02-16T21:00:00,69.8,69.8,57.2,64.29,0,0,,0,0,7.4,3.4,20,1019,0,3.7,0,0,0,,Clear,clear-night,"VABP,42667099999"
"Bhopal, Madhya Pradesh, India",2024-02-16T22:00:00,71.3,71.3,59.4,66.15,0,0,,0,0,7.4,4.5,40.6,1018,6.2,,0,0,0,,Clear,clear-night,remote
"Bhopal, Madhya Pradesh, India",2024-02-16T23:00:00,69,69,58.1,68.38,0,0,,0,0,7.6,2.2,140,1018.3,27.3,2.8,0,0,0,,Partially cloudy,partly-cloudy-night,"VABP,42667099999"
"Bhopal, Madhya Pradesh, India",2024-02-17T00:00:00,67.9,67.9,56.7,67.49,0,0,,0,0,7.8,4.7,39.7,1018,1.7,,0,0,0,,Clear,clear-night,remote
"Bhopal, Madhya Pradesh, India",2024-02-17T01:00:00,67.4,67.4,55.5,65.69,0,0,,0,0,8.5,4.9,42.3,1017,3.5,,0,0,0,,Clear,clear-night,remote
"Bhopal, Madhya Pradesh, India",2024-02-17T02:00:00,64.5,64.5,56.9,76.47,0,0,,0,0,8.7,2.2,360,1017,30,1.2,0,0,0,,Partially cloudy,partly-cloudy-night,42667099999
"Bhopal, Madhya Pradesh, India",2024-02-17T03:00:00,64.8,64.8,53.3,66.26,0,0,,0,0,8.5,4.7,49.9,1017,0,,0,0,0,,Clear,clear-night,remote
"Bhopal, Madhya Pradesh, India",2024-02-17T04:00:00,61.8,61.8,52.8,72.32,0,0,,0,0,8.3,4.7,53.1,1017,0.7,,0,0,0,,Clear,clear-night,remote
"Bhopal, Madhya Pradesh, India",2024-02-17T05:00:00,62.3,62.3,53.3,72.37,0,0,,0,0,8.1,2.2,360,1016,30,1.2,0,0,0,,Partially cloudy,partly-cloudy-night,42667099999
"Bhopal, Madhya Pradesh, India",2024-02-17T06:00:00,59,59,59,100,0,0,,0,0,7.6,5.8,360,1017,27.3,1.2,0,0,0,,Partially cloudy,partly-cloudy-night,"VABP,42667099999"
"Bhopal, Madhya Pradesh, India",2024-02-17T07:00:00,60.9,60.9,53.3,76.15,0,0,,0,0,7.2,4.3,63.9,1016,1.3,,0,0,0,,Clear,clear-day,remote
"Bhopal, Madhya Pradesh, India",2024-02-17T08:00:00,65.5,65.5,58.8,78.95,0,0,,0,0,6.9,4.6,360,1017.7,1,1.6,20.1,0.1,0,,Clear,clear-day,"VABP,42672099999,42667099999,42763099999"
"Bhopal, Madhya Pradesh, India",2024-02-17T09:00:00,71.6,71.6,55.4,56.66,0,0,,0,0,9.2,6.9,90,1019,0,1.9,184.9,0.7,2,,Clear,clear-day,"VABP,42667099999"
"Bhopal, Madhya Pradesh, India",2024-02-17T10:00:00,75.2,75.2,53.6,47.01,0,0,,0,0,11,4.7,90,1019,0,2.5,407.4,1.5,4,,Clear,clear-day,"VABP,42667099999"
"Bhopal, Madhya Pradesh, India",2024-02-17T11:00:00,79.3,79.3,55.3,43.65,0,0,,0,0,11.6,6.9,135,1017.6,0,2.5,601.1,2.2,6,,Clear,clear-day,"VABP,42667099999,42763099999"
"Bhopal, Madhya Pradesh, India",2024-02-17T12:00:00,82.4,81.7,55.4,39.62,0,0,,0,0,11.9,5.8,120,1017,0,3.1,752.6,2.7,8,,Clear,clear-day,"VABP,42667099999"
"Bhopal, Madhya Pradesh, India",2024-02-17T13:00:00,80.3,80.8,58.6,47.47,0,0,,0,0,11,1.8,94.2,1016,0,,835.3,3,8,,Clear,clear-day,remote
"Bhopal, Madhya Pradesh, India",2024-02-17T14:00:00,84.9,83.2,53.3,33.94,0,0,,0,0,9.6,5.8,178,1013.3,0,3.1,842,3,8,,Clear,clear-day,"VABP,42667099999,42763099999"
"Bhopal, Madhya Pradesh, India",2024-02-17T15:00:00,87.8,85.7,53.6,31.21,0,0,,0,0,8.5,5.8,240,1014,27.3,3.7,717,2.6,7,,Partially cloudy,partly-cloudy-day,"VABP,42667099999"
"Bhopal, Madhya Pradesh, India",2024-02-17T16:00:00,83.9,84.1,60.3,45.04,0,0,,0,0,8.9,2.2,288.1,1012,32.3,,555.5,2,6,,Partially cloudy,partly-cloudy-day,remote
"Bhopal, Madhya Pradesh, India",2024-02-17T17:00:00,85,83.4,53.7,34.29,0,0,,0,0,9.2,7.9,315,1012.3,18.2,3.2,378.9,1.4,4,,Clear,clear-day,"VABP,42672099999,42667099999,42763099999"
"Bhopal, Madhya Pradesh, India",2024-02-17T18:00:00,80.6,80.3,53.6,39.34,0,0,,0,0,7.6,35.8,320,1014,27.3,3.7,186.2,0.7,2,,Partially cloudy,wind,"VABP,42667099999"
"Bhopal, Madhya Pradesh, India",2024-02-17T19:00:00,77,77,53.6,44.28,0,0,,0,0,4.3,2.2,360,1014,27.3,3.7,30.1,0.1,0,,Partially cloudy,partly-cloudy-night,"VABP,42667099999"
"Bhopal, Madhya Pradesh, India",2024-02-17T20:00:00,75.2,75.2,57.3,53.82,0,0,,0,0,4.3,0,0,1014,9.4,3.2,0,0,0,,Clear,clear-night,"VABP,42667099999"
"Bhopal, Madhya Pradesh, India",2024-02-17T21:00:00,71.6,71.6,59,64.5,0,0,,0,0,4.7,3.4,330,1016,50,3.7,0,0,0,,Partially cloudy,partly-cloudy-night,"VABP,42667099999"
"Bhopal, Madhya Pradesh, India",2024-02-17T22:00:00,72.4,72.4,61.8,69.3,0,0,,0,0,5.8,4,65.7,1014,4.4,,0,0,0,,Clear,clear-night,remote
"Bhopal, Madhya Pradesh, India",2024-02-17T23:00:00,70.5,70.5,62.4,75.6,0,0,,0,0,6.9,4.7,355,1014.1,3.3,2.8,0,0,0,,Clear,clear-night,"VABP,42667099999"
"Bhopal, Madhya Pradesh, India",2024-02-18T00:00:00,68.3,68.3,61.4,78.79,0,0,,0,0,7.4,5.4,44.7,1014,4.1,,0,0,0,,Clear,clear-night,remote
"Bhopal, Madhya Pradesh, India",2024-02-18T01:00:00,68.6,68.6,60.7,75.86,0,0,,0,0,7.4,5.1,46.1,1013,1.4,,0,0,0,,Clear,clear-night,remote
"Bhopal, Madhya Pradesh, India",2024-02-18T02:00:00,69.5,69.5,61.4,75.46,0,0,,0,0,7.2,0,51,1012.2,4.1,1.2,0,0,0,,Clear,clear-night,42667099999
"Bhopal, Madhya Pradesh, India",2024-02-18T03:00:00,67.4,67.4,59.1,74.78,0,0,,0,0,7.2,4.9,52.4,1012,11.1,,0,0,0,,Clear,clear-night,remote
"Bhopal, Madhya Pradesh, India",2024-02-18T04:00:00,65.4,65.4,58.2,77.55,0,0,,0,0,6.9,4.3,57.2,1012,3.2,,0,0,0,,Clear,clear-night,remote
"Bhopal, Madhya Pradesh, India",2024-02-18T05:00:00,68.8,68.8,52.9,56.88,0,0,,0,0,6.7,2.2,70,1012.3,7,1.6,0,0,0,,Clear,clear-night,"VABP,42667099999"
"Bhopal, Madhya Pradesh, India",2024-02-18T06:00:00,68,68,55.4,64.07,0,0,,0,0,6.7,4.7,90,1014,0,1.9,0,0,0,,Clear,clear-night,"VABP,42667099999"
"Bhopal, Madhya Pradesh, India",2024-02-18T07:00:00,68,68,55.4,64.07,0,0,,0,0,6.9,5.8,120,1015,27.3,1.9,0,0,0,,Partially cloudy,partly-cloudy-day,"VABP,42667099999"
"Bhopal, Madhya Pradesh, India",2024-02-18T08:00:00,71.9,71.9,55.2,55.72,0,0,,0,0,6.9,4.6,110,1015.2,27.5,2.9,20.1,0.1,0,,Partially cloudy,partly-cloudy-day,"VABP,42672099999,42667099999,42763099999"
"Bhopal, Madhya Pradesh, India",2024-02-18T09:00:00,77,77,55.4,47.28,0,0,,0,0,8.3,6.9,140,1016,27.3,3.1,184.5,0.7,2,,Partially cloudy,partly-cloudy-day,"VABP,42667099999"
"Bhopal, Madhya Pradesh, India",2024-02-18T10:00:00,80.6,80.5,55.4,42,0,0,,0,0,9.6,4.7,120,1017,50,3.1,377.4,1.4,4,,Partially cloudy,partly-cloudy-day,"VABP,42667099999"
"Bhopal, Madhya Pradesh, India",2024-02-18T11:00:00,83.2,82.7,57.3,41.41,0,0,,0,0,10.7,5.8,110,1014.7,27.4,2.8,575.4,2.1,6,,Partially cloudy,partly-cloudy-day,"VABP,42667099999,42763099999"
"Bhopal, Madhya Pradesh, India",2024-02-18T12:00:00,86,83.6,50,28.94,0,0,,0,0,11.2,4.7,180,1015,0,3.7,714.2,2.6,7,,Clear,clear-day,"VABP,42667099999"
"Bhopal, Madhya Pradesh, India",2024-02-18T13:00:00,87.8,84.9,48.2,25.55,0,0,,0,0,11,6.9,230,1014,50,3.7,722.4,2.6,7,,Partially cloudy,partly-cloudy-day,"VABP,42667099999"
"Bhopal, Madhya Pradesh, India",2024-02-18T14:00:00,88,85.7,52.3,29.54,0,0,,0,0,11.9,6.9,194,1011.1,45.3,3.1,814.4,2.9,8,,Partially cloudy,partly-cloudy-day,"VABP,42667099999,42763099999"
"Bhopal, Madhya Pradesh, India",2024-02-18T15:00:00,87.8,84.9,48.2,25.55,0,0,,0,0,14.3,3.4,230,1012,50,3.7,588.4,2.1,6,,Partially cloudy,partly-cloudy-day,"VABP,42667099999"
"Bhopal, Madhya Pradesh, India",2024-02-18T16:00:00,87.8,84.7,46.4,23.88,0,0,,0,0,14.8,3.4,210,1012,50,3.7,423.2,1.5,4,,Partially cloudy,partly-cloudy-day,"VABP,42667099999"
"Bhopal, Madhya Pradesh, India",2024-02-18T17:00:00,86.8,84.2,49.3,27.5,0,0,,0,0,13.6,3.3,230,1010.3,45,3.2,290.3,1,3,,Partially cloudy,partly-cloudy-day,"VABP,42672099999,42667099999,42763099999"
"Bhopal, Madhya Pradesh, India",2024-02-18T18:00:00,82.4,80.6,46.4,28.39,0,0,,0,0,9.6,0,0,1013,50,3.7,145.8,0.5,1,,Partially cloudy,partly-cloudy-day,"VABP,42667099999"
"Bhopal, Madhya Pradesh, India",2024-02-18T19:00:00,84.3,85.3,63.2,49.29,0,0,,0,0,6.3,4.3,219.8,1010,42.3,,29,0.1,0,,Partially cloudy,partly-cloudy-night,remote
"Bhopal, Madhya Pradesh, India",2024-02-18T20:00:00,77.2,77.2,56.3,48.48,0,0,,0,0,6.5,3.4,160,1012.1,45.4,3.2,0,0,0,,Partially cloudy,partly-cloudy-night,"VABP,42667099999"
"Bhopal, Madhya Pradesh, India",2024-02-18T21:00:00,73.4,73.4,59,60.7,0,0,,0,0,6.9,0,160,1014,50,3.7,0,0,0,,Partially cloudy,partly-cloudy-night,"VABP,42667099999"
"Bhopal, Madhya Pradesh, India",2024-02-18T22:00:00,75.6,75.6,60,58.32,0,0,,0,0,7.2,4.7,218,1012,23.8,,0,0,0,,Partially cloudy,partly-cloudy-night,remote
"Bhopal, Madhya Pradesh, India",2024-02-18T23:00:00,71.7,71.7,59.1,64.51,0,0,,0,0,8.1,2.2,340,1013.1,9.9,2.8,0,0,0,,Clear,clear-night,"VABP,42667099999"
"Bhopal, Madhya Pradesh, India",2024-02-19T00:00:00,73.1,73.1,58.6,60.28,0,0,,0,0,8.9,5.1,255.1,1012,5.2,,0,0,0,,Clear,clear-night,remote
"Bhopal, Madhya Pradesh, India",2024-02-19T01:00:00,72.2,72.2,58,60.94,0,0,,0,0,9.4,5.6,273.7,1012,3.5,,0,0,0,,Clear,clear-night,remote
"Bhopal, Madhya Pradesh, India",2024-02-19T02:00:00,68.1,68.1,57.8,69.73,0,0,,0,0,10.1,0,288.3,1011.7,0.6,2.5,0,0,0,,Clear,clear-night,42667099999
"Bhopal, Madhya Pradesh, India",2024-02-19T03:00:00,68.3,68.3,56,64.94,0,0,,0,0,10.1,5.6,298.1,1012,2.8,,0,0,0,,Clear,clear-night,remote
"Bhopal, Madhya Pradesh, India",2024-02-19T04:00:00,67.2,67.2,54.4,63.55,0,0,,0,0,9.8,5.4,299.4,1011,44.9,,0,0,0,,Partially cloudy,partly-cloudy-night,remote
"Bhopal, Madhya Pradesh, India",2024-02-19T05:00:00,66.6,66.6,58.4,75.02,0,0,,0,0,8.7,0,0,1012.5,68.3,1.9,0,0,0,,Partially cloudy,partly-cloudy-night,"VABP,42667099999"
"Bhopal, Madhya Pradesh, India",2024-02-19T06:00:00,62.6,62.6,60.8,93.84,0,0,,0,0,7.8,2.2,120,1013,0,2.5,0,0,0,,Clear,clear-night,"VABP,42667099999"
"Bhopal, Madhya Pradesh, India",2024-02-19T07:00:00,66.2,66.2,64.4,93.93,0,0,,0,0,8.3,2.2,110,1014,0,2.5,0,0,0,,Clear,clear-day,"VABP,42667099999"
"Bhopal, Madhya Pradesh, India",2024-02-19T08:00:00,71.3,71.3,60.6,68.96,0,0,,0,0,7.2,2.7,145,1014.3,15.7,2,22.2,0.1,0,,Clear,clear-day,"VABP,42672099999,42667099999,42763099999"
"Bhopal, Madhya Pradesh, India",2024-02-19T09:00:00,78.8,78.8,48.2,34.17,0,0,,0,0,6,3.4,180,1016,0,3.1,192.4,0.7,2,,Clear,clear-day,"VABP,42667099999"
"Bhopal, Madhya Pradesh, India",2024-02-19T10:00:00,80.6,79.6,46.4,30.1,0,0,,0,0,6.9,4.7,180,1016,0,3.7,411.7,1.5,4,,Clear,clear-day,"VABP,42667099999"
"Bhopal, Madhya Pradesh, India",2024-02-19T11:00:00,83.5,81.7,49.9,31.32,0,0,,0,0,9.6,2.2,200,1014.6,89.1,3.1,616.6,2.2,6,,Partially cloudy,partly-cloudy-day,"VABP,42667099999,42763099999"
"Bhopal, Madhya Pradesh, India",2024-02-19T12:00:00,86,83.2,46.4,25.29,0,0,,0,0,13,8.1,190,1015,0,3.7,764.1,2.8,8,,Clear,clear-day,"VABP,42667099999"
"Bhopal, Madhya Pradesh, India",2024-02-19T13:00:00,87.8,84.3,41,19.43,0,0,,0,0,16.8,10.3,220,1014,0,3.7,840.5,3,8,,Clear,clear-day,"VABP,42667099999"
"Bhopal, Madhya Pradesh, India",2024-02-19T14:00:00,87.6,84.4,45,22.78,0,0,,0,0,19.2,11.4,205,1011.3,10,3.1,845.8,3,8,,Clear,clear-day,"VABP,42667099999,42763099999"
"Bhopal, Madhya Pradesh, India",2024-02-19T15:00:00,87.8,84.5,44.6,22.3,0,0,,0,0,21.3,11.4,240,1012,0,3.7,775.1,2.8,8,,Clear,clear-day,"VABP,42667099999"
"Bhopal, Madhya Pradesh, India",2024-02-19T16:00:00,86,83.1,44.6,23.62,0,0,,0,0,21.7,8.1,230,1012,0,3.7,637.3,2.3,6,,Clear,clear-day,"VABP,42667099999"
"Bhopal, Madhya Pradesh, India",2024-02-19T17:00:00,85.3,82.6,45.3,24.74,0,0,,0,0,21.3,9,250,1010.2,40.2,3.2,443.2,1.6,4,,Partially cloudy,partly-cloudy-day,"VABP,42672099999,42667099999,42763099999"
"Bhopal, Madhya Pradesh, India",2024-02-19T18:00:00,78.8,78.8,44.6,29.82,0,0,,0,0,17.7,4.7,240,1013,0,3.7,221.5,0.8,2,,Clear,clear-day,"VABP,42667099999"
"Bhopal, Madhya Pradesh, India",2024-02-19T19:00:00,75.2,75.2,48.2,38.49,0,0,,0,0,9.8,5.8,170,1013,0,3.7,35.9,0.1,0,,Clear,clear-night,"VABP,42667099999"
"Bhopal, Madhya Pradesh, India",2024-02-19T20:00:00,73.6,73.6,48,40.29,0,0,,0,0,8.7,4.7,180,1013.1,81.2,3.2,0,0,0,,Partially cloudy,partly-cloudy-night,"VABP,42667099999"
"Bhopal, Madhya Pradesh, India",2024-02-19T21:00:00,71.6,71.6,48.2,43.45,0,0,,0,0,8.5,4.7,200,1015,0,3.7,0,0,0,,Clear,clear-night,"VABP,42667099999"
"Bhopal, Madhya Pradesh, India",2024-02-19T22:00:00,73.7,73.7,53.9,49.97,0,0,,0,0,8.5,5.6,238.3,1013,88.9,,0,0,0,,Partially cloudy,partly-cloudy-night,remote
"Bhopal, Madhya Pradesh, India",2024-02-19T23:00:00,68.7,68.7,47.9,47.48,0,0,,0,0,8.5,4.7,230,1014.2,40,2.8,0,0,0,,Partially cloudy,partly-cloudy-night,"VABP,42667099999"
"Bhopal, Madhya Pradesh, India",2024-02-20T00:00:00,68.6,68.6,51.5,54.41,0,0,,0,0,8.7,6.3,263.9,1013,96.2,,0,0,0,,Overcast,cloudy,remote
"Bhopal, Madhya Pradesh, India",2024-02-20T01:00:00,69,69,51,52.69,0,0,,0,0,11,6.5,271.9,1013,96.6,,0,0,0,,Overcast,cloudy,remote
"Bhopal, Madhya Pradesh, India",2024-02-20T02:00:00,65.6,65.6,50.6,58.5,0,0,,0,0,11,3.4,230,1012.2,40,2.5,0,0,0,,Partially cloudy,partly-cloudy-night,42667099999
"Bhopal, Madhya Pradesh, India",2024-02-20T03:00:00,66.3,66.3,50.6,57.05,0,0,,0,0,11,6.5,280.3,1013,15.8,,0,0,0,,Clear,clear-night,remote
"Bhopal, Madhya Pradesh, India",2024-02-20T04:00:00,63.8,63.8,49.5,59.84,0,0,,0,0,10.5,6.7,282.8,1012,0.7,,0,0,0,,Clear,clear-night,remote
"Bhopal, Madhya Pradesh, India",2024-02-20T05:00:00,63.6,63.6,47.6,56.06,0,0,,0,0,9.8,2.2,160,1012.8,27.3,1.6,0,0,0,,Partially cloudy,partly-cloudy-night,"VABP,42667099999"
"Bhopal, Madhya Pradesh, India",2024-02-20T06:00:00,62.6,62.6,48.2,59.28,0,0,,0,0,9.4,2.2,130,1014,27.3,1.9,0,0,0,,Partially cloudy,partly-cloudy-night,"VABP,42667099999"
"Bhopal, Madhya Pradesh, India",2024-02-20T07:00:00,64.4,64.4,50,59.52,0,0,,0,0,8.9,3.4,160,1015,0,3.1,0,0,0,,Clear,clear-day,"VABP,42667099999"
"Bhopal, Madhya Pradesh, India",2024-02-20T08:00:00,71.6,71.6,47.4,42.27,0,0,,0,0,8.3,0,0,1014.2,0,3.2,24,0.1,0,,Clear,clear-day,"VABP,42672099999,42667099999,42763099999"
"Bhopal, Madhya Pradesh, India",2024-02-20T09:00:00,78.8,78.8,48.2,34.17,0,0,,0,0,9.8,4.7,230,1016,0,3.7,198.7,0.7,2,,Clear,clear-day,"VABP,42667099999"
"Bhopal, Madhya Pradesh, India",2024-02-20T10:00:00,82.4,81,50,32.49,0,0,,0,0,10.1,6.9,230,1016,0,3.7,425.3,1.5,4,,Clear,clear-day,"VABP,42667099999"
"Bhopal, Madhya Pradesh, India",2024-02-20T11:00:00,84.2,81.8,44.8,25.17,0,0,,0,0,11.6,6.9,265,1014.1,49.3,3.1,626.5,2.3,6,,Partially cloudy,partly-cloudy-day,"VABP,42667099999,42763099999"
"Bhopal, Madhya Pradesh, India",2024-02-20T12:00:00,87.8,84.4,42.8,20.82,0,0,,0,0,13.2,9.2,210,1015,0,3.7,773.9,2.8,8,,Clear,clear-day,"VABP,42667099999"
"Bhopal, Madhya Pradesh, India",2024-02-20T13:00:00,87.8,84.3,41,19.43,0,0,,0,0,13.4,13.9,250,1014,27.3,3.7,846.9,3,8,,Partially cloudy,partly-cloudy-day,"VABP,42667099999"
"Bhopal, Madhya Pradesh, India",2024-02-20T14:00:00,87.9,84.4,41.5,19.75,0,0,,0,0,15,4.8,270,1011.2,18,3.1,856.4,3.1,9,,Clear,clear-day,"VABP,42667099999,42763099999"
"Bhopal, Madhya Pradesh, India",2024-02-20T15:00:00,89,86.4,51.9,28.24,0,0,,0,0,15.7,7.2,259.5,1011,0.2,,700.6,2.5,7,,Clear,clear-day,remote
"Bhopal, Madhya Pradesh, India",2024-02-20T16:00:00,87.8,84.5,44.6,22.3,0,0,,0,0,15.9,10.3,260,1011,27.3,3.7,604.5,2.2,6,,Partially cloudy,partly-cloudy-day,"VABP,42667099999"
"Bhopal, Madhya Pradesh, India",2024-02-20T17:00:00,85.9,83,45.2,24.28,0,0,,0,0,15.2,7.9,235,1009.9,10,3.2,390.6,1.4,4,,Clear,clear-day,"VABP,42672099999,42667099999,42763099999"
"Bhopal, Madhya Pradesh, India",2024-02-20T18:00:00,78.8,78.8,46.4,31.93,0,0,,0,0,12.1,4.7,240,1012,0,3.7,223.4,0.8,2,,Clear,clear-day,"VABP,42667099999"
"Bhopal, Madhya Pradesh, India",2024-02-20T19:00:00,77,77,48.2,36.26,0,0,,0,0,6.5,4.7,180,1012,0,3.7,36.7,0.1,0,,Clear,clear-night,"VABP,42667099999"
"Bhopal, Madhya Pradesh, India",2024-02-20T20:00:00,75.7,75.7,49,39.06,0,0,,0,0,6.9,4.7,185,1011.8,3.5,3.2,0,0,0,,Clear,clear-night,"VABP,42667099999"
"Bhopal, Madhya Pradesh, India",2024-02-20T21:00:00,73.4,73.4,51.8,46.74,0,0,,0,0,7.8,4.7,200,1013,0,3.7,0,0,0,,Clear,clear-night,"VABP,42667099999"
"Bhopal, Madhya Pradesh, India",2024-02-20T22:00:00,74.4,74.4,54.9,50.74,0,0,,0,0,10.5,8.1,222.2,1012,6.5,,0,0,0,,Clear,clear-night,remote
"Bhopal, Madhya Pradesh, India",2024-02-20T23:00:00,68.8,68.8,51.1,53.15,0,0,,0,0,11.9,6.9,230,1012.3,25.6,3.2,0,0,0,,Partially cloudy,partly-cloudy-night,"VABP,42667099999"
"Bhopal, Madhya Pradesh, India",2024-02-21T00:00:00,71.3,71.3,52.4,51.3,0,0,,0,0,12.3,8.1,250.8,1012,0,,0,0,0,,Clear,clear-night,remote
"Bhopal, Madhya Pradesh, India",2024-02-21T01:00:00,71,71,51.7,50.57,0,0,,0,0,13.9,7.8,263.2,1011,3.2,,0,0,0,,Clear,clear-night,remote
"Bhopal, Madhya Pradesh, India",2024-02-21T02:00:00,67.4,67.4,50.6,54.96,0,0,,0,0,13.2,6.9,250,1010.5,14.8,2.5,0,0,0,,Clear,clear-night,42667099999
"Bhopal, Madhya Pradesh, India",2024-02-21T03:00:00,69.2,69.2,50.8,52.01,0,0,,0,0,13,7.6,280.8,1011,33.4,,0,0,0,,Partially cloudy,partly-cloudy-night,remote
"Bhopal, Madhya Pradesh, India",2024-02-21T04:00:00,64.5,64.5,50.3,59.93,0,0,,0,0,13,7.4,296.2,1011,14.4,,0,0,0,,Clear,clear-night,remote
"Bhopal, Madhya Pradesh, India",2024-02-21T05:00:00,63.8,63.8,48.5,57.47,0,0,,0,0,12.8,4.7,290,1011,18.2,2.5,0,0,0,,Clear,clear-night,42667099999
"Bhopal, Madhya Pradesh, India",2024-02-21T06:00:00,59,59,51.8,77,0,0,,0,0,12.1,2.2,230,1012,0,3.1,0,0,0,,Clear,clear-night,"VABP,42667099999"
"Bhopal, Madhya Pradesh, India",2024-02-21T07:00:00,60.8,60.8,53.6,77.15,0,0,,0,0,10.5,2.2,190,1013,0,3.1,0,0,0,,Clear,clear-day,"VABP,42667099999"
"Bhopal, Madhya Pradesh, India",2024-02-21T08:00:00,67.7,67.7,53.8,61.26,0,0,,0,0,8.3,4.6,180,1013,30,2.9,24.5,0.1,0,,Partially cloudy,partly-cloudy-day,"VABP,42672099999,42667099999,42763099999"
"Bhopal, Madhya Pradesh, India",2024-02-21T09:00:00,71.6,71.6,57.2,60.47,0,0,,0,0,8.7,4.7,180,1014,0,3.7,196.4,0.7,2,,Clear,clear-day,"VABP,42667099999"
"Bhopal, Madhya Pradesh, India",2024-02-21T10:00:00,75.2,75.2,55.4,50.2,0,0,,0,0,10.3,5.8,210,1015,0,3.7,418.8,1.5,4,,Clear,clear-day,"VABP,42667099999"
"Bhopal, Madhya Pradesh, India",2024-02-21T11:00:00,78.3,78.3,54.9,44.48,0,0,,0,0,12.1,8,166,1012.8,0,3.1,616.9,2.2,6,,Clear,clear-day,"VABP,42667099999,42763099999"
"Bhopal, Madhya Pradesh, India",2024-02-21T12:00:00,80.6,80.5,55.4,42,0,0,,0,0,13.6,5.8,220,1013,50,3.7,762.9,2.7,8,,Partially cloudy,partly-cloudy-day,"VABP,42667099999"
"Bhopal, Madhya Pradesh, India",2024-02-21T13:00:00,80.1,80.6,58,46.84,0,0,,0,0,17,6.7,243,1012,27.7,,843.5,3,8,,Partially cloudy,partly-cloudy-day,remote
"Bhopal, Madhya Pradesh, India",2024-02-21T14:00:00,85,83.3,52.9,33.24,0,0,,0,0,20.1,11.4,230,1009.2,45.2,3.1,675.7,2.4,7,,Partially cloudy,partly-cloudy-day,"VABP,42667099999,42763099999"
"Bhopal, Madhya Pradesh, India",2024-02-21T15:00:00,84.2,82.5,51.8,32.77,0,0,,0,0,17.2,5.8,230,1010,50,3.7,563.9,2,6,,Partially cloudy,partly-cloudy-day,"VABP,42667099999"
"Bhopal, Madhya Pradesh, India",2024-02-21T16:00:00,82.4,81.2,51.8,34.73,0,0,,0,0,24.8,13.9,250,1010,50,3.7,460.6,1.7,5,,Partially cloudy,partly-cloudy-day,"VABP,42667099999"
"Bhopal, Madhya Pradesh, India",2024-02-21T17:00:00,81.1,80.3,50.6,34.59,0,0,,0,0,24.6,11.2,250,1008.6,18.1,3.2,323.4,1.2,3,,Clear,clear-day,"VABP,42672099999,42667099999,42763099999"
"Bhopal, Madhya Pradesh, India",2024-02-21T18:00:00,82.7,82.2,56.7,41.24,0,0,,0,0,22.4,8.3,265.2,1008,49.8,,199.9,0.7,2,,Partially cloudy,partly-cloudy-day,remote
"Bhopal, Madhya Pradesh, India",2024-02-21T19:00:00,71.6,71.6,48.2,43.45,0,0,,0,0,15.7,5.8,220,1011,0,3.7,37,0.1,0,,Clear,clear-night,"VABP,42667099999"
"Bhopal, Madhya Pradesh, India",2024-02-21T20:00:00,70,70,49.9,48.75,0,0,,0,0,11.9,5.8,230,1011.1,42.4,3.2,0,0,0,,Partially cloudy,partly-cloudy-night,"VABP,42667099999"
"Bhopal, Madhya Pradesh, India",2024-02-21T21:00:00,68,68,48.2,49.13,0,0,,0,0,12.5,5.8,230,1013,0,3.7,0,0,0,,Clear,clear-night,"VABP,42667099999"
"Bhopal, Madhya Pradesh, India",2024-02-21T22:00:00,72.8,72.8,50.3,45.11,0,0,,0,0,14.1,8.3,273.2,1011,84.3,,0,0,0,,Partially cloudy,partly-cloudy-night,remote
"Bhopal, Madhya Pradesh, India",2024-02-21T23:00:00,67.4,67.4,52.8,59.46,0,0,,0,0,15,6.9,250,1012.3,40,2.8,0,0,0,,Partially cloudy,partly-cloudy-night,"VABP,42667099999"
"Bhopal, Madhya Pradesh, India",2024-02-22T00:00:00,69.9,69.9,51.5,52.12,0,0,,0,0,15.9,8.7,287,1012,81.3,,0,0,0,,Partially cloudy,partly-cloudy-night,remote
"Bhopal, Madhya Pradesh, India",2024-02-22T01:00:00,68.6,68.6,51.2,53.7,0,0,,0,0,15.2,8.3,289.3,1012,48.3,,0,0,0,,Partially cloudy,partly-cloudy-night,remote
"Bhopal, Madhya Pradesh, India",2024-02-22T02:00:00,63.8,63.8,55.7,74.93,0,0,,0,0,14.5,3.4,250,1010.7,40,1.2,0,0,0,,Partially cloudy,partly-cloudy-night,42667099999
"Bhopal, Madhya Pradesh, India",2024-02-22T03:00:00,66.1,66.1,52.4,61.36,0,0,,0,0,14.3,8.3,289,1012,0,,0,0,0,,Clear,clear-night,remote
"Bhopal, Madhya Pradesh, India",2024-02-22T04:00:00,61.2,61.2,51.7,70.84,0,0,,0,0,15,9.2,286.5,1011,0,,0,0,0,,Clear,clear-night,remote
"Bhopal, Madhya Pradesh, India",2024-02-22T05:00:00,58,58,55.1,89.96,0,0,,0,0,15,6.9,230,1011.1,27.3,2.8,0,0,0,,Partially cloudy,partly-cloudy-night,"VABP,42667099999"
"Bhopal, Madhya Pradesh, India",2024-02-22T06:00:00,57.2,57.2,57.2,100,0,0,,0,0,15,4.7,220,1013,27.3,2.5,0,0,0,,Partially cloudy,partly-cloudy-night,"VABP,42667099999"
"Bhopal, Madhya Pradesh, India",2024-02-22T07:00:00,59,59,59,100,0,0,,0,0,14.3,6.9,250,1014,0,3.1,0,0,0,,Clear,clear-day,"VABP,42667099999"
"Bhopal, Madhya Pradesh, India",2024-02-22T08:00:00,66.2,66.2,55.5,68.34,0,0,,0,0,13,12.5,264,1013.7,3.7,2.9,26.2,0.1,0,,Clear,clear-day,"VABP,42672099999,42667099999,42763099999"
"Bhopal, Madhya Pradesh, India",2024-02-22T09:00:00,69.8,69.8,59,68.58,0,0,,0,0,14.1,11.4,260,1015,0,3.1,204.4,0.7,2,,Clear,clear-day,"VABP,42667099999"
"Bhopal, Madhya Pradesh, India",2024-02-22T10:00:00,65.6,65.6,52.4,62.52,0,0,,0,0,17.7,9.4,286.7,1014,0.7,,429.6,1.5,4,,Clear,clear-day,remote
"Bhopal, Madhya Pradesh, India",2024-02-22T11:00:00,76.7,76.7,49.7,38.76,0,0,,0,0,20.6,14.9,290,1014.3,2,3.1,633.8,2.3,6,,Clear,clear-day,"VABP,42667099999,42763099999"
"Bhopal, Madhya Pradesh, India",2024-02-22T12:00:00,77,77,44.6,31.65,0,0,,0,0,21.5,9.2,270,1014,50,3.7,766.4,2.8,8,,Partially cloudy,partly-cloudy-day,"VABP,42667099999"
"Bhopal, Madhya Pradesh, India",2024-02-22T13:00:00,78.8,78.8,44.6,29.82,0,0,,0,0,22.8,5.8,300,1014,50,3.7,846.5,3,8,,Partially cloudy,partly-cloudy-day,"VABP,42667099999"
"Bhopal, Madhya Pradesh, India",2024-02-22T14:00:00,79.1,79.1,43.1,27.93,0,0,,0,0,22.6,8,314,1011.5,50,3.1,835.2,3,8,,Partially cloudy,partly-cloudy-day,"VABP,42667099999,42763099999"
"Bhopal, Madhya Pradesh, India",2024-02-22T15:00:00,78.8,78.8,41,25.98,0,0,,0,0,21.7,12.8,300,1012,50,3.7,702.1,2.5,7,,Partially cloudy,partly-cloudy-day,"VABP,42667099999"
"Bhopal, Madhya Pradesh, India",2024-02-22T16:00:00,77,77,41,27.56,0,0,,0,0,22.4,10.3,260,1012,27.3,3.7,554.7,2,6,,Partially cloudy,partly-cloudy-day,"VABP,42667099999"
"Bhopal, Madhya Pradesh, India",2024-02-22T17:00:00,77.9,77.9,43.8,29.8,0,0,,0,0,21.9,6.9,315,1010.9,27.5,3.1,351.5,1.3,4,,Partially cloudy,partly-cloudy-day,"VABP,42667099999,42763099999"
"Bhopal, Madhya Pradesh, India",2024-02-22T18:00:00,73.4,73.4,44.6,35.69,0,0,,0,0,19.9,3.4,320,1013,0,3.7,162,0.6,2,,Clear,clear-day,"VABP,42667099999"
"Bhopal, Madhya Pradesh, India",2024-02-22T19:00:00,69.8,69.8,46.4,43.17,0,0,,0,0,15.9,2.2,320,1013,0,3.7,32.8,0.1,0,,Clear,clear-night,"VABP,42667099999"
"Bhopal, Madhya Pradesh, India",2024-02-22T20:00:00,70.6,70.6,45.7,40.89,0,0,,0,0,12.8,2.2,315,1013.3,32.7,3.2,0,0,0,,Partially cloudy,partly-cloudy-night,"VABP,42667099999"
"Bhopal, Madhya Pradesh, India",2024-02-22T21:00:00,68,68,46.4,45.91,0,0,,0,0,10.5,6.9,360,1015,0,3.1,0,0,0,,Clear,clear-night,"VABP,42667099999"
"Bhopal, Madhya Pradesh, India",2024-02-22T22:00:00,66.2,66.2,55.4,68.18,0,0,,0,0,8.5,5.8,20,1015,0,3.1,0,0,0,,Clear,clear-night,"VABP,42667099999"
"Bhopal, Madhya Pradesh, India",2024-02-22T23:00:00,66.2,66.2,53.3,63.07,0,0,,0,0,7.8,3.4,20,1014.4,46.1,2.8,0,0,0,,Partially cloudy,partly-cloudy-night,"VABP,42667099999"
"Bhopal, Madhya Pradesh, India",2024-02-23T00:00:00,65.7,65.7,52.8,62.96,0,0,,0,0,8.1,6,20.6,1015,56.1,,0,0,0,,Partially cloudy,partly-cloudy-night,remote
"Bhopal, Madhya Pradesh, India",2024-02-23T01:00:00,64.8,64.8,52.6,64.53,0,0,,0,0,10.7,5.4,32.3,1014,48.1,,0,0,0,,Partially cloudy,partly-cloudy-night,remote
"Bhopal, Madhya Pradesh, India",2024-02-23T02:00:00,64.5,64.5,56.6,75.49,0,0,,0,0,9.2,5.8,20,1012.9,81.9,1.2,0,0,0,,Partially cloudy,partly-cloudy-night,42667099999
"Bhopal, Madhya Pradesh, India",2024-02-23T03:00:00,62.1,62.1,54.4,75.77,0,0,,0,0,8.3,3.8,58.5,1014,44.1,,0,0,0,,Partially cloudy,partly-cloudy-night,remote
"Bhopal, Madhya Pradesh, India",2024-02-23T04:00:00,59.6,59.6,54.4,82.85,0,0,,0,0,6.9,3.4,77.9,1014,27.7,,0,0,0,,Partially cloudy,partly-cloudy-night,remote
"Bhopal, Madhya Pradesh, India",2024-02-23T05:00:00,59.1,59.1,56.7,91.93,0,0,,0,0,6,5.8,15,1014.6,20.7,1.6,0,0,0,,Partially cloudy,partly-cloudy-night,"VABP,42667099999"
"Bhopal, Madhya Pradesh, India",2024-02-23T06:00:00,59,59,59,100,0,0,,0,0,6,6.9,20,1015,0,1.9,0,0,0,,Clear,clear-night,"VABP,42667099999"
"Bhopal, Madhya Pradesh, India",2024-02-23T07:00:00,57.2,57.2,57.2,100,0,0,,0,0,6.3,5.8,20,1016,0,1.2,0,0,0,,Clear,clear-day,"VABP,42667099999"
"Bhopal, Madhya Pradesh, India",2024-02-23T08:00:00,66.2,66.2,50.2,56.27,0,0,,0,0,6.3,7.9,70,1016.4,10,2,24.8,0.1,0,,Clear,clear-day,"VABP,42672099999,42667099999,42763099999"
"Bhopal, Madhya Pradesh, India",2024-02-23T09:00:00,63.8,63.8,55.5,74.44,0,0,,0,0,9.8,5.1,84.3,1017,15.5,,189.1,0.7,2,,Clear,clear-day,remote
"Bhopal, Madhya Pradesh, India",2024-02-23T10:00:00,73.4,73.4,44.6,35.69,0,0,,0,0,12.8,11.4,100,1018,0,3.1,397.3,1.4,4,,Clear,clear-day,"VABP,42667099999"
"Bhopal, Madhya Pradesh, India",2024-02-23T11:00:00,75.5,75.5,44.9,33.69,0,0,,0,0,14.3,9.2,90,1017.1,2.6,2.8,613,2.2,6,,Clear,clear-day,"VABP,42667099999,42763099999"
"Bhopal, Madhya Pradesh, India",2024-02-23T12:00:00,74.7,74.7,53.1,46.94,0,0,,0,0,14.3,5.4,86.4,1017,8.3,,762.4,2.7,8,,Clear,clear-day,remote
"Bhopal, Madhya Pradesh, India",2024-02-23T13:00:00,77,77,44.6,31.65,0,0,,0,0,14.3,5.8,50,1015,50,3.1,700.4,2.5,7,,Partially cloudy,partly-cloudy-day,"VABP,42667099999"
"Bhopal, Madhya Pradesh, India",2024-02-23T14:00:00,76.4,76.4,47.5,36.04,0,0,,0,0,12.8,9.1,15,1013,50,3.1,739.8,2.7,7,,Partially cloudy,partly-cloudy-day,"VABP,42667099999,42763099999"
"Bhopal, Madhya Pradesh, India",2024-02-23T15:00:00,75.2,75.2,46.4,35.97,0,0,,0,0,11.6,4.7,10,1014,50,3.7,601,2.2,6,,Partially cloudy,partly-cloudy-day,"VABP,42667099999"
"Bhopal, Madhya Pradesh, India",2024-02-23T16:00:00,76.9,76.9,53.5,44.27,0,0,,0,0,10.7,3.1,23.4,1012,54.7,,391.6,1.4,4,,Partially cloudy,partly-cloudy-day,remote
"Bhopal, Madhya Pradesh, India",2024-02-23T17:00:00,76.1,76.1,44.6,32.68,0,0,,0,0,9.6,8,1,1012.8,18,3.1,293.6,1.1,3,,Clear,clear-day,"VABP,42667099999,42763099999"
"Bhopal, Madhya Pradesh, India",2024-02-23T18:00:00,73.4,73.4,42.8,33.32,0,0,,0,0,9.2,4.7,20,1014,27.3,3.7,147.7,0.5,1,,Partially cloudy,partly-cloudy-day,"VABP,42667099999"
"Bhopal, Madhya Pradesh, India",2024-02-23T19:00:00,69.8,69.8,42.8,37.64,0,0,,0,0,8.1,0,0,1014,0,3.7,32.5,0.1,0,,Clear,clear-night,"VABP,42667099999"
"Bhopal, Madhya Pradesh, India",2024-02-23T20:00:00,69.8,69.8,47.7,45.4,0,0,,0,0,9.6,4.7,20,1014.3,27.3,3.2,0,0,0,,Partially cloudy,partly-cloudy-night,"VABP,42667099999"
"Bhopal, Madhya Pradesh, India",2024-02-23T21:00:00,69.7,69.7,51.2,51.75,0,0,,0,0,10.1,4.7,46.4,1014,16.8,,0,0,0,,Clear,clear-night,remote
"Bhopal, Madhya Pradesh, India",2024-02-23T22:00:00,66.2,66.2,41,39.74,0,0,,0,0,10.3,4.7,20,1016,50,3.7,0,0,0,,Partially cloudy,partly-cloudy-night,"VABP,42667099999"
"Bhopal, Madhya Pradesh, India",2024-02-23T23:00:00,66.4,66.4,43.9,44.02,0,0,,0,0,11,6.9,20,1014.6,45.4,3.2,0,0,0,,Partially cloudy,partly-cloudy-night,"VABP,42667099999"
"Bhopal, Madhya Pradesh, India",2024-02-24T00:00:00,65.7,65.7,48.1,52.92,0,0,,0,0,11.6,5.1,47.7,1014,11.2,,0,0,0,,Clear,clear-night,remote
"Bhopal, Madhya Pradesh, India",2024-02-24T01:00:00,65.9,65.9,47.4,51.19,0,0,,0,0,9.2,5.4,55.8,1014,16.5,,0,0,0,,Clear,clear-night,remote
"Bhopal, Madhya Pradesh, India",2024-02-24T02:00:00,62.7,62.7,51.2,66,0,0,,0,0,8.9,3.4,50,1013.3,13.7,2.5,0,0,0,,Clear,clear-night,42667099999
"Bhopal, Madhya Pradesh, India",2024-02-24T03:00:00,62.9,62.9,48.8,60.12,0,0,,0,0,9.4,5.6,78.8,1014,17.7,,0,0,0,,Clear,clear-night,remote
"Bhopal, Madhya Pradesh, India",2024-02-24T04:00:00,59.4,59.4,46.3,61.73,0,0,,0,0,9.6,6,82,1013,24.4,,0,0,0,,Partially cloudy,partly-cloudy-night,remote
"Bhopal, Madhya Pradesh, India",2024-02-24T05:00:00,57.4,57.4,42.3,57,0,0,,0,0,9.6,4.7,340,1014,18,3.2,0,0,0,,Clear,clear-night,"VABP,42667099999"
"Bhopal, Madhya Pradesh, India",2024-02-24T06:00:00,57.2,57.2,39.2,50.94,0,0,,0,0,9.4,2.2,360,1016,50,3.1,0,0,0,,Partially cloudy,partly-cloudy-night,"VABP,42667099999"
"Bhopal, Madhya Pradesh, India",2024-02-24T07:00:00,57.2,57.2,42.8,58.55,0,0,,0,0,9.8,3.4,350,1015,50,3.1,0,0,0,,Partially cloudy,partly-cloudy-day,"VABP,42667099999"
"Bhopal, Madhya Pradesh, India",2024-02-24T08:00:00,64.1,64.1,39.4,40.07,0,0,,0,0,11.2,3.3,70,1015.7,11.6,2.9,25.7,0.1,0,,Clear,clear-day,"VABP,42672099999,42667099999,42763099999"
"Bhopal, Madhya Pradesh, India",2024-02-24T09:00:00,68,68,35.6,30.23,0,0,,0,0,14.8,11.4,80,1017,50,3.1,193.6,0.7,2,,Partially cloudy,partly-cloudy-day,"VABP,42667099999"
"Bhopal, Madhya Pradesh, India",2024-02-24T10:00:00,71.6,71.6,37.4,28.7,0,0,,0,0,19.2,9.2,80,1017,0,3.7,420.9,1.5,4,,Clear,clear-day,"VABP,42667099999"
"Bhopal, Madhya Pradesh, India",2024-02-24T11:00:00,74.3,74.3,38.6,27.47,0,0,,0,0,20.8,12.7,90,1016,3.7,3.1,643.3,2.3,6,,Clear,clear-day,"VABP,42667099999,42763099999"
"Bhopal, Madhya Pradesh, India",2024-02-24T12:00:00,77,77,39.2,25.7,0,0,,0,0,21.5,11.4,120,1015,0,3.7,794.7,2.9,8,,Clear,clear-day,"VABP,42667099999"
"Bhopal, Madhya Pradesh, India",2024-02-24T13:00:00,78.8,78.8,37.4,22.57,0,0,,0,0,18.8,3.4,120,1015,27.3,3.7,877.5,3.2,9,,Partially cloudy,partly-cloudy-day,"VABP,42667099999"
"Bhopal, Madhya Pradesh, India",2024-02-24T14:00:00,79.3,79.3,36.4,21.32,0,0,,0,0,15.9,5.8,115,1012.5,27.3,3.1,878,3.2,9,,Partially cloudy,partly-cloudy-day,"VABP,42667099999,42763099999"
"Bhopal, Madhya Pradesh, India",2024-02-24T15:00:00,80.3,79.7,49.9,34.64,0,0,,0,0,13,3.8,176.9,1012,11.5,,801.8,2.9,8,,Clear,clear-day,remote
"Bhopal, Madhya Pradesh, India",2024-02-24T16:00:00,80.6,79,37.4,21.28,0,0,,0,0,11.9,0,0,1013,27.3,3.7,662.2,2.4,7,,Partially cloudy,partly-cloudy-day,"VABP,42667099999"
"Bhopal, Madhya Pradesh, India",2024-02-24T17:00:00,79.3,79.3,40.7,25.24,0,0,,0,0,9.8,0,1,1011.9,18.2,3.2,440.2,1.6,4,,Clear,clear-day,"VABP,42672099999,42667099999,42763099999"
"Bhopal, Madhya Pradesh, India",2024-02-24T18:00:00,75.2,75.2,39.2,27.29,0,0,,0,0,7.6,2.2,70,1014,0,3.7,214,0.8,2,,Clear,clear-day,"VABP,42667099999"
"Bhopal, Madhya Pradesh, India",2024-02-24T19:00:00,73.4,73.4,41,31.08,0,0,,0,0,4.7,0,0,1014,0,3.7,41.2,0.1,0,,Clear,clear-night,"VABP,42667099999"
"Bhopal, Madhya Pradesh, India",2024-02-24T20:00:00,70,70,44.7,40.16,0,0,,0,0,7.4,2.2,90,1014.2,2,3.2,0,0,0,,Clear,clear-night,"VABP,42667099999"
"Bhopal, Madhya Pradesh, India",2024-02-24T21:00:00,67.6,67.6,51,55.36,0,0,,0,0,8.1,4.9,128.9,1013,0,,0,0,0,,Clear,clear-night,remote
"Bhopal, Madhya Pradesh, India",2024-02-24T22:00:00,66.2,66.2,44.6,45.63,0,0,,0,0,8.3,8.1,330,1015,0,3.7,0,0,0,,Clear,clear-night,"VABP,42667099999"
"Bhopal, Madhya Pradesh, India",2024-02-24T23:00:00,66,66,45.6,47.6,0,0,,0,0,8.3,6.9,20,1014.8,0,3.2,0,0,0,,Clear,clear-night,"VABP,42667099999"
"Bhopal, Madhya Pradesh, India",2024-02-25T00:00:00,64.5,64.5,49.9,59.14,0,0,,0,0,8.3,1.6,164.9,1014,0,,0,0,0,,Clear,clear-night,remote
"Bhopal, Madhya Pradesh, India",2024-02-25T01:00:00,65.9,65.9,49.2,54.76,0,0,,0,0,5.4,1.8,35.3,1014,0,,0,0,0,,Clear,clear-night,remote
"Bhopal, Madhya Pradesh, India",2024-02-25T02:00:00,62.3,62.3,46.1,55.36,0,0,,0,0,7.6,3.4,360,1013.8,0,2.5,0,0,0,,Clear,clear-night,42667099999
"Bhopal, Madhya Pradesh, India",2024-02-25T03:00:00,60.5,60.5,49.7,67.53,0,0,,0,0,10.3,6.3,51.6,1013,0,,0,0,0,,Clear,clear-night,remote
"Bhopal, Madhya Pradesh, India",2024-02-25T04:00:00,58.2,58.2,46.3,64.58,0,0,,0,0,12.3,7.4,57.1,1014,0,,0,0,0,,Clear,clear-night,remote
"Bhopal, Madhya Pradesh, India",2024-02-25T05:00:00,56.5,56.5,41.2,56.59,0,0,,0,0,12.8,6.9,360,1014.8,27.3,2.8,0,0,0,,Partially cloudy,partly-cloudy-night,"VABP,42667099999"
"Bhopal, Madhya Pradesh, India",2024-02-25T06:00:00,55.4,55.4,39.2,54.36,0,0,,0,0,13,0,0,1015,27.3,3.1,0,0,0,,Partially cloudy,partly-cloudy-night,"VABP,42667099999"
"Bhopal, Madhya Pradesh, India",2024-02-25T07:00:00,59.1,59.1,49.5,70.61,0,0,,0,0,13.4,7.8,58.6,1015,0.2,,0,0,0,,Clear,clear-day,remote
"Bhopal, Madhya Pradesh, India",2024-02-25T08:00:00,60.6,60.6,40.2,46.81,0,0,,0,0,14.5,6.8,15,1016.7,30,2.9,29.9,0.1,0,,Partially cloudy,partly-cloudy-day,"VABP,42672099999,42667099999,42763099999"
"Bhopal, Madhya Pradesh, India",2024-02-25T09:00:00,62.6,62.6,39.2,42.03,0,0,,0,0,18.1,8.1,10,1018,0,3.7,212.1,0.8,2,,Clear,clear-day,"VABP,42667099999"
"Bhopal, Madhya Pradesh, India",2024-02-25T10:00:00,68,68,39.2,34.83,0,0,,0,0,22.8,5.8,20,1018,0,3.7,441.7,1.6,4,,Clear,clear-day,"VABP,42667099999"
"Bhopal, Madhya Pradesh, India",2024-02-25T11:00:00,74.3,74.3,40.6,29.73,0,0,,0,0,23.9,8,55,1016.3,31.1,3.1,644.8,2.3,6,,Partially cloudy,partly-cloudy-day,"VABP,42667099999,42763099999"
"Bhopal, Madhya Pradesh, India",2024-02-25T12:00:00,77,77,41,27.56,0,0,,0,0,23.9,4.7,70,1017,0,3.7,776.5,2.8,8,,Clear,clear-day,"VABP,42667099999"
"Bhopal, Madhya Pradesh, India",2024-02-25T13:00:00,77,77,42.8,29.54,0,0,,0,0,22.1,9.2,80,1015,0,3.7,868.3,3.1,9,,Clear,clear-day,"VABP,42667099999"
"Bhopal, Madhya Pradesh, India",2024-02-25T14:00:00,79.3,79.3,44.2,28.89,0,0,,0,0,21,6.9,341,1013,16.5,3.1,873,3.1,9,,Clear,clear-day,"VABP,42667099999,42763099999"
"Bhopal, Madhya Pradesh, India",2024-02-25T15:00:00,78.8,78.8,42.8,27.84,0,0,,0,0,19.2,8.1,360,1014,0,3.7,802.5,2.9,8,,Clear,clear-day,"VABP,42667099999"
"Bhopal, Madhya Pradesh, India",2024-02-25T16:00:00,78.8,78.8,41,25.98,0,0,,0,0,17.9,11.4,360,1014,0,3.7,659.9,2.4,7,,Clear,clear-day,"VABP,42667099999"
"Bhopal, Madhya Pradesh, India",2024-02-25T17:00:00,77.5,77.5,44.4,30.93,0,0,,0,0,15.7,11.2,1,1012.8,10,3.2,463.6,1.7,5,,Clear,clear-day,"VABP,42672099999,42667099999,42763099999"
"Bhopal, Madhya Pradesh, India",2024-02-25T18:00:00,73.4,73.4,44.6,35.69,0,0,,0,0,13.6,8.1,360,1014,27.3,3.7,236.4,0.9,2,,Partially cloudy,partly-cloudy-day,"VABP,42667099999"
"Bhopal, Madhya Pradesh, India",2024-02-25T19:00:00,71.6,71.6,44.6,37.92,0,0,,0,0,8.5,6.9,360,1015,27.3,3.7,42.6,0.2,0,,Partially cloudy,partly-cloudy-night,"VABP,42667099999"
"Bhopal, Madhya Pradesh, India",2024-02-25T20:00:00,68.5,68.5,42.8,39.28,0,0,,0,0,8.5,9.2,15,1015.4,18,3.2,0,0,0,,Clear,clear-night,"VABP,42667099999"
"Bhopal, Madhya Pradesh, India",2024-02-25T21:00:00,66.2,66.2,41,39.74,0,0,,0,0,10.1,8.1,20,1017,27.3,3.7,0,0,0,,Partially cloudy,partly-cloudy-night,"VABP,42667099999"
"Bhopal, Madhya Pradesh, India",2024-02-25T22:00:00,62.6,62.6,41,45.07,0,0,,0,0,12.8,6.9,20,1017,27.3,3.7,0,0,0,,Partially cloudy,partly-cloudy-night,"VABP,42667099999"
"Bhopal, Madhya Pradesh, India",2024-02-25T23:00:00,62.9,62.9,43.4,49.02,0,0,,0,0,14.5,4.7,20,1016.3,10,2.5,0,0,0,,Clear,clear-night,42667099999
"Bhopal, Madhya Pradesh, India",2024-02-26T00:00:00,65.2,65.2,46.8,51.43,0,0,,0,0,15.4,9.6,60.1,1016,99.9,,0,0,0,,Overcast,cloudy,remote
"Bhopal, Madhya Pradesh, India",2024-02-26T01:00:00,65,65,45.8,49.69,0,0,,0,0,17.2,9.6,63.8,1016,96,,0,0,0,,Overcast,cloudy,remote
"Bhopal, Madhya Pradesh, India",2024-02-26T02:00:00,60.2,60.2,43.1,53.19,0,0,,0,0,16.6,4.7,20,1015.6,10,2.5,0,0,0,,Clear,clear-night,42667099999
"Bhopal, Madhya Pradesh, India",2024-02-26T03:00:00,62.5,62.5,44.7,52.09,0,0,,0,0,16.3,9.2,61.6,1015,100,,0,0,0,,Overcast,cloudy,remote
"Bhopal, Madhya Pradesh, India",2024-02-26T04:00:00,60.3,60.3,41.4,49.66,0,0,,0,0,16.8,10.3,61.7,1016,100,,0,0,0,,Overcast,cloudy,remote
"Bhopal, Madhya Pradesh, India",2024-02-26T05:00:00,58,58,40.7,52.41,0,0,,0,0,17.7,5.8,15,1015.8,40,2.8,0,0,0,,Partially cloudy,partly-cloudy-night,"VABP,42667099999"
"Bhopal, Madhya Pradesh, India",2024-02-26T06:00:00,59,59,39.2,47.75,0,0,,0,0,18.3,6.9,10,1016,0,3.1,0,0,0,,Clear,clear-night,"VABP,42667099999"
"Bhopal, Madhya Pradesh, India",2024-02-26T07:00:00,59,59,39.2,47.75,0,0,,0,0,18.6,5.8,360,1017,50,3.1,0,0,0,,Partially cloudy,partly-cloudy-day,"VABP,42667099999"
"Bhopal, Madhya Pradesh, India",2024-02-26T08:00:00,59.5,59.5,41.6,51.47,0,0,,0,0,18.3,6.8,1,1017.7,89.1,2.9,23.9,0.1,0,,Partially cloudy,partly-cloudy-day,"VABP,42672099999,42667099999,42763099999"
"Bhopal, Madhya Pradesh, India",2024-02-26T09:00:00,62.6,62.6,41,45.07,0,0,,0,0,18.3,6.9,20,1019,88.9,3.1,160.2,0.6,2,,Partially cloudy,partly-cloudy-day,"VABP,42667099999"
"Bhopal, Madhya Pradesh, India",2024-02-26T10:00:00,66.2,66.2,41,39.74,0,0,,0,0,21.7,8.1,30,1019,88.9,3.1,337.8,1.2,3,,Partially cloudy,partly-cloudy-day,"VABP,42667099999"
"Bhopal, Madhya Pradesh, India",2024-02-26T11:00:00,66.7,66.7,42.5,41.41,0,0,,0,0,22.1,5.8,50,1017.5,93.6,2.8,550.2,2,6,,Overcast,cloudy,"VABP,42667099999,42763099999"
"Bhopal, Madhya Pradesh, India",2024-02-26T12:00:00,72.1,72.1,50.8,47.16,0,0,,0,0,21.7,9.8,86.8,1017,99.3,,699,2.5,7,,Overcast,cloudy,remote
"Bhopal, Madhya Pradesh, India",2024-02-26T13:00:00,73.1,73.1,53.1,49.57,0,0,,0,0,19.9,8.1,84.1,1016,99.3,,648.1,2.3,6,,Overcast,cloudy,remote
"Bhopal, Madhya Pradesh, India",2024-02-26T14:00:00,76.8,76.8,50,38.99,0,0,,0,0,18.1,7.4,25,1014.2,84.3,3.1,640.2,2.3,6,,Partially cloudy,partly-cloudy-day,"VABP,42667099999,42763099999"
"Bhopal, Madhya Pradesh, India",2024-02-26T15:00:00,77,77,50,38.78,0,0,,0,0,16.1,4.7,20,1014,88.9,3.7,463.6,1.7,5,,Partially cloudy,partly-cloudy-day,"VABP,42667099999"
"Bhopal, Madhya Pradesh, India",2024-02-26T16:00:00,77,77,51.8,41.45,0,0,,0,0,15.4,10.3,10,1014,88.9,3.7,528.1,1.9,5,,Partially cloudy,partly-cloudy-day,"VABP,42667099999"
"Bhopal, Madhya Pradesh, India",2024-02-26T17:00:00,75.7,75.7,53.6,46.25,0,0,,0,0,15.2,9,1,1013.7,84.5,3.1,342.8,1.2,3,,Partially cloudy,partly-cloudy-day,"VABP,42672099999,42667099999,42763099999"
"Bhopal, Madhya Pradesh, India",2024-02-26T18:00:00,73.4,73.4,51.8,46.74,0,0,,0,0,15,4.7,20,1015,0,3.1,162.8,0.6,2,,Clear,clear-day,"VABP,42667099999"
"Bhopal, Madhya Pradesh, India",2024-02-26T19:00:00,71.6,71.6,53.6,53.06,0,0,,0,0,11.4,3.4,40,1015,0,3.1,36.6,0.1,0,,Clear,clear-night,"VABP,42667099999"
"Bhopal, Madhya Pradesh, India",2024-02-26T20:00:00,70.5,70.5,55.5,59.06,0,0,,0,0,10.5,5.8,360,1015.3,73.5,3.2,0,0,0,,Partially cloudy,partly-cloudy-night,"VABP,42667099999"
"Bhopal, Madhya Pradesh, India",2024-02-26T21:00:00,69.8,69.8,51.8,52.8,0,0,,0,0,11.6,4.7,40,1017,0,3.1,0,0,0,,Clear,clear-night,"VABP,42667099999"
"Bhopal, Madhya Pradesh, India",2024-02-26T22:00:00,71.1,71.1,53.7,54.06,0,0,,0,0,12.3,6.7,72.4,1015,77.8,,0,0,0,,Partially cloudy,partly-cloudy-night,remote
"Bhopal, Madhya Pradesh, India",2024-02-26T23:00:00,66.3,66.3,52.4,60.98,0,0,,0,0,12.3,4.7,20,1015.5,45.7,2.5,0,0,0,,Partially cloudy,partly-cloudy-night,42667099999
"Bhopal, Madhya Pradesh, India",2024-02-27T00:00:00,67.7,67.7,51.3,55.75,0,0,,0,0,11.9,6.7,75.3,1015,14.2,,0,0,0,,Clear,clear-night,remote
"Bhopal, Madhya Pradesh, India",2024-02-27T01:00:00,67.4,67.4,51,55.7,0,0,,0,0,12.5,7.4,77.4,1015,3.8,,0,0,0,,Clear,clear-night,remote
"Bhopal, Madhya Pradesh, India",2024-02-27T02:00:00,62.7,62.7,48.3,59.29,0,0,,0,0,13.6,3.4,50,1014.9,7.9,2.5,0,0,0,,Clear,clear-night,42667099999
"Bhopal, Madhya Pradesh, India",2024-02-27T03:00:00,65,65,50.3,58.82,0,0,,0,0,13.9,8.1,95.5,1015,16.1,,0,0,0,,Clear,clear-night,remote
"Bhopal, Madhya Pradesh, India",2024-02-27T04:00:00,65,65,50.8,60.01,0,0,,0,0,13.9,6.3,87.7,1014,52,,0,0,0,,Partially cloudy,partly-cloudy-night,remote
"Bhopal, Madhya Pradesh, India",2024-02-27T05:00:00,64.1,64.1,50.1,60.41,0,0,,0,0,11.6,8.1,95,1014.6,30,2.8,0,0,0,,Partially cloudy,partly-cloudy-night,"VABP,42667099999"
"Bhopal, Madhya Pradesh, India",2024-02-27T06:00:00,64.4,64.4,51.8,63.62,0,0,,0,0,11.2,5.8,110,1016,0,3.1,0,0,0,,Clear,clear-night,"VABP,42667099999"
"Bhopal, Madhya Pradesh, India",2024-02-27T07:00:00,64.3,64.3,53.5,67.96,0,0,,0,0,13,4.7,110,1016,43.9,3.1,0,0,0,,Partially cloudy,partly-cloudy-day,VABP
"Bhopal, Madhya Pradesh, India",2024-02-27T08:00:00,68.2,68.2,56.3,65.86,0,0,,0,0,13,7.9,115,1016.3,45.2,2.9,24.7,0.1,0,,Partially cloudy,partly-cloudy-day,"VABP,42672099999,42667099999,42763099999"
"Bhopal, Madhya Pradesh, India",2024-02-27T09:00:00,71.6,71.6,60.8,68.77,0,0,,0,0,13,6.9,120,1018,88.9,3.1,178.6,0.6,2,,Partially cloudy,partly-cloudy-day,"VABP,42667099999"
"Bhopal, Madhya Pradesh, India",2024-02-27T10:00:00,69.3,69.3,60,72.14,0,0,,0,0,16.8,3.4,151.1,1017,29.8,,401.8,1.4,4,,Partially cloudy,partly-cloudy-day,remote
"Bhopal, Madhya Pradesh, India",2024-02-27T11:00:00,81.3,82.5,62.9,53.65,0,0,,0,0,19.5,10.2,109,1015.9,88.5,2.8,568,2,6,,Partially cloudy,partly-cloudy-day,"VABP,42667099999,42763099999"
"Bhopal, Madhya Pradesh, India",2024-02-27T12:00:00,84.2,85,62.6,48.35,0,0,,0,0,21,11.4,200,1017,88.9,3.7,764.3,2.8,8,,Partially cloudy,partly-cloudy-day,"VABP,42667099999"
"Bhopal, Madhya Pradesh, India",2024-02-27T13:00:00,84.2,85,62.6,48.35,0,0,,0,0,21.3,13.9,200,1016,50,3.7,751.8,2.7,8,,Partially cloudy,partly-cloudy-day,"VABP,42667099999"
"Bhopal, Madhya Pradesh, India",2024-02-27T14:00:00,87.5,87.7,61.5,41.88,0,0,,0,0,22.1,10.2,195,1012.4,50.1,3.1,770,2.8,8,,Partially cloudy,partly-cloudy-day,"VABP,42667099999,42763099999"
"Bhopal, Madhya Pradesh, India",2024-02-27T15:00:00,84.2,83.9,59,42.56,0,0,,0,0,19.5,6.9,200,1013,88,3.1,641.5,2.3,6,,Partially cloudy,partly-cloudy-day,"VABP,42667099999"
"Bhopal, Madhya Pradesh, India",2024-02-27T16:00:00,83.2,84.5,63.8,52.01,0,0,,0,0,18.3,6,307.2,1012,70.7,,516.9,1.9,5,,Partially cloudy,partly-cloudy-day,remote
"Bhopal, Madhya Pradesh, India",2024-02-27T17:00:00,64.5,64.5,63.1,95.3,0.591,100,rain,0,0,15,3.3,139,1014.5,89.1,2.8,265.7,1,3,,"Rain, Partially cloudy",rain,"VABP,42672099999,42667099999,42763099999"
"Bhopal, Madhya Pradesh, India",2024-02-27T18:00:00,64.4,64.4,64.4,100,0,0,,0,0,16.3,2.2,90,1015,88.9,3.1,119.1,0.4,1,,Partially cloudy,partly-cloudy-day,"VABP,42667099999"
"Bhopal, Madhya Pradesh, India",2024-02-27T19:00:00,66.2,66.2,64.4,93.93,0,0,,0,0,12.1,5.8,20,1015,88.9,2.5,25.6,0.1,0,,Partially cloudy,partly-cloudy-night,"VABP,42667099999"
"Bhopal, Madhya Pradesh, India",2024-02-27T20:00:00,64.4,64.4,63.6,97.11,0,0,,0,0,6.5,5.8,20,1015.5,88.9,2.5,0,0,0,,Partially cloudy,partly-cloudy-night,"VABP,42667099999"
"Bhopal, Madhya Pradesh, India",2024-02-27T21:00:00,68.4,68.4,66.3,92.82,0,0,,0,0,6.5,3.4,96,1015,17.7,,0,0,0,,Clear,clear-night,remote
"Bhopal, Madhya Pradesh, India",2024-02-27T22:00:00,67.9,67.9,65.4,91.65,0,0,,0,0,6,3.6,59.6,1016,2.8,,0,0,0,,Clear,clear-night,remote
"Bhopal, Madhya Pradesh, India",2024-02-27T23:00:00,60.8,60.8,59.4,95.07,0,0,,0,0,6.7,4.7,20,1016.7,45.4,1.6,0,0,0,,Partially cloudy,partly-cloudy-night,"VABP,42667099999"
"Bhopal, Madhya Pradesh, India",2024-02-28T00:00:00,65.2,65.2,62,89.27,0,0,,0,0,8.1,4.7,49.1,1016,0,,0,0,0,,Clear,clear-night,remote
"Bhopal, Madhya Pradesh, India",2024-02-28T01:00:00,65,65,60.9,86.46,0,0,,0,0,8.3,4.9,41.2,1016,0,,0,0,0,,Clear,clear-night,remote
"Bhopal, Madhya Pradesh, India",2024-02-28T02:00:00,59.1,59.1,57.3,93.75,0,0,,0,0,9.4,6.9,20,1015.4,0,1.2,0,0,0,,Clear,clear-night,42667099999
"Bhopal, Madhya Pradesh, India",2024-02-28T03:00:00,62.7,62.7,58.7,86.89,0,0,,0,0,9.8,5.4,40.4,1015,0,,0,0,0,,Clear,clear-night,remote
"Bhopal, Madhya Pradesh, India",2024-02-28T04:00:00,58.7,58.7,56.4,91.93,0,0,,0,0,9.8,6.5,37.3,1015,0,,0,0,0,,Clear,clear-night,remote
"Bhopal, Madhya Pradesh, India",2024-02-28T05:00:00,55.6,55.6,55.1,97.9,0,0,,0,0,9.8,3.4,25,1015.8,0,1.2,0,0,0,,Clear,clear-night,"VABP,42667099999"
"Bhopal, Madhya Pradesh, India",2024-02-28T06:00:00,57.2,57.2,57.2,100,0,0,,0,0,9.4,3.4,360,1016,0,1.2,0,0,0,,Clear,clear-night,"VABP,42667099999"
"Bhopal, Madhya Pradesh, India",2024-02-28T07:00:00,57.2,57.2,57.2,100,0,0,,0,0,8.9,4.7,360,1017,0,0.6,0,0,0,,Clear,fog,"VABP,42667099999"
"Bhopal, Madhya Pradesh, India",2024-02-28T08:00:00,58.8,58.8,55.2,87.89,0,0,,0,0,10.3,4.6,1,1017.9,100,1,33.1,0.1,0,,Overcast,cloudy,"VABP,42672099999,42667099999,42763099999"
"Bhopal, Madhya Pradesh, India",2024-02-28T09:00:00,66.2,66.2,64.4,93.93,0,0,,0,0,12.5,2.2,40,1019,0,1.9,214.5,0.8,2,,Clear,clear-day,"VABP,42667099999"
"Bhopal, Madhya Pradesh, India",2024-02-28T10:00:00,69.8,69.8,69.8,100,0,0,,0,0,13.9,2.2,10,1019,0,1.9,442.4,1.6,4,,Clear,clear-day,"VABP,42667099999"
"Bhopal, Madhya Pradesh, India",2024-02-28T11:00:00,74.1,74.1,66.4,77.02,0,0,,0,0,14.5,4.7,21,1017.2,0,1.9,641.2,2.3,6,,Clear,clear-day,"VABP,42667099999,42763099999"
"Bhopal, Madhya Pradesh, India",2024-02-28T12:00:00,77,77,69.8,78.5,0,0,,0,0,14.5,34.4,40,1017,0,2.5,787.8,2.8,8,,Clear,wind,"VABP,42667099999"
"Bhopal, Madhya Pradesh, India",2024-02-28T13:00:00,78.8,78.8,64.4,61.39,0,0,,0,0,13,2.2,10,1016,0,3.1,871.6,3.1,9,,Clear,clear-day,"VABP,42667099999"
"Bhopal, Madhya Pradesh, India",2024-02-28T14:00:00,79.3,79.3,59.1,50.09,0,0,,0,0,11.9,2.2,45,1013.8,0.8,3.1,874.2,3.1,9,,Clear,clear-day,"VABP,42667099999,42763099999"
"Bhopal, Madhya Pradesh, India",2024-02-28T15:00:00,80.6,80.8,57.2,44.83,0,0,,0,0,10.3,8.1,310,1014,0,3.7,803.2,2.9,8,,Clear,clear-day,"VABP,42667099999"
"Bhopal, Madhya Pradesh, India",2024-02-28T16:00:00,80.6,80.5,55.4,42,0,0,,0,0,10.5,5.8,360,1014,0,3.7,663.1,2.4,7,,Clear,clear-day,"VABP,42667099999"
"Bhopal, Madhya Pradesh, India",2024-02-28T17:00:00,80.4,80.6,56.9,44.58,0,0,,0,0,10.5,2.2,50,1012.9,0,3.1,470.2,1.7,5,,Clear,clear-day,"VABP,42672099999,42667099999,42763099999"
"Bhopal, Madhya Pradesh, India",2024-02-28T18:00:00,75.2,75.2,60.8,60.93,0,0,,0,0,10.1,3.4,20,1014,0,3.7,244.6,0.9,2,,Clear,clear-day,"VABP,42667099999"
"Bhopal, Madhya Pradesh, India",2024-02-28T19:00:00,73.4,73.4,60.8,64.72,0,0,,0,0,7.4,3.4,70,1015,0,3.7,45.4,0.2,0,,Clear,clear-night,"VABP,42667099999"
"Bhopal, Madhya Pradesh, India",2024-02-28T20:00:00,73.5,73.5,58.4,59.28,0,0,,0,0,7.2,3.4,70,1014.1,0.8,3.2,0,0,0,,Clear,clear-night,"VABP,42667099999"
"Bhopal, Madhya Pradesh, India",2024-02-28T21:00:00,69.8,69.8,60.8,73.11,0,0,,0,0,7.4,0,0,1016,0,3.7,0,0,0,,Clear,clear-night,"VABP,42667099999"
"Bhopal, Madhya Pradesh, India",2024-02-28T22:00:00,71,71,61.1,70.93,0,0,,0,0,7.6,4.7,51.2,1015,0,,0,0,0,,Clear,clear-night,remote
"Bhopal, Madhya Pradesh, India",2024-02-28T23:00:00,66.7,66.7,65,94.36,0,0,,0,0,7.8,0,0,1015.3,0,2.5,0,0,0,,Clear,clear-night,"VABP,42667099999"
"Bhopal, Madhya Pradesh, India",2024-02-29T00:00:00,67.4,67.4,59.4,75.75,0,0,,0,0,7.6,5.1,45.5,1015,0,,0,0,0,,Clear,clear-night,remote
"Bhopal, Madhya Pradesh, India",2024-02-29T01:00:00,66.8,66.8,58.6,74.73,0,0,,0,0,8.9,5.1,48,1014,0,,0,0,0,,Clear,clear-night,remote
"Bhopal, Madhya Pradesh, India",2024-02-29T02:00:00,63.6,63.6,56.4,77.39,0,0,,0,0,8.5,4.7,51.1,1014,0,,0,0,0,,Clear,clear-night,remote
"Bhopal, Madhya Pradesh, India",2024-02-29T03:00:00,63.2,63.2,55.1,74.88,0,0,,0,0,7.6,4.7,53.1,1014,0,,0,0,0,,Clear,clear-night,remote
"Bhopal, Madhya Pradesh, India",2024-02-29T04:00:00,60.5,60.5,54.2,79.71,0,0,,0,0,7.4,4.3,49.3,1014,0,,0,0,0,,Clear,clear-night,remote
"Bhopal, Madhya Pradesh, India",2024-02-29T05:00:00,61.3,61.3,60.5,97.08,0,0,,0,0,7.4,0,0,1014.6,0,2.5,0,0,0,,Clear,clear-night,"VABP,42667099999"
"Bhopal, Madhya Pradesh, India",2024-02-29T06:00:00,59,59,59,100,0,0,,0,0,7.6,2.2,350,1015,0,2.5,0,0,0,,Clear,clear-night,"VABP,42667099999"
"Bhopal, Madhya Pradesh, India",2024-02-29T07:00:00,64.4,64.4,62.6,93.88,0,0,,0,0,7.6,0,0,1017,0,1.9,0,0,0,,Clear,clear-day,"VABP,42667099999"
"Bhopal, Madhya Pradesh, India",2024-02-29T08:00:00,68.4,68.4,58,69.46,0,0,,0,0,8.3,5.7,90,1016.4,2.7,1.6,35.5,0.1,0,,Clear,clear-day,"VABP,42672099999,42667099999,42763099999"
"Bhopal, Madhya Pradesh, India",2024-02-29T09:00:00,73.4,73.4,59,60.7,0,0,,0,0,11.2,6.9,110,1018,0,2.5,221.3,0.8,2,,Clear,clear-day,"VABP,42667099999"
"Bhopal, Madhya Pradesh, India",2024-02-29T10:00:00,77,77,55.4,47.28,0,0,,0,0,13.2,8.1,110,1018,0,3.1,440.2,1.6,4,,Clear,clear-day,"VABP,42667099999"
"Bhopal, Madhya Pradesh, India",2024-02-29T11:00:00,79.8,79.8,56.5,44.87,0,0,,0,0,14.5,8,134,1016.4,2.3,3.1,635.9,2.3,6,,Clear,clear-day,"VABP,42667099999,42763099999"
"Bhopal, Madhya Pradesh, India",2024-02-29T12:00:00,79.6,79.6,57.6,47.06,0,0,,0,0,15,4.9,109,1016,1.5,,778,2.8,8,,Clear,clear-day,remote
"Bhopal, Madhya Pradesh, India",2024-02-29T13:00:00,84.2,81.9,46.4,26.79,0,0,,0,0,13.2,4.7,110,1016,0,3.7,872,3.1,9,,Clear,clear-day,"VABP,42667099999"
"Bhopal, Madhya Pradesh, India",2024-02-29T14:00:00,82.9,81.9,54.4,37.63,0,0,,0,0,12.1,3.4,145,1013.5,0,3.2,878.7,3.2,9,,Clear,clear-day,"VABP,42667099999"
"Bhopal, Madhya Pradesh, India",2024-02-29T15:00:00,86,83.9,51.8,30.93,0,0,,0,0,11,4.7,50,1014,0,3.7,819.2,2.9,8,,Clear,clear-day,"VABP,42667099999"
"Bhopal, Madhya Pradesh, India",2024-02-29T16:00:00,85.2,86.2,63.2,47.89,0,0,,0,0,9.4,2,230.1,1012,31.3,,655.8,2.4,7,,Partially cloudy,partly-cloudy-day,remote
"Bhopal, Madhya Pradesh, India",2024-02-29T17:00:00,84.7,83.4,55.3,36.62,0,0,,0,0,7.4,3.3,70,1012.1,30,3.2,412.5,1.5,4,,Partially cloudy,partly-cloudy-day,"VABP,42672099999,42667099999,42763099999"
"Bhopal, Madhya Pradesh, India",2024-02-29T18:00:00,80.6,80.5,55.4,42,0,0,,0,0,6.5,2.2,50,1014,0,3.7,154.5,0.6,2,,Clear,clear-day,"VABP,42667099999"
"Bhopal, Madhya Pradesh, India",2024-02-29T19:00:00,78.7,78.7,55.3,44.54,0,0,,0,0,5.6,3.4,70,1015,20.8,3.1,39.1,0.1,0,,Partially cloudy,partly-cloudy-night,VABP
"Bhopal, Madhya Pradesh, India",2024-02-29T20:00:00,77,77,54.8,46.36,0,0,,0,0,7.4,5.8,90,1013.6,24,2.8,0,0,0,,Partially cloudy,partly-cloudy-night,"VABP,42667099999"
"Bhopal, Madhya Pradesh, India",2024-02-29T21:00:00,75.2,75.2,53.6,47.01,0,0,,0,0,8.3,3.4,100,1016,0,3.1,0,0,0,,Clear,clear-night,"VABP,42667099999"
"Bhopal, Madhya Pradesh, India",2024-02-29T22:00:00,71.6,71.6,60.8,68.77,0,0,,0,0,8.3,3.4,30,1016,0,3.1,0,0,0,,Clear,clear-night,"VABP,42667099999"
"Bhopal, Madhya Pradesh, India",2024-02-29T23:00:00,72.2,72.2,52.4,49.76,0,0,,0,0,7.8,2.2,70,1014.3,0,2.5,0,0,0,,Clear,clear-night,42667099999
