name,datetime,temp,feelslike,dew,humidity,precip,precipprob,preciptype,snow,snowdepth,windgust,windspeed,winddir,sealevelpressure,cloudcover,visibility,solarradiation,solarenergy,uvindex,severerisk,conditions,icon,stations
"Bhopal, Madhya Pradesh, India",2025-09-01T00:00:00,76.4,76.4,74.7,94.74,0.016,100,rain,0,0,11,6.5,244,1005,100,,0,0,0,,"Rain, Overcast",rain,remote
"Bhopal, Madhya Pradesh, India",2025-09-01T01:00:00,75.1,75.1,73.3,94.15,0.031,100,rain,0,0,13,9.2,230,1005,88,2.5,0,0,0,,"Rain, Partially cloudy",rain,VABP
"Bhopal, Madhya Pradesh, India",2025-09-01T02:00:00,75.1,75.1,73.3,94.15,0.024,100,rain,0,0,13.2,6.9,250,1004,88,2.5,0,0,0,,"Rain, Partially cloudy",rain,VABP
"Bhopal, Madhya Pradesh, India",2025-09-01T03:00:00,75.8,75.8,74.4,95.31,0.016,100,rain,0,0,13.9,7.4,257.2,1003,100,,0,0,0,,"Rain, Overcast",rain,remote
"Bhopal, Madhya Pradesh, India",2025-09-01T04:00:00,73.3,73.3,71.5,94.1,0.016,100,rain,0,0,14.5,5.8,230,1004,88,2.5,0,0,0,,"Rain, Partially cloudy",rain,VABP
"Bhopal, Madhya Pradesh, India",2025-09-01T05:00:00,73.3,73.3,73.3,100,0.008,100,rain,0,0,15.9,8.1,250,1004,88,1.9,0,0,0,,"Rain, Partially cloudy",rain,VABP
"Bhopal, Madhya Pradesh, India",2025-09-01T06:00:00,73.3,73.3,73.3,100,0.004,100,rain,0,0,16.1,4.7,260,1004,88,1.2,0,0,0,,"Rain, Partially cloudy",rain,VABP
"Bhopal, Madhya Pradesh, India",2025-09-01T07:00:00,73.3,73.3,73.3,100,0.008,100,rain,0,0,16.3,5.8,230,1005,88,1.2,1.2,0,0,,"Rain, Partially cloudy",rain,VABP
"Bhopal, Madhya Pradesh, India",2025-09-01T08:00:00,73.3,73.3,71.5,94.1,0.008,100,rain,0,0,15.2,6.9,210,1005,88,1.9,30.2,0.1,0,,"Rain, Partially cloudy",rain,VABP
"Bhopal, Madhya Pradesh, India",2025-09-01T09:00:00,77.1,77.1,73.8,89.76,0.008,100,rain,0,0,17,7.2,262.9,1004,100,,95.6,0.3,1,,"Rain, Overcast",rain,remote
"Bhopal, Madhya Pradesh, India",2025-09-01T10:00:00,76.9,76.9,73.3,88.68,0.004,100,rain,0,0,21.3,11.4,250,1005,88,1.9,221.3,0.8,2,,"Rain, Partially cloudy",rain,VABP
"Bhopal, Madhya Pradesh, India",2025-09-01T11:00:00,80.5,85.1,73.3,78.77,0.004,100,rain,0,0,20.1,10.3,240,1005,88,1.9,179.8,0.6,2,,"Rain, Partially cloudy",rain,VABP
"Bhopal, Madhya Pradesh, India",2025-09-01T12:00:00,81.6,88.3,75.6,82.25,0.004,100,rain,0,0,19.2,7.2,259.6,1004,98.4,,268.2,1,3,,"Rain, Overcast",rain,remote
"Bhopal, Madhya Pradesh, India",2025-09-01T13:00:00,81.1,87.4,75.8,84.21,0.008,100,rain,0,0,15.9,7.6,260.7,1003,100,,462.3,1.7,5,,"Rain, Overcast",rain,remote
"Bhopal, Madhya Pradesh, India",2025-09-01T14:00:00,80.5,85.9,75.1,83.67,0.028,100,rain,0,0,16.8,13.9,270,1003,88,2.5,349.2,1.3,3,,"Rain, Partially cloudy",rain,VABP
"Bhopal, Madhya Pradesh, India",2025-09-01T15:00:00,75.1,75.1,73.3,94.15,0.311,100,rain,0,0,19.2,8.1,260,1002,88,1.9,313,1.1,3,,"Rain, Partially cloudy",rain,VABP
"Bhopal, Madhya Pradesh, India",2025-09-01T16:00:00,78.7,78.7,75.1,88.75,0.094,100,rain,0,0,19.2,5.8,250,1002,88,2.5,110.9,0.4,1,,"Rain, Partially cloudy",rain,VABP
"Bhopal, Madhya Pradesh, India",2025-09-01T17:00:00,78.7,78.7,73.3,83.56,0.031,100,rain,0,0,14.8,6.9,260,1002,88,3.1,37.7,0.1,0,,"Rain, Partially cloudy",rain,VABP
"Bhopal, Madhya Pradesh, India",2025-09-01T18:00:00,76.9,76.9,73.3,88.68,0.016,100,rain,0,0,12.1,5.8,240,1003,88,3.1,50,0.2,1,,"Rain, Partially cloudy",rain,VABP
"Bhopal, Madhya Pradesh, India",2025-09-01T19:00:00,75.1,75.1,71.5,88.6,0.008,100,rain,0,0,10.7,2.2,230,1004,88,3.1,20.1,0.1,0,,"Rain, Partially cloudy",rain,VABP
"Bhopal, Madhya Pradesh, India",2025-09-01T20:00:00,75.1,75.1,75.1,100,0.008,100,rain,0,0,8.3,2.2,180,1005,88,2.5,0.1,0,0,,"Rain, Partially cloudy",rain,VABP
"Bhopal, Madhya Pradesh, India",2025-09-01T21:00:00,76.4,76.4,75.1,95.89,0.008,100,rain,0,0,8.3,3.8,230.6,1003,100,,0,0,0,,"Rain, Overcast",rain,remote
"Bhopal, Madhya Pradesh, India",2025-09-01T22:00:00,76.4,76.4,74.9,95.32,0.004,100,rain,0,0,8.7,4.5,224.7,1004,99.8,,0,0,0,,"Rain, Overcast",rain,remote
"Bhopal, Madhya Pradesh, India",2025-09-01T23:00:00,75.1,75.1,73.3,94.15,0.016,100,rain,0,0,10.1,2.2,180,1005,88,2.5,0,0,0,,"Rain, Partially cloudy",rain,VABP
"Bhopal, Madhya Pradesh, India",2025-09-02T00:00:00,75.5,75.5,74.4,96.46,0.004,100,rain,0,0,10.3,5.1,219.6,1004,100,,0,0,0,,"Rain, Overcast",rain,remote
"Bhopal, Madhya Pradesh, India",2025-09-02T01:00:00,75.1,75.1,73.3,94.15,0,0,,0,0,10.1,4.7,200,1004,88,2.5,0,0,0,,Partially cloudy,partly-cloudy-night,VABP
"Bhopal, Madhya Pradesh, India",2025-09-02T02:00:00,73.3,73.3,73.3,100,0,0,,0,0,10.7,4.7,230,1004,88,2.5,0,0,0,,Partially cloudy,partly-cloudy-night,VABP
"Bhopal, Madhya Pradesh, India",2025-09-02T03:00:00,75.1,75.1,73.7,95.29,0,0,,0,0,11.2,6.3,233.4,1002,99.9,,0,0,0,,Overcast,cloudy,remote
"Bhopal, Madhya Pradesh, India",2025-09-02T04:00:00,74.7,74.7,73.1,94.71,0,0,,0,0,11.4,6.5,244.7,1002,100,,0,0,0,,Overcast,cloudy,remote
"Bhopal, Madhya Pradesh, India",2025-09-02T05:00:00,73.3,73.3,73.3,100,0,0,,0,0,11.2,6.9,230,1003,88,2.5,0,0,0,,Partially cloudy,partly-cloudy-night,VABP
"Bhopal, Madhya Pradesh, India",2025-09-02T06:00:00,73.3,73.3,73.3,100,0,0,,0,0,11.2,6.9,230,1004,88,1.9,0,0,0,,Partially cloudy,partly-cloudy-night,VABP
"Bhopal, Madhya Pradesh, India",2025-09-02T07:00:00,73.3,73.3,73.3,100,0,0,,0,0,11.2,6.9,240,1005,88,1.9,3.9,0,0,,Partially cloudy,partly-cloudy-day,VABP
"Bhopal, Madhya Pradesh, India",2025-09-02T08:00:00,76.9,76.9,73.3,88.68,0,0,,0,0,10.7,6.9,250,1006,88,2.5,74.2,0.3,1,,Partially cloudy,partly-cloudy-day,VABP
"Bhopal, Madhya Pradesh, India",2025-09-02T09:00:00,78.7,78.7,73.3,83.56,0.004,100,rain,0,0,15.4,11.4,270,1006,88,2.5,175.3,0.6,2,,"Rain, Partially cloudy",rain,VABP
"Bhopal, Madhya Pradesh, India",2025-09-02T10:00:00,78.7,78.7,71.5,78.63,0.008,100,rain,0,0,16.8,11.4,260,1006,88,2.5,292.9,1.1,3,,"Rain, Partially cloudy",rain,VABP
"Bhopal, Madhya Pradesh, India",2025-09-02T11:00:00,80.5,85.9,75.1,83.67,0.004,100,rain,0,0,16.1,11.4,270,1005,88,3.1,368.8,1.3,4,,"Rain, Partially cloudy",rain,VABP
"Bhopal, Madhya Pradesh, India",2025-09-02T12:00:00,78.7,78.7,73.3,83.56,0.004,100,rain,0,0,15.7,9.2,270,1005,88,1.9,473.9,1.7,5,,"Rain, Partially cloudy",rain,VABP
"Bhopal, Madhya Pradesh, India",2025-09-02T13:00:00,78.7,78.7,75.1,88.75,0.004,100,rain,0,0,12.8,9.2,290,1004,88,3.1,362.6,1.3,4,,"Rain, Partially cloudy",rain,VABP
"Bhopal, Madhya Pradesh, India",2025-09-02T14:00:00,78.7,78.7,73.3,83.56,0.098,100,rain,0,0,13.6,5.8,300,1003,88,1.9,288.7,1,3,,"Rain, Partially cloudy",rain,VABP
"Bhopal, Madhya Pradesh, India",2025-09-02T15:00:00,75.1,75.1,73.3,94.15,0.028,100,rain,0,0,13.4,4.7,310,1003,88,1.9,394.3,1.4,4,,"Rain, Partially cloudy",rain,VABP
"Bhopal, Madhya Pradesh, India",2025-09-02T16:00:00,73.3,73.3,73.3,100,0.012,100,rain,0,0,13.2,6.9,260,1003,100,1.2,236.6,0.9,2,,"Rain, Overcast",rain,VABP
"Bhopal, Madhya Pradesh, India",2025-09-02T17:00:00,73.3,73.3,71.5,94.1,0.11,100,rain,0,0,12.1,4.7,340,1003,100,1.2,182.7,0.7,2,,"Rain, Overcast",rain,VABP
"Bhopal, Madhya Pradesh, India",2025-09-02T18:00:00,73.3,73.3,73.3,100,0.004,100,rain,0,0,11.4,4.7,280,1004,100,1.2,150.1,0.5,2,,"Rain, Overcast",rain,VABP
"Bhopal, Madhya Pradesh, India",2025-09-02T19:00:00,73.3,73.3,73.3,100,0,0,,0,0,10.7,4.7,270,1004,100,1.9,44.3,0.2,0,,Overcast,cloudy,VABP
"Bhopal, Madhya Pradesh, India",2025-09-02T20:00:00,75.2,75.2,73.9,95.78,0,0,,0,0,7.8,3.4,271,1002.9,100,1.3,0.1,0,0,,Overcast,cloudy,"VABP,INMU0020417,INI0000VABP"
"Bhopal, Madhya Pradesh, India",2025-09-02T21:00:00,73.3,73.3,71.5,94.1,0.004,100,rain,0,0,8.5,3.4,270,1006,88,1.9,0,0,0,,"Rain, Partially cloudy",rain,VABP
"Bhopal, Madhya Pradesh, India",2025-09-02T22:00:00,73.3,73.3,71.5,94.1,0.02,100,rain,0,0,8.9,4.7,230,1006,88,1.9,0,0,0,,"Rain, Partially cloudy",rain,VABP
"Bhopal, Madhya Pradesh, India",2025-09-02T23:00:00,74.4,74.4,72.7,94.42,0.102,100,rain,0,0,7.2,5.8,250,1003.5,88,1.3,0,0,0,,"Rain, Partially cloudy",rain,"VABP,INMU0020417,INI0000VABP"
"Bhopal, Madhya Pradesh, India",2025-09-03T00:00:00,75.5,75.5,74,95.3,0.134,100,rain,0,0,6.9,5.4,291.6,1004,100,,0,0,0,,"Rain, Overcast",rain,remote
"Bhopal, Madhya Pradesh, India",2025-09-03T01:00:00,71.7,71.7,71.7,100,0.02,100,rain,0,0,9.8,8.1,290,1005,72.8,1.9,0,0,0,,"Rain, Partially cloudy",rain,"VABP,INMU0020417,INI0000VABP"
"Bhopal, Madhya Pradesh, India",2025-09-03T02:00:00,71.7,71.7,71.7,100,0.035,100,rain,0,0,10.7,8.1,290,1001.9,72.8,1.9,0,0,0,,"Rain, Partially cloudy",rain,"VABP,INMU0020417,INI0000VABP"
"Bhopal, Madhya Pradesh, India",2025-09-03T03:00:00,75.3,75.3,74.4,97.04,0.031,100,rain,0,0,13,7.4,329,1003,100,,0,0,0,,"Rain, Overcast",rain,remote
"Bhopal, Madhya Pradesh, India",2025-09-03T04:00:00,71.7,71.7,71.7,100,0.02,100,rain,0,0,14.3,5.8,300,1004,94.6,1.9,0,0,0,,"Rain, Overcast",rain,"VABP,INMU0020417,INI0000VABP"
"Bhopal, Madhya Pradesh, India",2025-09-03T05:00:00,71.7,71.7,71.7,100,0.008,100,rain,0,0,15.7,6.9,310,1001.7,94.6,1.9,0,0,0,,"Rain, Overcast",rain,"VABP,INMU0020417,INI0000VABP"
"Bhopal, Madhya Pradesh, India",2025-09-03T06:00:00,71.7,71.7,71.7,100,0.008,100,rain,0,0,16.3,11.4,280,1004,94.6,1.9,0,0,0,,"Rain, Overcast",rain,"VABP,INMU0020417,INI0000VABP"
"Bhopal, Madhya Pradesh, India",2025-09-03T07:00:00,73.3,73.3,71.5,94.1,0.008,100,rain,0,0,16.1,10.3,300,1005,88,1.9,1.4,0,0,,"Rain, Partially cloudy",rain,VABP
"Bhopal, Madhya Pradesh, India",2025-09-03T08:00:00,75.3,75.3,71.7,88.61,0.004,100,rain,0,0,15.4,11.4,331,1003.1,96.4,1.9,21.9,0.1,0,,"Rain, Overcast",rain,"VABP,INM00042763,INMU0020417,INM00042672,INI0000VABP"
"Bhopal, Madhya Pradesh, India",2025-09-03T09:00:00,75.3,75.3,73.5,94.15,0,0,,0,0,19.9,8.1,340,1005,81.4,1.9,97.2,0.3,1,,Partially cloudy,partly-cloudy-day,"VABP,INMU0020417,INI0000VABP"
"Bhopal, Madhya Pradesh, India",2025-09-03T10:00:00,77.1,77.1,75.3,94.19,0.004,100,rain,0,0,20.8,8.1,320,1005,81.4,1.9,179.1,0.6,2,,"Rain, Partially cloudy",rain,"VABP,INMU0020417,INI0000VABP"
"Bhopal, Madhya Pradesh, India",2025-09-03T11:00:00,78.9,78.9,73.5,83.58,0.004,100,rain,0,0,21.7,8,330,1002.1,96.5,1.9,207.4,0.7,2,,"Rain, Overcast",rain,"VABP,INM00042763,INMU0020417,INI0000VABP"
"Bhopal, Madhya Pradesh, India",2025-09-03T12:00:00,78.9,78.9,73.5,83.57,0.004,100,rain,0,0,20.6,9.2,320,1004,96.5,2.5,263.3,0.9,3,,"Rain, Overcast",rain,"VABP,INMU0020417,INI0000VABP"
"Bhopal, Madhya Pradesh, India",2025-09-03T13:00:00,80.7,85.5,73.5,78.79,0.016,100,rain,0,0,15.4,2.2,330,1003,72.8,2.5,170,0.6,2,,"Rain, Partially cloudy",rain,"VABP,INMU0020417,INI0000VABP"
"Bhopal, Madhya Pradesh, India",2025-09-03T14:00:00,73.5,73.5,71.7,94.11,0.028,100,rain,0,0,14.3,17.2,340,999.9,82,0.6,321.5,1.2,3,,"Rain, Partially cloudy",rain,"VABP,INM00042763,INMU0020417,INI0000VABP"
"Bhopal, Madhya Pradesh, India",2025-09-03T15:00:00,81.8,89,76.2,83.25,0.047,100,rain,0,0,13.2,5.6,350.6,1001,100,,171.9,0.6,2,,"Rain, Overcast",rain,remote
"Bhopal, Madhya Pradesh, India",2025-09-03T16:00:00,77.6,77.6,75.3,92.53,0.028,100,rain,0,0,10.5,6,353,1000,98.2,,128.3,0.5,1,,"Rain, Overcast",rain,remote
"Bhopal, Madhya Pradesh, India",2025-09-03T17:00:00,75.3,75.3,75.3,99.99,0.035,100,rain,0,0,10.7,8,291,998.6,94.5,2.5,86.6,0.3,1,,"Rain, Overcast",rain,"VABP,INM00042763,INMU0020417,INM00042672,INI0000VABP"
"Bhopal, Madhya Pradesh, India",2025-09-03T18:00:00,75.3,75.3,75.3,100,0.008,100,rain,0,0,10.5,10.3,280,1002,94.6,2.5,49.7,0.2,0,,"Rain, Overcast",rain,"VABP,INMU0020417,INI0000VABP"
"Bhopal, Madhya Pradesh, India",2025-09-03T19:00:00,78,78,75.3,91.43,0.051,100,rain,0,0,11.4,6.9,300.8,1000,100,,8.4,0,0,,"Rain, Overcast",rain,remote
"Bhopal, Madhya Pradesh, India",2025-09-03T20:00:00,75.2,75.2,74.5,97.74,0.083,100,rain,0,0,13,4.7,320,1001.1,60.5,1.2,0,0,0,,"Rain, Partially cloudy",rain,"VABP,INMU0020417,INI0000VABP"
"Bhopal, Madhya Pradesh, India",2025-09-03T21:00:00,73.3,73.3,73.3,100,0.146,100,rain,0,0,14.3,6.9,310,1004,88,2.5,0,0,0,,"Rain, Partially cloudy",rain,VABP
"Bhopal, Madhya Pradesh, India",2025-09-03T22:00:00,73.3,73.3,71.5,94.1,0.122,100,rain,0,0,15.2,6.9,320,1004,88,0.6,0,0,0,,"Rain, Partially cloudy",rain,VABP
"Bhopal, Madhya Pradesh, India",2025-09-03T23:00:00,74.8,74.8,74.4,98.56,0.059,100,rain,0,0,15.7,9.2,290,1001.1,60.5,1.2,0,0,0,,"Rain, Partially cloudy",rain,"VABP,INMU0020417,INI0000VABP"
"Bhopal, Madhya Pradesh, India",2025-09-04T00:00:00,75.6,75.6,74.9,97.63,0.028,100,rain,0,0,14.8,5.8,39.1,1001,100,,0,0,0,,"Rain, Overcast",rain,remote
"Bhopal, Madhya Pradesh, India",2025-09-04T01:00:00,75.1,75.1,73.3,94.15,0.043,100,rain,0,0,14.3,3.4,350,1002,88,1.9,0,0,0,,"Rain, Partially cloudy",rain,VABP
"Bhopal, Madhya Pradesh, India",2025-09-04T02:00:00,75.3,75.3,74,95.79,0.008,100,rain,0,0,16.3,6.9,90,999.1,82.3,1.3,0,0,0,,"Rain, Partially cloudy",rain,"VABP,INMU0020417,INI0000VABP"
"Bhopal, Madhya Pradesh, India",2025-09-04T03:00:00,75.6,75.6,74.7,97.04,0,0,,0,0,16.8,9.6,92,1000,100,,0,0,0,,Overcast,cloudy,remote
"Bhopal, Madhya Pradesh, India",2025-09-04T04:00:00,73.5,73.5,71.7,94.11,0,0,,0,0,16.8,9.2,80,1002,94.6,1.9,0,0,0,,Overcast,cloudy,"VABP,INMU0020417,INI0000VABP"
"Bhopal, Madhya Pradesh, India",2025-09-04T05:00:00,73.5,73.5,71.7,94.11,0,0,,0,0,15.9,6.9,80,1000.2,94.6,1.9,0,0,0,,Overcast,cloudy,"VABP,INMU0020417,INI0000VABP"
"Bhopal, Madhya Pradesh, India",2025-09-04T06:00:00,73.5,73.5,71.7,94.11,0,0,,0,0,15.4,5.8,60,1003,94.6,1.9,0,0,0,,Overcast,cloudy,"VABP,INMU0020417,INI0000VABP"
"Bhopal, Madhya Pradesh, India",2025-09-04T07:00:00,75.5,75.5,74.2,95.88,0,0,,0,0,15,7.4,97,1002,84.7,,1.7,0,0,,Partially cloudy,partly-cloudy-day,remote
"Bhopal, Madhya Pradesh, India",2025-09-04T08:00:00,73.5,73.5,73.5,100,0.004,100,rain,0,0,15.7,5.8,51,1002,96.4,2.5,34.6,0.1,0,,"Rain, Overcast",rain,"VABP,INM00042763,INMU0020417,INM00042672,INI0000VABP"
"Bhopal, Madhya Pradesh, India",2025-09-04T09:00:00,75.3,75.3,73.5,94.15,0.004,100,rain,0,0,17.2,9.2,90,1005,96.5,2.5,151,0.5,2,,"Rain, Overcast",rain,"VABP,INMU0020417,INI0000VABP"
"Bhopal, Madhya Pradesh, India",2025-09-04T10:00:00,76.9,76.9,73.1,88.14,0.004,100,rain,0,0,19.7,9.4,102.2,1003,63.4,,378.5,1.4,4,,"Rain, Partially cloudy",rain,remote
"Bhopal, Madhya Pradesh, India",2025-09-04T11:00:00,77.1,77.1,77.1,100,0.004,100,rain,0,0,21.3,9.2,110,1001.5,96.5,2.5,572.7,2.1,6,,"Rain, Overcast",rain,"VABP,INM00042763,INMU0020417,INI0000VABP"
"Bhopal, Madhya Pradesh, India",2025-09-04T12:00:00,82.3,89.9,76,81.32,0,0,,0,0,21.3,9.4,108.5,1002,53.6,,548.9,2,5,,Partially cloudy,partly-cloudy-day,remote
"Bhopal, Madhya Pradesh, India",2025-09-04T13:00:00,82.5,94.4,80.7,94.32,0.008,100,rain,0,0,20.6,6.9,130,1003,96.5,2.5,692.2,2.5,7,,"Rain, Overcast",rain,"VABP,INMU0020417,INI0000VABP"
"Bhopal, Madhya Pradesh, India",2025-09-04T14:00:00,82.5,88.4,73.5,74.32,0.004,100,rain,0,0,18.6,9.2,110,998.6,81.3,3.1,683,2.5,7,,"Rain, Partially cloudy",rain,"VABP,INM00042763,INMU0020417,INI0000VABP"
"Bhopal, Madhya Pradesh, India",2025-09-04T15:00:00,84.6,94.3,76.4,76.31,0.012,100,rain,0,0,16.8,6.5,134,1000,87.7,,441.8,1.6,4,,"Rain, Partially cloudy",rain,remote
"Bhopal, Madhya Pradesh, India",2025-09-04T16:00:00,82.5,88.4,73.5,74.31,0.055,100,rain,0,0,14.8,8.1,130,1001,96.5,3.1,392.2,1.4,4,,"Rain, Overcast",rain,"VABP,INMU0020417,INI0000VABP"
"Bhopal, Madhya Pradesh, India",2025-09-04T17:00:00,82.5,87.3,71.7,69.95,0.055,100,rain,0,0,14.8,6.9,171,998.1,96.4,3.1,254.8,0.9,3,,"Rain, Overcast",rain,"VABP,INM00042763,INMU0020417,INM00042672,INI0000VABP"
"Bhopal, Madhya Pradesh, India",2025-09-04T18:00:00,78.9,78.9,71.7,78.65,0.02,100,rain,0,0,14.1,6.9,140,1002,81.4,3.1,132.1,0.5,1,,"Rain, Partially cloudy",rain,"VABP,INMU0020417,INI0000VABP"
"Bhopal, Madhya Pradesh, India",2025-09-04T19:00:00,77.1,77.1,71.7,83.46,0,0,,0,0,11.6,8.1,190,1003,94.6,2.5,15.9,0.1,0,,Overcast,cloudy,"VABP,INMU0020417,INI0000VABP"
"Bhopal, Madhya Pradesh, India",2025-09-04T20:00:00,75.3,75.3,73.5,94.15,0.004,100,rain,0,0,10.3,8.1,160,1001.1,93.7,2.5,0,0,0,,"Rain, Overcast",rain,"VABP,INMU0020417,INI0000VABP"
"Bhopal, Madhya Pradesh, India",2025-09-04T21:00:00,75.3,75.3,71.7,88.6,0,0,,0,0,9.6,8.1,160,1004,72.8,2.5,0,0,0,,Partially cloudy,partly-cloudy-night,"VABP,INMU0020417,INI0000VABP"
"Bhopal, Madhya Pradesh, India",2025-09-04T22:00:00,75.3,75.3,73.5,94.15,0,0,,0,0,8.9,5.8,180,1004,81.4,2.5,0,0,0,,Partially cloudy,partly-cloudy-night,"VABP,INMU0020417,INI0000VABP"
"Bhopal, Madhya Pradesh, India",2025-09-04T23:00:00,75.3,75.3,73.5,94.15,0,0,,0,0,7.4,5.8,180,1001.8,81.4,2.5,0,0,0,,Partially cloudy,partly-cloudy-night,"VABP,INMU0020417,INI0000VABP"
"Bhopal, Madhya Pradesh, India",2025-09-05T00:00:00,76.4,76.4,75.1,95.89,0,0,,0,0,6.9,2.7,151.3,1002,100,,0,0,0,,Overcast,cloudy,remote
"Bhopal, Madhya Pradesh, India",2025-09-05T01:00:00,76.2,76.2,75.3,97.05,0,0,,0,0,6.5,3.6,145.9,1002,100,,0,0,0,,Overcast,cloudy,remote
"Bhopal, Madhya Pradesh, India",2025-09-05T02:00:00,75.3,75.3,73.5,94.15,0,0,,0,0,6.7,5.8,180,999.9,81.4,1.9,0,0,0,,Partially cloudy,partly-cloudy-night,"VABP,INMU0020417,INI0000VABP"
"Bhopal, Madhya Pradesh, India",2025-09-05T03:00:00,75.3,75.3,74.7,98.21,0,0,,0,0,7.2,4.3,189.1,1001,100,,0,0,0,,Overcast,cloudy,remote
"Bhopal, Madhya Pradesh, India",2025-09-05T04:00:00,73.5,73.5,73.5,100,0.004,100,rain,0,0,7.2,6.9,190,1003,73.7,1.2,0,0,0,,"Rain, Partially cloudy",rain,"VABP,INMU0020417,INI0000VABP"
"Bhopal, Madhya Pradesh, India",2025-09-05T05:00:00,73.5,73.5,73.5,100,0,0,,0,0,6.5,4.7,180,1000.8,94.6,1.2,0,0,0,,Overcast,cloudy,"VABP,INMU0020417,INI0000VABP"
"Bhopal, Madhya Pradesh, India",2025-09-05T06:00:00,73.5,73.5,73.5,100,0,0,,0,0,7.2,6.9,180,1002,0,0.6,0,0,0,,Clear,fog,"INMU0020417,INI0000VABP"
"Bhopal, Madhya Pradesh, India",2025-09-05T07:00:00,75.3,75.3,73.5,94.15,0,0,,0,0,10.1,5.8,180,1004,81.4,1.2,2.4,0,0,,Partially cloudy,partly-cloudy-day,"VABP,INMU0020417,INI0000VABP"
"Bhopal, Madhya Pradesh, India",2025-09-05T08:00:00,73.5,73.5,73.5,99.99,0.004,100,rain,0,0,12.5,8,170,1002.7,81.3,1.2,25.6,0.1,0,,"Rain, Partially cloudy",rain,"VABP,INM00042763,INMU0020417,INM00042672,INI0000VABP"
"Bhopal, Madhya Pradesh, India",2025-09-05T09:00:00,75.3,75.3,73.5,94.15,0.004,100,rain,0,0,15.7,10.3,170,1006,81.4,1.2,63.8,0.2,1,,"Rain, Partially cloudy",rain,"VABP,INMU0020417,INI0000VABP"
"Bhopal, Madhya Pradesh, India",2025-09-05T10:00:00,77.1,77.1,75.3,94.19,0,0,,0,0,17,11.4,140,1006,96.5,2.5,85.7,0.3,1,,Overcast,cloudy,"VABP,INMU0020417,INI0000VABP"
"Bhopal, Madhya Pradesh, India",2025-09-05T11:00:00,75.3,75.3,73.5,94.15,0,0,,0,0,17.2,9.2,140,1003.3,96.5,2.5,93,0.3,1,,Overcast,cloudy,"VABP,INM00042763,INMU0020417,INI0000VABP"
"Bhopal, Madhya Pradesh, India",2025-09-05T12:00:00,75.3,75.3,73.5,94.15,0,0,,0,0,17.2,9.2,150,1005,96.5,1.9,112.9,0.4,1,,Overcast,cloudy,"VABP,INMU0020417,INI0000VABP"
"Bhopal, Madhya Pradesh, India",2025-09-05T13:00:00,78.9,78.9,73.5,83.57,0.016,100,rain,0,0,16.8,11.4,130,1004,96.5,2.5,117.6,0.4,1,,"Rain, Overcast",rain,"VABP,INMU0020417,INI0000VABP"
"Bhopal, Madhya Pradesh, India",2025-09-05T14:00:00,77.1,77.1,73.5,88.69,0.016,100,rain,0,0,15.2,9.2,140,1001.2,81.4,2.5,39.5,0.1,0,,"Rain, Partially cloudy",rain,"VABP,INM00042763,INMU0020417,INI0000VABP"
"Bhopal, Madhya Pradesh, India",2025-09-05T15:00:00,78.9,78.9,73.5,83.57,0.016,100,rain,0,0,15.2,8.1,140,1004,81.4,2.5,125,0.5,1,,"Rain, Partially cloudy",rain,"VABP,INMU0020417,INI0000VABP"
"Bhopal, Madhya Pradesh, India",2025-09-05T16:00:00,76.6,76.6,74.7,94.18,0.016,100,rain,0,0,17.2,7.2,199,1002,85.4,,284.4,1,3,,"Rain, Partially cloudy",rain,remote
"Bhopal, Madhya Pradesh, India",2025-09-05T17:00:00,77.1,77.1,73.5,88.69,0.008,100,rain,0,0,17,10.3,151,1001,81.3,2.5,199.6,0.7,2,,"Rain, Partially cloudy",rain,"VABP,INM00042763,INMU0020417,INM00042672,INI0000VABP"
"Bhopal, Madhya Pradesh, India",2025-09-05T18:00:00,75.3,75.3,73.5,94.15,0.004,100,rain,0,0,14.8,8.1,160,1004,81.4,3.1,87.8,0.3,1,,"Rain, Partially cloudy",rain,"VABP,INMU0020417,INI0000VABP"
"Bhopal, Madhya Pradesh, India",2025-09-05T19:00:00,75.3,75.3,73.5,94.15,0.012,100,rain,0,0,13.2,9.2,150,1005,96.5,3.1,34,0.1,0,,"Rain, Overcast",rain,"VABP,INMU0020417,INI0000VABP"
"Bhopal, Madhya Pradesh, India",2025-09-05T20:00:00,75.3,75.3,75.3,100,0.035,100,rain,0,0,13.4,9.2,160,1002.6,96.5,3.1,0,0,0,,"Rain, Overcast",rain,"VABP,INMU0020417,INI0000VABP"
"Bhopal, Madhya Pradesh, India",2025-09-05T21:00:00,75.3,75.3,74.7,98.21,0.039,100,rain,0,0,12.3,7.4,180.3,1005,100,,0,0,0,,"Rain, Overcast",rain,remote
"Bhopal, Madhya Pradesh, India",2025-09-05T22:00:00,75.3,75.3,74.7,98.21,0.051,100,rain,0,0,11.6,7.6,178.1,1005,100,,0,0,0,,"Rain, Overcast",rain,remote
"Bhopal, Madhya Pradesh, India",2025-09-05T23:00:00,75.3,75.3,73.5,94.15,0.047,100,rain,0,0,12.1,9.2,160,1003.3,96.5,2.5,0,0,0,,"Rain, Overcast",rain,"VABP,INMU0020417,INI0000VABP"
"Bhopal, Madhya Pradesh, India",2025-09-06T00:00:00,74.4,74.4,74.4,100,0.039,100,rain,0,0,11.4,7.4,179.3,1005,100,,0,0,0,,"Rain, Overcast",rain,remote
"Bhopal, Madhya Pradesh, India",2025-09-06T01:00:00,74.6,74.6,74,98.21,0.012,100,rain,0,0,13.6,7.4,180.6,1005,100,,0,0,0,,"Rain, Overcast",rain,remote
"Bhopal, Madhya Pradesh, India",2025-09-06T02:00:00,73.5,73.5,73.5,100,0.004,100,rain,0,0,16.8,6.9,180,1002.6,96.5,1.9,0,0,0,,"Rain, Overcast",rain,"VABP,INMU0020417,INI0000VABP"
"Bhopal, Madhya Pradesh, India",2025-09-06T03:00:00,74.9,74.9,74.6,98.8,0.004,100,rain,0,0,17,7.8,190.5,1004,100,,0,0,0,,"Rain, Overcast",rain,remote
"Bhopal, Madhya Pradesh, India",2025-09-06T04:00:00,74.7,74.7,74,97.62,0.004,100,rain,0,0,15.9,8.9,205.9,1004,100,,0,0,0,,"Rain, Overcast",rain,remote
"Bhopal, Madhya Pradesh, India",2025-09-06T05:00:00,73.5,73.5,73.5,100,0.012,100,rain,0,0,14.8,5.8,160,1003,96.5,1.9,0,0,0,,"Rain, Overcast",rain,"VABP,INMU0020417,INI0000VABP"
"Bhopal, Madhya Pradesh, India",2025-09-06T06:00:00,73.5,73.5,73.5,100,0.008,100,rain,0,0,13.9,5.8,160,1007,96.5,1.9,0,0,0,,"Rain, Overcast",rain,"VABP,INMU0020417,INI0000VABP"
"Bhopal, Madhya Pradesh, India",2025-09-06T07:00:00,73.5,73.5,73.5,100,0.004,100,rain,0,0,13.9,5.8,130,1007,96.5,1.9,1.2,0,0,,"Rain, Overcast",rain,"VABP,INMU0020417,INI0000VABP"
"Bhopal, Madhya Pradesh, India",2025-09-06T08:00:00,75.3,75.3,73.5,94.16,0.004,100,rain,0,0,14.1,5.8,151,1005.2,96.4,2.5,11.2,0,0,,"Rain, Overcast",rain,"VABP,INM00042763,INMU0020417,INM00042672,INI0000VABP"
"Bhopal, Madhya Pradesh, India",2025-09-06T09:00:00,75.3,75.3,73.5,94.15,0.008,100,rain,0,0,14.1,9.2,150,1008,96.5,2.5,25.8,0.1,0,,"Rain, Overcast",rain,"VABP,INMU0020417,INI0000VABP"
"Bhopal, Madhya Pradesh, India",2025-09-06T10:00:00,77.1,77.1,73.5,88.68,0.004,100,rain,0,0,13.6,6.9,160,1008,81.4,2.5,55.4,0.2,1,,"Rain, Partially cloudy",rain,"VABP,INMU0020417,INI0000VABP"
"Bhopal, Madhya Pradesh, India",2025-09-06T11:00:00,77.1,77.1,73.5,88.69,0.004,100,rain,0,0,13.9,8,140,1006.1,81.4,2.5,56.9,0.2,1,,"Rain, Partially cloudy",rain,"VABP,INM00042763,INMU0020417,INI0000VABP"
"Bhopal, Madhya Pradesh, India",2025-09-06T12:00:00,77.1,77.1,73.5,88.68,0.008,100,rain,0,0,15,8.1,130,1008,81.4,2.5,76.7,0.3,1,,"Rain, Partially cloudy",rain,"VABP,INMU0020417,INI0000VABP"
"Bhopal, Madhya Pradesh, India",2025-09-06T13:00:00,80.7,85.5,73.5,78.79,0.024,100,rain,0,0,17.9,8.1,140,1007,72.8,3.1,218.2,0.8,2,,"Rain, Partially cloudy",rain,"VABP,INMU0020417,INI0000VABP"
"Bhopal, Madhya Pradesh, India",2025-09-06T14:00:00,78.9,78.9,73.5,83.57,0.012,100,rain,0,0,18.3,10.3,140,1003.2,81.4,2.5,201.6,0.7,2,,"Rain, Partially cloudy",rain,"VABP,INM00042763,INMU0020417,INI0000VABP"
"Bhopal, Madhya Pradesh, India",2025-09-06T15:00:00,77.6,77.6,75.1,91.97,0.02,100,rain,0,0,21.5,11.6,201.9,1005,98.2,,288.9,1,3,,"Rain, Overcast",rain,remote
"Bhopal, Madhya Pradesh, India",2025-09-06T16:00:00,76.9,76.9,75.1,94.19,0.051,100,rain,0,0,21.3,9.6,204.9,1005,93.9,,185.7,0.7,2,,"Rain, Overcast",rain,remote
"Bhopal, Madhya Pradesh, India",2025-09-06T17:00:00,78.9,78.9,73.5,83.57,0.067,100,rain,0,0,19.2,8,160,1002.5,62.3,3.1,83.3,0.3,1,,"Rain, Partially cloudy",rain,"VABP,INM00042763,INMU0020417,INM00042672,INI0000VABP"
"Bhopal, Madhya Pradesh, India",2025-09-06T18:00:00,77.1,77.1,73.5,88.68,0.059,100,rain,0,0,17.7,6.9,170,1006,94.6,3.1,102.2,0.4,1,,"Rain, Overcast",rain,"VABP,INMU0020417,INI0000VABP"
"Bhopal, Madhya Pradesh, India",2025-09-06T19:00:00,77.1,77.1,73.5,88.68,0.031,100,rain,0,0,14.1,8.1,140,1007,72.8,3.1,30.3,0.1,0,,"Rain, Partially cloudy",rain,"VABP,INMU0020417,INI0000VABP"
"Bhopal, Madhya Pradesh, India",2025-09-06T20:00:00,75.3,75.3,73.5,94.15,0.02,100,rain,0,0,13.9,6.9,150,1005.5,94.6,2.5,0,0,0,,"Rain, Overcast",rain,"VABP,INMU0020417,INI0000VABP"
"Bhopal, Madhya Pradesh, India",2025-09-06T21:00:00,75.3,75.3,73.5,94.15,0.035,100,rain,0,0,12.1,6.9,160,1008,94.6,2.5,0,0,0,,"Rain, Overcast",rain,"VABP,INMU0020417,INI0000VABP"
"Bhopal, Madhya Pradesh, India",2025-09-06T22:00:00,75.3,75.3,73.5,94.15,0.039,100,rain,0,0,11.4,6.9,170,1009,94.6,2.5,0,0,0,,"Rain, Overcast",rain,"VABP,INMU0020417,INI0000VABP"
"Bhopal, Madhya Pradesh, India",2025-09-06T23:00:00,73.5,73.5,71.7,94.11,0.016,100,rain,0,0,10.1,4.7,160,1006.2,94.6,2.5,0,0,0,,"Rain, Overcast",rain,"VABP,INMU0020417,INI0000VABP"
"Bhopal, Madhya Pradesh, India",2025-09-07T00:00:00,75.6,75.6,74.2,95.3,0.004,100,rain,0,0,10.3,6.3,192.9,1008,89.4,,0,0,0,,"Rain, Partially cloudy",rain,remote
"Bhopal, Madhya Pradesh, India",2025-09-07T01:00:00,73.5,73.5,71.7,94.11,0,0,,0,0,12.8,5.8,150,1008,72.8,1.9,0,0,0,,Partially cloudy,partly-cloudy-night,"VABP,INMU0020417,INI0000VABP"
"Bhopal, Madhya Pradesh, India",2025-09-07T02:00:00,73.5,73.5,71.7,94.11,0,0,,0,0,13.6,5.8,170,1004.3,94.6,1.9,0,0,0,,Overcast,cloudy,"VABP,INMU0020417,INI0000VABP"
"Bhopal, Madhya Pradesh, India",2025-09-07T03:00:00,75.5,75.5,74,95.3,0,0,,0,0,13.6,6.7,200.7,1006,92.5,,0,0,0,,Overcast,cloudy,remote
"Bhopal, Madhya Pradesh, India",2025-09-07T04:00:00,73.5,73.5,71.7,94.11,0,0,,0,0,11.9,3.4,210,1007,94.6,2.5,0,0,0,,Overcast,cloudy,"VABP,INMU0020417,INI0000VABP"
"Bhopal, Madhya Pradesh, India",2025-09-07T05:00:00,73.5,73.5,71.7,94.11,0,0,,0,0,11.2,6.9,160,1004.3,94.6,2.5,0,0,0,,Overcast,cloudy,"VABP,INMU0020417,INI0000VABP"
"Bhopal, Madhya Pradesh, India",2025-09-07T06:00:00,73.5,73.5,71.7,94.11,0,0,,0,0,11.4,6.9,170,1008,94.6,1.9,0,0,0,,Overcast,cloudy,"VABP,INMU0020417,INI0000VABP"
"Bhopal, Madhya Pradesh, India",2025-09-07T07:00:00,73.5,73.5,71.7,94.11,0,0,,0,0,12.3,5.8,130,1009,94.6,1.9,3.2,0,0,,Overcast,cloudy,"VABP,INMU0020417,INI0000VABP"
"Bhopal, Madhya Pradesh, India",2025-09-07T08:00:00,75.3,75.3,71.7,88.61,0,0,,0,0,17,8,170,1006.8,96.4,1.9,52.4,0.2,1,,Overcast,cloudy,"VABP,INM00042763,INMU0020417,INM00042672,INI0000VABP"
"Bhopal, Madhya Pradesh, India",2025-09-07T09:00:00,75.3,75.3,71.7,88.6,0,0,,0,0,18.3,6.9,160,1010,96.5,1.9,195.8,0.7,2,,Overcast,cloudy,"VABP,INMU0020417,INI0000VABP"
"Bhopal, Madhya Pradesh, India",2025-09-07T10:00:00,76.6,76.6,72.9,88.66,0.004,100,rain,0,0,18.6,8.3,207.6,1008,97.4,,299.1,1.1,3,,"Rain, Overcast",rain,remote
"Bhopal, Madhya Pradesh, India",2025-09-07T11:00:00,77.1,77.1,71.7,83.46,0.008,100,rain,0,0,19.9,6.9,160,1006.6,96.5,2.5,334.4,1.2,3,,"Rain, Overcast",rain,"VABP,INM00042763,INMU0020417,INI0000VABP"
"Bhopal, Madhya Pradesh, India",2025-09-07T12:00:00,80.7,84.7,71.7,74.14,0.004,100,rain,0,0,20.4,9.2,200,1009,96.5,2.5,369.8,1.3,4,,"Rain, Overcast",rain,"VABP,INMU0020417,INI0000VABP"
"Bhopal, Madhya Pradesh, India",2025-09-07T13:00:00,80.7,84.7,71.7,74.14,0.004,100,rain,0,0,20.8,11.4,180,1008,96.5,3.7,479.1,1.7,5,,"Rain, Overcast",rain,"VABP,INMU0020417,INI0000VABP"
"Bhopal, Madhya Pradesh, India",2025-09-07T14:00:00,80.7,84.7,71.7,74.14,0.004,100,rain,0,0,21.3,8,200,1004,94.6,3.7,461.4,1.7,5,,"Rain, Overcast",rain,"VABP,INM00042763,INMU0020417,INI0000VABP"
"Bhopal, Madhya Pradesh, India",2025-09-07T15:00:00,83.4,90.5,74.4,74.39,0.004,100,rain,0,0,19.9,10.3,227.1,1005,60.5,,418.5,1.5,4,,"Rain, Partially cloudy",rain,remote
"Bhopal, Madhya Pradesh, India",2025-09-07T16:00:00,82.5,87.3,71.7,69.93,0.008,100,rain,0,0,19.9,6.9,200,1006,94.6,3.7,444.4,1.6,4,,"Rain, Overcast",rain,"VABP,INMU0020417,INI0000VABP"
"Bhopal, Madhya Pradesh, India",2025-09-07T17:00:00,82.5,86.4,69.9,65.8,0.008,100,rain,0,0,19.5,6.9,201,1002.1,62.2,3.7,224.9,0.8,2,,"Rain, Partially cloudy",rain,"VABP,INM00042763,INMU0020417,INM00042672,INI0000VABP"
"Bhopal, Madhya Pradesh, India",2025-09-07T18:00:00,80.7,84.7,71.7,74.14,0.004,100,rain,0,0,17.9,5.8,190,1007,94.6,3.7,83.9,0.3,1,,"Rain, Overcast",rain,"VABP,INMU0020417,INI0000VABP"
"Bhopal, Madhya Pradesh, India",2025-09-07T19:00:00,77.1,77.1,71.7,83.46,0,0,,0,0,14.1,5.8,200,1008,94.6,3.1,24.5,0.1,0,,Overcast,cloudy,"VABP,INMU0020417,INI0000VABP"
"Bhopal, Madhya Pradesh, India",2025-09-07T20:00:00,77.1,77.1,71.7,83.46,0,0,,0,0,14.5,5.8,200,1005.5,93.7,3.1,0,0,0,,Overcast,cloudy,"VABP,INMU0020417,INI0000VABP"
"Bhopal, Madhya Pradesh, India",2025-09-07T21:00:00,77.1,77.1,73.5,88.68,0,0,,0,0,13.6,4.7,180,1008,93.7,3.1,0,0,0,,Overcast,cloudy,"VABP,INMU0020417,INI0000VABP"
"Bhopal, Madhya Pradesh, India",2025-09-07T22:00:00,75.3,75.3,73.5,94.15,0,0,,0,0,12.3,3.4,180,1010,93.7,3.1,0,0,0,,Overcast,cloudy,"VABP,INMU0020417,INI0000VABP"
"Bhopal, Madhya Pradesh, India",2025-09-07T23:00:00,75.3,75.3,71.7,88.6,0,0,,0,0,11.9,6.9,190,1007.5,93.7,3.1,0,0,0,,Overcast,cloudy,"VABP,INMU0020417,INI0000VABP"
"Bhopal, Madhya Pradesh, India",2025-09-08T00:00:00,76,76,73.1,90.81,0,0,,0,0,11.2,5.6,217.1,1008,91.3,,0,0,0,,Overcast,cloudy,remote
"Bhopal, Madhya Pradesh, India",2025-09-08T01:00:00,75.3,75.3,71.7,88.6,0,0,,0,0,10.1,5.8,190,1008,93.7,2.5,0,0,0,,Overcast,cloudy,"VABP,INMU0020417,INI0000VABP"
"Bhopal, Madhya Pradesh, India",2025-09-08T02:00:00,73.5,73.5,71.7,94.11,0,0,,0,0,9.6,8.1,200,1005.8,93.7,2.5,0,0,0,,Overcast,cloudy,"VABP,INMU0020417,INI0000VABP"
"Bhopal, Madhya Pradesh, India",2025-09-08T03:00:00,74.4,74.4,72.4,93.56,0,0,,0,0,9.4,5.4,226.7,1007,63.3,,0,0,0,,Partially cloudy,partly-cloudy-night,remote
"Bhopal, Madhya Pradesh, India",2025-09-08T04:00:00,71.7,71.7,71.7,100,0,0,,0,0,9.8,4.7,190,1008,93.7,2.5,0,0,0,,Overcast,cloudy,"VABP,INMU0020417,INI0000VABP"
"Bhopal, Madhya Pradesh, India",2025-09-08T05:00:00,71.7,71.7,69.9,94.06,0,0,,0,0,9.8,3.4,180,1006.5,93.7,2.5,0,0,0,,Overcast,cloudy,"VABP,INMU0020417,INI0000VABP"
"Bhopal, Madhya Pradesh, India",2025-09-08T06:00:00,75.5,75.5,72.1,89.15,0,0,,0,0,9.2,3.6,240.8,1007,4.6,,0,0,0,,Clear,clear-night,remote
"Bhopal, Madhya Pradesh, India",2025-09-08T07:00:00,75.1,75.1,71.9,89.68,0,0,,0,0,7.6,2.9,231,1008,3.1,,4.7,0,0,,Clear,clear-day,remote
"Bhopal, Madhya Pradesh, India",2025-09-08T08:00:00,77.1,77.1,75.3,94.18,0,0,,0,0,8.9,3.4,181,1007.6,62.3,2.5,109.5,0.4,1,,Partially cloudy,partly-cloudy-day,"VABP,INM00042763,INMU0020417,INM00042672,INI0000VABP"
"Bhopal, Madhya Pradesh, India",2025-09-08T09:00:00,78.9,78.9,71.7,78.65,0,0,,0,0,14.1,5.8,190,1010,94.6,2.5,254.1,0.9,3,,Overcast,cloudy,"VABP,INMU0020417,INI0000VABP"
"Bhopal, Madhya Pradesh, India",2025-09-08T10:00:00,77.3,77.3,71.9,83.47,0,0,,0,0,15.9,6.5,239.4,1009,87.6,,446,1.6,4,,Partially cloudy,partly-cloudy-day,remote
"Bhopal, Madhya Pradesh, India",2025-09-08T11:00:00,82.5,85.5,68.1,61.85,0,0,,0,0,15.7,5.8,220,1007.2,79.4,3.1,514.8,1.9,5,,Partially cloudy,partly-cloudy-day,"VABP,INM00042763,INMU0020417,INI0000VABP"
"Bhopal, Madhya Pradesh, India",2025-09-08T12:00:00,82.5,86.4,69.9,65.78,0.004,100,rain,0,0,14.5,5.8,260,1010,96.5,3.1,583,2.1,6,,"Rain, Overcast",rain,"VABP,INMU0020417,INI0000VABP"
"Bhopal, Madhya Pradesh, India",2025-09-08T13:00:00,84.3,88.6,69.9,62.07,0,0,,0,0,13.2,6.9,220,1009,96.5,3.1,378.7,1.4,4,,Overcast,cloudy,"VABP,INMU0020417,INI0000VABP"
"Bhopal, Madhya Pradesh, India",2025-09-08T14:00:00,84.3,88.6,69.9,62.07,0.004,100,rain,0,0,13.9,6.9,230,1004.7,96.5,3.1,492.8,1.8,5,,"Rain, Overcast",rain,"VABP,INM00042763,INMU0020417,INI0000VABP"
"Bhopal, Madhya Pradesh, India",2025-09-08T15:00:00,85.7,92.5,72.8,65.35,0.004,100,rain,0,0,13,4.9,241,1006,89.9,,501.2,1.8,5,,"Rain, Partially cloudy",rain,remote
"Bhopal, Madhya Pradesh, India",2025-09-08T16:00:00,83.6,90.8,74.4,73.96,0,0,,0,0,12.1,4.7,274.7,1006,56.7,,348,1.3,3,,Partially cloudy,partly-cloudy-day,remote
"Bhopal, Madhya Pradesh, India",2025-09-08T17:00:00,82.5,86.4,69.9,65.81,0,0,,0,0,11.2,6.9,231,1004.1,96.4,3.7,258.6,0.9,3,,Overcast,cloudy,"VABP,INM00042763,INMU0020417,INM00042672,INI0000VABP"
"Bhopal, Madhya Pradesh, India",2025-09-08T18:00:00,84.3,91.9,74.4,72.27,0,0,,0,0,10.7,3.8,270.4,1006,84.7,,178.5,0.6,2,,Partially cloudy,partly-cloudy-day,remote
"Bhopal, Madhya Pradesh, India",2025-09-08T19:00:00,78.9,78.9,71.7,78.65,0,0,,0,0,7.6,4.7,280,1009,93.7,3.1,35.8,0.1,0,,Overcast,cloudy,"VABP,INMU0020417,INI0000VABP"
"Bhopal, Madhya Pradesh, India",2025-09-08T20:00:00,78.9,78.9,71.7,78.65,0,0,,0,0,4.9,3.4,270,1007.1,93.7,3.1,0,0,0,,Overcast,cloudy,"VABP,INMU0020417,INI0000VABP"
"Bhopal, Madhya Pradesh, India",2025-09-08T21:00:00,77.1,77.1,71.7,83.46,0,0,,0,0,4.3,2.2,260,1011,93.7,3.1,0,0,0,,Overcast,cloudy,"VABP,INMU0020417,INI0000VABP"
"Bhopal, Madhya Pradesh, India",2025-09-08T22:00:00,77.1,77.1,73.5,88.68,0,0,,0,0,4.9,2.2,240,1011,93.7,3.1,0,0,0,,Overcast,cloudy,"VABP,INMU0020417,INI0000VABP"
"Bhopal, Madhya Pradesh, India",2025-09-08T23:00:00,77.1,77.1,73.5,88.68,0,0,,0,0,4.9,2.2,230,1008.6,93.7,3.1,0,0,0,,Overcast,cloudy,"VABP,INMU0020417,INI0000VABP"
"Bhopal, Madhya Pradesh, India",2025-09-09T00:00:00,77.1,77.1,73.3,88.15,0,0,,0,0,5.4,2.9,268.4,1009,70.2,,0,0,0,,Partially cloudy,partly-cloudy-night,remote
"Bhopal, Madhya Pradesh, India",2025-09-09T01:00:00,76.4,76.4,73.1,89.73,0,0,,0,0,5.1,2.7,288,1009,95.2,,0,0,0,,Overcast,cloudy,remote
"Bhopal, Madhya Pradesh, India",2025-09-09T02:00:00,77.2,77.2,74.2,90.74,0,0,,0,0,5.1,2.2,230,1007.7,77.6,2.5,0,0,0,,Partially cloudy,partly-cloudy-night,"VABP,INMU0020417,INI0000VABP"
"Bhopal, Madhya Pradesh, India",2025-09-09T03:00:00,76.2,76.2,72.9,89.73,0,0,,0,0,4.9,2.9,287.8,1008,88.2,,0,0,0,,Partially cloudy,partly-cloudy-night,remote
"Bhopal, Madhya Pradesh, India",2025-09-09T04:00:00,73.3,73.3,71.5,94.1,0,0,,0,0,4.7,3.4,250,1010,88,3.1,0,0,0,,Partially cloudy,partly-cloudy-night,VABP
"Bhopal, Madhya Pradesh, India",2025-09-09T05:00:00,75.7,75.7,74.2,95.25,0,0,,0,0,4.7,3.4,291,1007.4,77.6,2.5,0,0,0,,Partially cloudy,partly-cloudy-night,"VABP,INMU0020417,INI0000VABP"
"Bhopal, Madhya Pradesh, India",2025-09-09T06:00:00,71.5,71.5,71.5,100,0,0,,0,0,4.5,4.7,280,1011,50,3.1,0,0,0,,Partially cloudy,partly-cloudy-night,VABP
"Bhopal, Madhya Pradesh, India",2025-09-09T07:00:00,71.7,71.7,71.7,100,0,0,,0,0,4.9,6.9,280,1011,73.7,3.1,4.2,0,0,,Partially cloudy,partly-cloudy-day,"VABP,INMU0020417,INI0000VABP"
"Bhopal, Madhya Pradesh, India",2025-09-09T08:00:00,78.5,78.5,75,89.28,0,0,,0,0,8.1,8,291,1009.4,52.8,2.5,87.4,0.3,1,,Partially cloudy,partly-cloudy-day,"VABP,INMU0020417,INM00042672,INI0000VABP"
"Bhopal, Madhya Pradesh, India",2025-09-09T09:00:00,78.7,78.7,69.7,73.96,0,0,,0,0,10.5,6.9,290,1012,50,2.5,189.3,0.7,2,,Partially cloudy,partly-cloudy-day,VABP
"Bhopal, Madhya Pradesh, India",2025-09-09T10:00:00,82.3,87,71.5,69.91,0,0,,0,0,14.3,4.7,270,1012,50,3.1,367.9,1.3,4,,Partially cloudy,partly-cloudy-day,VABP
"Bhopal, Madhya Pradesh, India",2025-09-09T11:00:00,84.3,92,74.5,72.57,0,0,,0,0,15.2,5.8,271,1008.6,88,2.5,577.1,2.1,6,,Partially cloudy,partly-cloudy-day,"VABP,INM00042763,INMU0020417,INI0000VABP"
"Bhopal, Madhya Pradesh, India",2025-09-09T12:00:00,85,92,73.3,68.1,0,0,,0,0,14.8,5.1,317.3,1010,43.7,,567.6,2,6,,Partially cloudy,partly-cloudy-day,remote
"Bhopal, Madhya Pradesh, India",2025-09-09T13:00:00,86.1,92.1,71.7,62.29,0,0,,0,0,13.4,8.1,340,1010,96.5,3.1,622.9,2.2,6,,Overcast,cloudy,"VABP,INMU0020417,INI0000VABP"
"Bhopal, Madhya Pradesh, India",2025-09-09T14:00:00,84.3,89.8,71.7,66,0.004,100,rain,0,0,13.6,11.4,340,1006.1,78.5,3.1,624.4,2.2,6,,"Rain, Partially cloudy",rain,"VABP,INM00042763,INMU0020417,INI0000VABP"
"Bhopal, Madhya Pradesh, India",2025-09-09T15:00:00,82.5,87.3,71.7,69.93,0.055,100,rain,0,0,16.6,5.8,190,1009,72.8,3.1,519.8,1.9,5,,"Rain, Partially cloudy",rain,"VABP,INMU0020417,INI0000VABP"
"Bhopal, Madhya Pradesh, India",2025-09-09T16:00:00,75.3,75.3,73.5,94.15,0.016,100,rain,0,0,16.8,9.2,220,1009,4.4,0,385.9,1.4,4,,Rain,rain,"VABP,INMU0020417,INI0000VABP"
"Bhopal, Madhya Pradesh, India",2025-09-09T17:00:00,73.5,73.5,73.5,99.98,0.043,100,rain,0,0,14.5,2.2,639,1007.5,60.4,0.6,263.3,0.9,3,,"Rain, Partially cloudy",rain,"VABP,INM00042763,INMU0020417,INM00042672,INI0000VABP"
"Bhopal, Madhya Pradesh, India",2025-09-09T18:00:00,75.3,75.3,73.5,94.15,0,0,,0,0,12.1,3.4,200,1010,92.7,1.9,126.4,0.5,1,,Overcast,cloudy,"VABP,INMU0020417,INI0000VABP"
"Bhopal, Madhya Pradesh, India",2025-09-09T19:00:00,75.3,75.3,75.3,100,0,0,,0,0,9.2,3.4,210,1011,72.8,2.5,26.8,0.1,0,,Partially cloudy,partly-cloudy-night,"VABP,INMU0020417,INI0000VABP"
"Bhopal, Madhya Pradesh, India",2025-09-09T20:00:00,75.3,75.3,75.3,100,0,0,,0,0,6,1.1,70,1008.9,94.6,2.5,0,0,0,,Overcast,cloudy,"VABP,INMU0020417,INI0000VABP"
"Bhopal, Madhya Pradesh, India",2025-09-09T21:00:00,75.3,75.3,73.5,94.15,0,0,,0,0,5.4,1.1,280,1012,94.6,2.5,0,0,0,,Overcast,cloudy,"VABP,INMU0020417,INI0000VABP"
"Bhopal, Madhya Pradesh, India",2025-09-09T22:00:00,79.2,79.2,74.6,85.63,0,0,,0,0,5.4,2.5,318.3,1010,99.3,,0,0,0,,Overcast,cloudy,remote
"Bhopal, Madhya Pradesh, India",2025-09-09T23:00:00,75.3,75.3,75.3,100,0,0,,0,0,5.8,6.9,340,1008.8,94.6,2.5,0,0,0,,Overcast,cloudy,"VABP,INMU0020417,INI0000VABP"
"Bhopal, Madhya Pradesh, India",2025-09-10T00:00:00,78.2,78.2,74,87.14,0,0,,0,0,6,1.8,311.1,1010,97.1,,0,0,0,,Overcast,cloudy,remote
"Bhopal, Madhya Pradesh, India",2025-09-10T01:00:00,73.5,73.5,73.5,100,0,0,,0,0,4.3,1.1,280,1011,94.6,2.5,0,0,0,,Overcast,cloudy,"VABP,INMU0020417,INI0000VABP"
"Bhopal, Madhya Pradesh, India",2025-09-10T02:00:00,73.5,73.5,73.5,100,0,0,,0,0,5.4,2.2,270,1008.3,94.6,2.5,0,0,0,,Overcast,cloudy,"VABP,INMU0020417,INI0000VABP"
"Bhopal, Madhya Pradesh, India",2025-09-10T03:00:00,76.7,76.7,72.9,88.13,0,0,,0,0,6.3,2.9,285.1,1009,97.3,,0,0,0,,Overcast,cloudy,remote
"Bhopal, Madhya Pradesh, India",2025-09-10T04:00:00,76.7,76.7,74.2,91.94,0.004,100,rain,0,0,6.3,3.4,298.1,1009,93.1,,0,0,0,,"Rain, Overcast",rain,remote
"Bhopal, Madhya Pradesh, India",2025-09-10T05:00:00,73.5,73.5,73.5,100,0.004,100,rain,0,0,6.5,4.7,290,1008.4,94.6,1.9,0,0,0,,"Rain, Overcast",rain,"VABP,INMU0020417,INI0000VABP"
"Bhopal, Madhya Pradesh, India",2025-09-10T06:00:00,73.5,73.5,73.5,100,0.004,100,rain,0,0,7.2,4.7,290,1011,94.6,1.9,0,0,0,,"Rain, Overcast",rain,"VABP,INMU0020417,INI0000VABP"
"Bhopal, Madhya Pradesh, India",2025-09-10T07:00:00,78,78,73.5,86.08,0,0,,0,0,8.3,4.9,315.7,1010,68.1,,2.4,0,0,,Partially cloudy,partly-cloudy-day,remote
"Bhopal, Madhya Pradesh, India",2025-09-10T08:00:00,77.1,77.1,71.7,83.48,0,0,,0,0,9.6,11.4,291,1010,73.7,3.1,50.8,0.2,1,,Partially cloudy,partly-cloudy-day,"VABP,INM00042763,INMU0020417,INM00042672,INI0000VABP"
"Bhopal, Madhya Pradesh, India",2025-09-10T09:00:00,78.9,78.9,69.9,73.98,0,0,,0,0,10.3,8.1,310,1013,73.7,3.1,127,0.5,1,,Partially cloudy,partly-cloudy-day,"VABP,INMU0020417,INI0000VABP"
"Bhopal, Madhya Pradesh, India",2025-09-10T10:00:00,82.5,86.4,69.9,65.78,0,0,,0,0,13.2,11.4,280,1013,73.7,3.1,334.8,1.2,3,,Partially cloudy,partly-cloudy-day,"VABP,INMU0020417,INI0000VABP"
"Bhopal, Madhya Pradesh, India",2025-09-10T11:00:00,82.5,86.4,69.9,65.79,0,0,,0,0,15,9.2,290,1009.2,93.7,3.1,513.4,1.8,5,,Overcast,cloudy,"VABP,INM00042763,INMU0020417,INI0000VABP"
"Bhopal, Madhya Pradesh, India",2025-09-10T12:00:00,82.5,85.5,68.1,61.85,0,0,,0,0,15.9,8.1,310,1012,94.6,3.1,627.6,2.3,6,,Overcast,cloudy,"VABP,INMU0020417,INI0000VABP"
"Bhopal, Madhya Pradesh, India",2025-09-10T13:00:00,84.3,88.6,69.9,62.07,0,0,,0,0,18.1,6.9,300,1011,96.5,3.1,810.6,2.9,8,,Overcast,cloudy,"VABP,INMU0020417,INI0000VABP"
"Bhopal, Madhya Pradesh, India",2025-09-10T14:00:00,82.5,86.4,69.9,65.78,0,0,,0,0,18.6,4.7,290,1006.7,96.5,3.1,724.1,2.6,7,,Overcast,cloudy,"VABP,INM00042763,INMU0020417,INI0000VABP"
"Bhopal, Madhya Pradesh, India",2025-09-10T15:00:00,84.3,88.6,69.9,62.07,0,0,,0,0,20.1,9.2,290,1009,96.5,3.1,626.4,2.3,6,,Overcast,cloudy,"VABP,INMU0020417,INI0000VABP"
"Bhopal, Madhya Pradesh, India",2025-09-10T16:00:00,84.3,88.6,69.9,62.07,0,0,,0,0,20.1,11.4,300,1008,94.6,3.1,518.5,1.9,5,,Overcast,cloudy,"VABP,INMU0020417,INI0000VABP"
"Bhopal, Madhya Pradesh, India",2025-09-10T17:00:00,84.3,87.6,68.1,58.39,0,0,,0,0,19,9.2,281,1004.9,93.6,3.1,364.8,1.3,4,,Overcast,cloudy,"VABP,INM00042763,INMU0020417,INM00042672,INI0000VABP"
"Bhopal, Madhya Pradesh, India",2025-09-10T18:00:00,78.9,78.9,71.7,78.65,0,0,,0,0,17.2,4.7,290,1008,90.8,3.1,156.2,0.6,2,,Overcast,cloudy,"VABP,INMU0020417,INI0000VABP"
"Bhopal, Madhya Pradesh, India",2025-09-10T19:00:00,78.9,78.9,71.7,78.65,0,0,,0,0,13.4,2.2,270,1009,90.8,3.1,32.6,0.1,0,,Overcast,cloudy,"VABP,INMU0020417,INI0000VABP"
"Bhopal, Madhya Pradesh, India",2025-09-10T20:00:00,78.9,78.9,71.7,78.65,0,0,,0,0,11.2,2.2,330,1007.1,90.8,3.1,0,0,0,,Overcast,cloudy,"VABP,INMU0020417,INI0000VABP"
"Bhopal, Madhya Pradesh, India",2025-09-10T21:00:00,77.1,77.1,71.7,83.46,0,0,,0,0,10.5,3.4,260,1011,90.8,2.5,0,0,0,,Overcast,cloudy,"VABP,INMU0020417,INI0000VABP"
"Bhopal, Madhya Pradesh, India",2025-09-10T22:00:00,75.3,75.3,71.7,88.6,0,0,,0,0,9.8,3.4,230,1011,90.8,2.5,0,0,0,,Overcast,cloudy,"VABP,INMU0020417,INI0000VABP"
"Bhopal, Madhya Pradesh, India",2025-09-10T23:00:00,75.3,75.3,71.7,88.6,0,0,,0,0,8.5,9.2,260,1007.8,90.8,2.5,0,0,0,,Overcast,cloudy,"VABP,INMU0020417,INI0000VABP"
"Bhopal, Madhya Pradesh, India",2025-09-11T00:00:00,78.9,78.9,72.9,82.07,0,0,,0,0,8.5,5.4,303.5,1008,96.2,,0,0,0,,Overcast,cloudy,remote
"Bhopal, Madhya Pradesh, India",2025-09-11T01:00:00,73.5,73.5,69.9,88.52,0,0,,0,0,9.6,6.9,260,1010,93.7,2.5,0,0,0,,Overcast,cloudy,"VABP,INMU0020417,INI0000VABP"
"Bhopal, Madhya Pradesh, India",2025-09-11T02:00:00,71.7,71.7,69.9,94.06,0,0,,0,0,10.1,5.8,280,1006.9,93.7,2.5,0,0,0,,Overcast,cloudy,"VABP,INMU0020417,INI0000VABP"
"Bhopal, Madhya Pradesh, India",2025-09-11T03:00:00,77.3,77.3,72.4,85.01,0,0,,0,0,11,6.3,298.7,1008,87.3,,0,0,0,,Partially cloudy,partly-cloudy-night,remote
"Bhopal, Madhya Pradesh, India",2025-09-11T04:00:00,71.7,71.7,69.9,94.06,0,0,,0,0,11.4,5.8,290,1009,90.8,2.5,0,0,0,,Overcast,cloudy,"VABP,INMU0020417,INI0000VABP"
"Bhopal, Madhya Pradesh, India",2025-09-11T05:00:00,71.7,71.7,69.9,94.06,0,0,,0,0,12.5,5.8,290,1007.2,93.7,2.5,0,0,0,,Overcast,cloudy,"VABP,INMU0020417,INI0000VABP"
"Bhopal, Madhya Pradesh, India",2025-09-11T06:00:00,71.7,71.7,68.1,88.44,0,0,,0,0,13.6,6.9,280,1010,93.7,2.5,0,0,0,,Overcast,cloudy,"VABP,INMU0020417,INI0000VABP"
"Bhopal, Madhya Pradesh, India",2025-09-11T07:00:00,71.7,71.7,69.9,94.06,0,0,,0,0,13.6,9.2,280,1011,73.7,2.5,4.3,0,0,,Partially cloudy,partly-cloudy-day,"VABP,INMU0020417,INI0000VABP"
"Bhopal, Madhya Pradesh, India",2025-09-11T08:00:00,75.3,75.3,69.9,83.36,0,0,,0,0,14.1,9.2,291,1009.1,62.3,3.1,89,0.3,1,,Partially cloudy,partly-cloudy-day,"VABP,INM00042763,INMU0020417,INM00042672,INI0000VABP"
"Bhopal, Madhya Pradesh, India",2025-09-11T09:00:00,76.9,76.9,71.5,83.45,0,0,,0,0,16.3,7.8,315,1010,97,,220.3,0.8,2,,Overcast,cloudy,remote
"Bhopal, Madhya Pradesh, India",2025-09-11T10:00:00,80.7,84,69.9,69.74,0,0,,0,0,17.2,6.9,330,1012,26.3,3.7,370,1.3,4,,Partially cloudy,partly-cloudy-day,"VABP,INMU0020417,INI0000VABP"
"Bhopal, Madhya Pradesh, India",2025-09-11T11:00:00,82.5,86.4,69.9,65.78,0,0,,0,0,17.4,4.7,320,1008.1,73.7,3.7,560,2,6,,Partially cloudy,partly-cloudy-day,"VABP,INM00042763,INMU0020417,INI0000VABP"
"Bhopal, Madhya Pradesh, India",2025-09-11T12:00:00,84.3,88.6,69.9,62.07,0,0,,0,0,17.2,4.7,340,1011,73.7,3.7,726.1,2.6,7,,Partially cloudy,partly-cloudy-day,"VABP,INMU0020417,INI0000VABP"
"Bhopal, Madhya Pradesh, India",2025-09-11T13:00:00,84.3,88.6,69.9,62.07,0.004,100,rain,0,0,14.5,3.4,310,1009,73.7,3.7,703.3,2.5,7,,"Rain, Partially cloudy",rain,"VABP,INMU0020417,INI0000VABP"
"Bhopal, Madhya Pradesh, India",2025-09-11T14:00:00,86.1,90.8,69.9,58.6,0,0,,0,0,13.9,4.7,340,1007,94.6,3.7,549.5,2,5,,Overcast,cloudy,"VABP,INM00042763,INMU0020417,INI0000VABP"
"Bhopal, Madhya Pradesh, India",2025-09-11T15:00:00,86.1,90.7,69.9,58.59,0,0,,0,0,15.2,5.8,310,1008,94.6,3.7,580.7,2.1,6,,Overcast,cloudy,"VABP,INMU0020417,INI0000VABP"
"Bhopal, Madhya Pradesh, India",2025-09-11T16:00:00,84.3,89.8,71.7,65.99,0,0,,0,0,15.4,6.9,330,1008,94.6,3.1,291.9,1.1,3,,Overcast,cloudy,"VABP,INMU0020417,INI0000VABP"
"Bhopal, Madhya Pradesh, India",2025-09-11T17:00:00,84.3,89.8,71.7,66.02,0.012,100,rain,0,0,13,6.9,311,1004.8,94.5,3.1,188.2,0.7,2,,"Rain, Overcast",rain,"VABP,INM00042763,INMU0020417,INM00042672,INI0000VABP"
"Bhopal, Madhya Pradesh, India",2025-09-11T18:00:00,82.5,87.3,71.7,69.93,0,0,,0,0,11.4,3.4,320,1009,93.7,3.1,102,0.4,1,,Overcast,cloudy,"VABP,INMU0020417,INI0000VABP"
"Bhopal, Madhya Pradesh, India",2025-09-11T19:00:00,80.7,84.7,71.7,74.14,0,0,,0,0,7.2,2.2,320,1009,94.6,2.5,19.6,0.1,0,,Overcast,cloudy,"VABP,INMU0020417,INI0000VABP"
"Bhopal, Madhya Pradesh, India",2025-09-11T20:00:00,80.7,85.5,73.5,78.79,0,0,,0,0,4.9,1.1,639,1007.1,93.7,2.5,0,0,0,,Overcast,cloudy,"VABP,INMU0020417,INI0000VABP"
"Bhopal, Madhya Pradesh, India",2025-09-11T21:00:00,78.9,78.9,73.5,83.57,0,0,,0,0,5.1,1.1,639,1011,93.7,2.5,0,0,0,,Overcast,cloudy,"VABP,INMU0020417,INI0000VABP"
"Bhopal, Madhya Pradesh, India",2025-09-11T22:00:00,80.7,84.7,71.7,74.14,0,0,,0,0,5.8,1.1,639,1011,93.7,2.5,0,0,0,,Overcast,cloudy,"VABP,INMU0020417,INI0000VABP"
"Bhopal, Madhya Pradesh, India",2025-09-11T23:00:00,78.9,78.9,75.3,88.76,0,0,,0,0,6.3,2.2,639,1008.1,93.7,1.9,0,0,0,,Overcast,cloudy,"VABP,INMU0020417,INI0000VABP"
"Bhopal, Madhya Pradesh, India",2025-09-12T00:00:00,78.5,78.5,73.7,85.08,0,0,,0,0,6.7,4.5,323.1,1009,100,,0,0,0,,Overcast,cloudy,remote
"Bhopal, Madhya Pradesh, India",2025-09-12T01:00:00,77.1,77.1,73.5,88.68,0,0,,0,0,8.1,3.4,220,1010,93.7,1.9,0,0,0,,Overcast,cloudy,"VABP,INMU0020417,INI0000VABP"
"Bhopal, Madhya Pradesh, India",2025-09-12T02:00:00,77,77,74.8,93.12,0,0,,0,0,7.8,4.7,290,1007.6,77.6,1.3,0,0,0,,Partially cloudy,partly-cloudy-night,"VABP,INMU0020417,INI0000VABP"
"Bhopal, Madhya Pradesh, India",2025-09-12T03:00:00,76.7,76.7,72.9,88.13,0,0,,0,0,8.5,4.9,313.6,1008,97.9,,0,0,0,,Overcast,cloudy,remote
"Bhopal, Madhya Pradesh, India",2025-09-12T04:00:00,75.1,75.1,69.7,83.33,0,0,,0,0,9.4,6.9,310,1010,88,1.9,0,0,0,,Partially cloudy,partly-cloudy-night,VABP
"Bhopal, Madhya Pradesh, India",2025-09-12T05:00:00,75.8,75.8,74.2,94.67,0,0,,0,0,10.3,6.9,319,1007.6,77.6,1.3,0,0,0,,Partially cloudy,partly-cloudy-night,"VABP,INMU0020417,INI0000VABP"
"Bhopal, Madhya Pradesh, India",2025-09-12T06:00:00,73.3,73.3,69.7,88.51,0,0,,0,0,10.7,6.9,300,1010,88,1.9,0,0,0,,Partially cloudy,partly-cloudy-night,VABP
"Bhopal, Madhya Pradesh, India",2025-09-12T07:00:00,75.1,75.1,69.7,83.33,0,0,,0,0,11.4,5.8,300,1011,88,1.9,5,0,0,,Partially cloudy,partly-cloudy-day,VABP
"Bhopal, Madhya Pradesh, India",2025-09-12T08:00:00,77.2,77.2,72.6,85.92,0,0,,0,0,13.2,6.9,291,1009.5,77.5,2.5,99,0.4,1,,Partially cloudy,partly-cloudy-day,"VABP,INM00042763,INMU0020417,INM00042672,INI0000VABP"
"Bhopal, Madhya Pradesh, India",2025-09-12T09:00:00,77.8,77.8,72.4,83.5,0,0,,0,0,16.1,7.6,335.5,1010,98.9,,302.2,1.1,3,,Overcast,cloudy,remote
"Bhopal, Madhya Pradesh, India",2025-09-12T10:00:00,78.7,78.7,72.9,82.55,0,0,,0,0,17.2,7.8,347.9,1010,98.6,,514.9,1.9,5,,Overcast,cloudy,remote
"Bhopal, Madhya Pradesh, India",2025-09-12T11:00:00,84.2,92.1,74.8,73.4,0,0,,0,0,18.3,9.2,320,1009.1,60.4,2.5,699.2,2.5,7,,Partially cloudy,partly-cloudy-day,"VABP,INM00042763,INMU0020417,INI0000VABP"
"Bhopal, Madhya Pradesh, India",2025-09-12T12:00:00,85.2,91.8,72.8,66.49,0,0,,0,0,18.8,6.7,12.4,1010,100,,574.4,2.1,6,,Overcast,cloudy,remote
"Bhopal, Madhya Pradesh, India",2025-09-12T13:00:00,85.4,91.8,72.4,65.31,0,0,,0,0,14.1,5.6,16,1009,98.7,,516.9,1.9,5,,Overcast,cloudy,remote
"Bhopal, Madhya Pradesh, India",2025-09-12T14:00:00,84.3,88.6,69.9,62.08,0,0,,0,0,12.5,6.9,340,1006.3,86.1,3.1,489.1,1.8,5,,Partially cloudy,partly-cloudy-day,"VABP,INM00042763,INMU0020417,INI0000VABP"
"Bhopal, Madhya Pradesh, India",2025-09-12T15:00:00,86.1,92.1,71.7,62.29,0,0,,0,0,12.1,9.2,340,1009,96.5,3.1,455.8,1.6,5,,Overcast,cloudy,"VABP,INMU0020417,INI0000VABP"
"Bhopal, Madhya Pradesh, India",2025-09-12T16:00:00,84.3,92.7,75.3,74.47,0,0,,0,0,13.6,5.8,330,1008,96.5,3.1,381.8,1.4,4,,Overcast,cloudy,"VABP,INMU0020417,INI0000VABP"
"Bhopal, Madhya Pradesh, India",2025-09-12T17:00:00,84.3,94.4,77.1,79.08,0,0,,0,0,13,8,341,1005.2,96.4,3.1,242.5,0.9,2,,Overcast,cloudy,"VABP,INM00042763,INMU0020417,INM00042672,INI0000VABP"
"Bhopal, Madhya Pradesh, India",2025-09-12T18:00:00,82.5,87.3,71.7,69.93,0,0,,0,0,9.6,3.4,320,1009,93.7,3.1,125.9,0.5,1,,Overcast,cloudy,"VABP,INMU0020417,INI0000VABP"
"Bhopal, Madhya Pradesh, India",2025-09-12T19:00:00,80.7,84.7,71.7,74.14,0,0,,0,0,7.4,3.4,320,1010,93.7,3.1,31,0.1,0,,Overcast,cloudy,"VABP,INMU0020417,INI0000VABP"
"Bhopal, Madhya Pradesh, India",2025-09-12T20:00:00,80.7,84.7,71.7,74.14,0,0,,0,0,7.8,2.2,340,1007.8,93.7,3.1,0,0,0,,Overcast,cloudy,"VABP,INMU0020417,INI0000VABP"
"Bhopal, Madhya Pradesh, India",2025-09-12T21:00:00,78.9,78.9,71.7,78.65,0,0,,0,0,9.2,2.2,300,1011,93.7,3.1,0,0,0,,Overcast,cloudy,"VABP,INMU0020417,INI0000VABP"
"Bhopal, Madhya Pradesh, India",2025-09-12T22:00:00,78.9,78.9,71.7,78.65,0,0,,0,0,9.6,4.7,350,1011,93.7,3.1,0,0,0,,Overcast,cloudy,"VABP,INMU0020417,INI0000VABP"
"Bhopal, Madhya Pradesh, India",2025-09-12T23:00:00,77.1,77.1,71.7,83.46,0,0,,0,0,11,3.4,310,1008.2,93.7,3.1,0,0,0,,Overcast,cloudy,"VABP,INMU0020417,INI0000VABP"
"Bhopal, Madhya Pradesh, India",2025-09-13T00:00:00,79.2,79.2,71.5,77.25,0,0,,0,0,11.4,5.8,344.4,1009,98.7,,0,0,0,,Overcast,cloudy,remote
"Bhopal, Madhya Pradesh, India",2025-09-13T01:00:00,77.1,77.1,71.7,83.46,0,0,,0,0,10.3,4.7,340,1010,93.7,2.5,0,0,0,,Overcast,cloudy,"VABP,INMU0020417,INI0000VABP"
"Bhopal, Madhya Pradesh, India",2025-09-13T02:00:00,77,77,72.7,86.66,0,0,,0,0,10.3,3.4,340,1007.3,77.6,2.5,0,0,0,,Partially cloudy,partly-cloudy-night,"VABP,INMU0020417,INI0000VABP"
"Bhopal, Madhya Pradesh, India",2025-09-13T03:00:00,77.3,77.3,71.7,82.96,0,0,,0,0,9.8,5.1,3.5,1008,96.5,,0,0,0,,Overcast,cloudy,remote
"Bhopal, Madhya Pradesh, India",2025-09-13T04:00:00,75.3,75.3,69.9,83.34,0,0,,0,0,8.7,3.4,330,1010,93.7,2.5,0,0,0,,Overcast,cloudy,"VABP,INMU0020417,INI0000VABP"
"Bhopal, Madhya Pradesh, India",2025-09-13T05:00:00,73.5,73.5,69.9,88.52,0,0,,0,0,8.5,2.2,360,1007.8,93.7,2.5,0,0,0,,Overcast,cloudy,"VABP,INMU0020417,INI0000VABP"
"Bhopal, Madhya Pradesh, India",2025-09-13T06:00:00,73.5,73.5,69.9,88.52,0,0,,0,0,8.7,4.7,360,1011,93.7,2.5,0,0,0,,Overcast,cloudy,"VABP,INMU0020417,INI0000VABP"
"Bhopal, Madhya Pradesh, India",2025-09-13T07:00:00,75.3,75.3,71.7,88.6,0,0,,0,0,8.5,4.7,340,1012,93.7,2.5,4.2,0,0,,Overcast,cloudy,"VABP,INMU0020417,INI0000VABP"
"Bhopal, Madhya Pradesh, India",2025-09-13T08:00:00,78.9,78.9,69.9,74.01,0,0,,0,0,9.6,8,1,1009.5,93.6,2.5,96.2,0.3,1,,Overcast,cloudy,"VABP,INM00042763,INMU0020417,INM00042672,INI0000VABP"
"Bhopal, Madhya Pradesh, India",2025-09-13T09:00:00,78.7,78.7,72.6,81.56,0,0,,0,0,11,5.4,26.8,1010,66.6,,236,0.8,2,,Partially cloudy,partly-cloudy-day,remote
"Bhopal, Madhya Pradesh, India",2025-09-13T10:00:00,84.3,89.8,71.7,65.99,0,0,,0,0,13,9.2,10,1012,93.7,3.1,433,1.6,4,,Overcast,cloudy,"VABP,INMU0020417,INI0000VABP"
"Bhopal, Madhya Pradesh, India",2025-09-13T11:00:00,86.1,92.1,71.7,62.3,0.012,100,rain,0,0,15.2,6.9,360,1008.2,96.5,3.1,691.1,2.5,7,,"Rain, Overcast",rain,"VABP,INM00042763,INMU0020417,INI0000VABP"
"Bhopal, Madhya Pradesh, India",2025-09-13T12:00:00,86.1,90.7,69.9,58.59,0.008,100,rain,0,0,15.2,9.2,360,1011,86.1,3.1,619.1,2.2,6,,"Rain, Partially cloudy",rain,"VABP,INMU0020417,INI0000VABP"
"Bhopal, Madhya Pradesh, India",2025-09-13T13:00:00,87.9,94.4,71.7,58.82,0,0,,0,0,15,5.8,20,1010,79.4,3.1,666.2,2.4,7,,Partially cloudy,partly-cloudy-day,"VABP,INMU0020417,INI0000VABP"
"Bhopal, Madhya Pradesh, India",2025-09-13T14:00:00,86.1,90.8,69.9,58.6,0,0,,0,0,14.3,6.9,340,1005.2,79.4,3.1,698,2.5,7,,Partially cloudy,partly-cloudy-day,"VABP,INM00042763,INMU0020417,INI0000VABP"
"Bhopal, Madhya Pradesh, India",2025-09-13T15:00:00,84.3,89.8,71.7,65.99,0,0,,0,0,13.9,5.8,10,1008,70.9,3.1,517.6,1.9,5,,Partially cloudy,partly-cloudy-day,"VABP,INMU0020417,INI0000VABP"
"Bhopal, Madhya Pradesh, India",2025-09-13T16:00:00,82.5,88.4,73.5,74.31,0.024,100,rain,0,0,13,2.2,10,1008,70.9,3.1,307.4,1.1,3,,"Rain, Partially cloudy",rain,"VABP,INMU0020417,INI0000VABP"
"Bhopal, Madhya Pradesh, India",2025-09-13T17:00:00,82.5,88.4,73.5,74.34,0.016,100,rain,0,0,11.2,2.2,321,1004.8,62.3,3.1,188,0.7,2,,"Rain, Partially cloudy",rain,"VABP,INM00042763,INMU0020417,INM00042672,INI0000VABP"
"Bhopal, Madhya Pradesh, India",2025-09-13T18:00:00,80.7,85.5,73.5,78.79,0.004,100,rain,0,0,7.2,1.1,70,1009,62.3,3.1,98.4,0.4,1,,"Rain, Partially cloudy",rain,"VABP,INMU0020417,INI0000VABP"
"Bhopal, Madhya Pradesh, India",2025-09-13T19:00:00,84.1,93.4,76.4,77.65,0,0,,0,0,5.1,2.9,358.3,1007,100,,18.6,0.1,0,,Overcast,cloudy,remote
"Bhopal, Madhya Pradesh, India",2025-09-13T20:00:00,78.9,78.9,73.5,83.57,0,0,,0,0,4.7,4.7,100,1006.8,62.3,3.1,0,0,0,,Partially cloudy,partly-cloudy-night,"VABP,INMU0020417,INI0000VABP"
"Bhopal, Madhya Pradesh, India",2025-09-13T21:00:00,81.1,87,75.1,82.21,0.004,100,rain,0,0,6,2.5,323.8,1008,100,,0,0,0,,"Rain, Overcast",rain,remote
"Bhopal, Madhya Pradesh, India",2025-09-13T22:00:00,81.2,87.2,74.9,81.24,0,0,,0,0,6.3,2.5,323.2,1009,100,,0,0,0,,Overcast,cloudy,remote
"Bhopal, Madhya Pradesh, India",2025-09-13T23:00:00,77.1,77.1,75.3,94.19,0,0,,0,0,5.6,3.4,20,1007.6,62.3,3.1,0,0,0,,Partially cloudy,partly-cloudy-night,"VABP,INMU0020417,INI0000VABP"
"Bhopal, Madhya Pradesh, India",2025-09-14T00:00:00,79.4,79.4,75.3,87.2,0,0,,0,0,4.5,2.9,316.3,1008,98.9,,0,0,0,,Overcast,cloudy,remote
"Bhopal, Madhya Pradesh, India",2025-09-14T01:00:00,79.2,79.2,75.1,87.19,0,0,,0,0,6.5,3.4,325.8,1008,97.2,,0,0,0,,Overcast,cloudy,remote
"Bhopal, Madhya Pradesh, India",2025-09-14T02:00:00,77.1,77.1,75.3,94.19,0,0,,0,0,6.5,0,607,1006.9,73.7,3.1,0,0,0,,Partially cloudy,partly-cloudy-night,"VABP,INMU0020417,INI0000VABP"
"Bhopal, Madhya Pradesh, India",2025-09-14T03:00:00,79.1,79.1,74.6,86.14,0.004,100,rain,0,0,6.3,3.6,339.7,1008,93.9,,0,0,0,,"Rain, Overcast",rain,remote
"Bhopal, Madhya Pradesh, India",2025-09-14T04:00:00,77.8,77.8,73.1,85.56,0,0,,0,0,7.2,3.6,338.4,1007,93.4,,0,0,0,,Overcast,cloudy,remote
"Bhopal, Madhya Pradesh, India",2025-09-14T05:00:00,75.3,75.3,73.5,94.15,0,0,,0,0,8.5,4.7,340,1006.7,73.7,2.5,0,0,0,,Partially cloudy,partly-cloudy-night,"VABP,INMU0020417,INI0000VABP"
"Bhopal, Madhya Pradesh, India",2025-09-14T06:00:00,80.3,84.8,73.1,78.76,0,0,,0,0,9.2,5.1,357.8,1007,89.2,,0,0,0,,Partially cloudy,partly-cloudy-night,remote
"Bhopal, Madhya Pradesh, India",2025-09-14T07:00:00,79.8,79.8,73.1,80.16,0,0,,0,0,9.2,5.1,4.7,1008,95.4,,1.4,0,0,,Overcast,cloudy,remote
"Bhopal, Madhya Pradesh, India",2025-09-14T08:00:00,80.7,85.5,73.5,78.81,0,0,,0,0,9.8,8,11,1007.7,25,2.5,43.5,0.2,0,,Partially cloudy,partly-cloudy-day,"VABP,INM00042763,INMU0020417,INM00042672,INI0000VABP"
"Bhopal, Madhya Pradesh, India",2025-09-14T09:00:00,84.3,91.1,73.5,70.12,0,0,,0,0,10.3,5.8,10,1011,25,3.1,140.1,0.5,1,,Partially cloudy,partly-cloudy-day,"VABP,INMU0020417,INI0000VABP"
"Bhopal, Madhya Pradesh, India",2025-09-14T10:00:00,84.3,91.1,73.5,70.12,0,0,,0,0,11.9,8.1,10,1011,79.4,3.1,359.4,1.3,4,,Partially cloudy,partly-cloudy-day,"VABP,INMU0020417,INI0000VABP"
"Bhopal, Madhya Pradesh, India",2025-09-14T11:00:00,84.3,91.1,73.5,70.12,0,0,,0,0,12.1,5.8,50,1007.6,96.5,3.1,510.8,1.8,5,,Overcast,cloudy,"VABP,INM00042763,INMU0020417,INI0000VABP"
"Bhopal, Madhya Pradesh, India",2025-09-14T12:00:00,86.1,90.7,69.9,58.59,0.004,100,rain,0,0,13,8.1,10,1010,94.6,3.1,648.7,2.3,6,,"Rain, Overcast",rain,"VABP,INMU0020417,INI0000VABP"
"Bhopal, Madhya Pradesh, India",2025-09-14T13:00:00,86.1,90.7,69.9,58.59,0.004,100,rain,0,0,13.6,4.7,50,1010,94.6,3.1,794.7,2.9,8,,"Rain, Overcast",rain,"VABP,INMU0020417,INI0000VABP"
"Bhopal, Madhya Pradesh, India",2025-09-14T14:00:00,82.5,88.4,73.5,74.31,0,0,,0,0,13,10.3,110,1005.5,81.3,3.1,474.9,1.7,5,,Partially cloudy,partly-cloudy-day,"VABP,INM00042763,INMU0020417,INI0000VABP"
"Bhopal, Madhya Pradesh, India",2025-09-14T15:00:00,86.8,97.3,76,70.38,0.047,100,rain,0,0,11.9,4.3,13.4,1006,98.8,,381.4,1.4,4,,"Rain, Overcast",rain,remote
"Bhopal, Madhya Pradesh, India",2025-09-14T16:00:00,84.3,91.1,73.5,70.12,0.012,100,rain,0,0,12.1,2.2,210,1008,96.5,3.1,433.7,1.6,4,,"Rain, Overcast",rain,"VABP,INMU0020417,INI0000VABP"
"Bhopal, Madhya Pradesh, India",2025-09-14T17:00:00,82.5,89.7,75.3,78.95,0,0,,0,0,9.2,4.7,201,1005.2,93.6,3.1,248.2,0.9,2,,Overcast,cloudy,"VABP,INM00042763,INMU0020417,INM00042672,INI0000VABP"
"Bhopal, Madhya Pradesh, India",2025-09-14T18:00:00,78.9,78.9,73.5,83.57,0,0,,0,0,8.7,3.4,250,1009,90.8,2.5,118.7,0.4,1,,Overcast,cloudy,"VABP,INMU0020417,INI0000VABP"
"Bhopal, Madhya Pradesh, India",2025-09-14T19:00:00,78.9,78.9,73.5,83.57,0,0,,0,0,4.9,0,607,1009,70.9,2.5,20.4,0.1,0,,Partially cloudy,partly-cloudy-night,"VABP,INMU0020417,INI0000VABP"
"Bhopal, Madhya Pradesh, India",2025-09-14T20:00:00,78.9,78.9,75.3,88.76,0,0,,0,0,4.5,1.1,140,1007.2,62.3,2.5,0,0,0,,Partially cloudy,partly-cloudy-night,"VABP,INMU0020417,INI0000VABP"
"Bhopal, Madhya Pradesh, India",2025-09-14T21:00:00,77.1,77.1,75.3,94.19,0,0,,0,0,3.4,2.2,310,1010,62.3,2.5,0,0,0,,Partially cloudy,partly-cloudy-night,"VABP,INMU0020417,INI0000VABP"
"Bhopal, Madhya Pradesh, India",2025-09-14T22:00:00,77.1,77.1,75.3,94.19,0.004,100,rain,0,0,3.1,2.2,250,1010,62.3,1.9,0,0,0,,"Rain, Partially cloudy",rain,"VABP,INMU0020417,INI0000VABP"
"Bhopal, Madhya Pradesh, India",2025-09-14T23:00:00,77.1,77.1,75.3,94.19,0,0,,0,0,4,2.2,170,1007.4,62.3,1.9,0,0,0,,Partially cloudy,partly-cloudy-night,"VABP,INMU0020417,INI0000VABP"
"Bhopal, Madhya Pradesh, India",2025-09-15T00:00:00,80,80,76.2,88.28,0,0,,0,0,5.8,1.3,273.2,1008,100,,0,0,0,,Overcast,cloudy,remote
"Bhopal, Madhya Pradesh, India",2025-09-15T01:00:00,75.3,75.3,73.5,94.15,0,0,,0,0,3.8,2.2,270,1009,62.3,1.9,0,0,0,,Partially cloudy,partly-cloudy-night,"VABP,INMU0020417,INI0000VABP"
"Bhopal, Madhya Pradesh, India",2025-09-15T02:00:00,76.6,76.6,72.6,87.41,0,0,,0,0,4,2.2,271,1005.7,62.3,1.3,0,0,0,,Partially cloudy,partly-cloudy-night,"VABP,INMU0020417,INI0000VABP"
"Bhopal, Madhya Pradesh, India",2025-09-15T03:00:00,78.5,78.5,76.4,93.11,0,0,,0,0,4.3,2.5,309,1006,99.8,,0,0,0,,Overcast,cloudy,remote
"Bhopal, Madhya Pradesh, India",2025-09-15T04:00:00,75.3,75.3,73.5,94.15,0,0,,0,0,4,2.2,210,1008,62.3,1.9,0,0,0,,Partially cloudy,partly-cloudy-night,"VABP,INMU0020417,INI0000VABP"
"Bhopal, Madhya Pradesh, India",2025-09-15T05:00:00,75.3,75.3,73.5,94.15,0,0,,0,0,3.4,1.1,210,1006,62.3,1.9,0,0,0,,Partially cloudy,partly-cloudy-night,"VABP,INMU0020417,INI0000VABP"
"Bhopal, Madhya Pradesh, India",2025-09-15T06:00:00,75.3,75.3,73.5,94.15,0.004,100,rain,0,0,3.4,1.1,230,1009,62.3,1.9,0,0,0,,"Rain, Partially cloudy",rain,"VABP,INMU0020417,INI0000VABP"
"Bhopal, Madhya Pradesh, India",2025-09-15T07:00:00,77.1,77.1,75.3,94.19,0.008,100,rain,0,0,3.4,2.2,270,1009,93.7,1.9,1.6,0,0,,"Rain, Overcast",rain,"VABP,INMU0020417,INI0000VABP"
"Bhopal, Madhya Pradesh, India",2025-09-15T08:00:00,80.7,86.4,75.3,83.69,0.016,100,rain,0,0,4.3,5.8,271,1007.1,90.7,2.5,20.1,0.1,0,,"Rain, Overcast",rain,"VABP,INM00042763,INMU0020417,INM00042672,INI0000VABP"
"Bhopal, Madhya Pradesh, India",2025-09-15T09:00:00,82.5,88.4,73.5,74.31,0.012,100,rain,0,0,4.9,5.8,330,1010,90.8,2.5,67.7,0.2,1,,"Rain, Overcast",rain,"VABP,INMU0020417,INI0000VABP"
"Bhopal, Madhya Pradesh, India",2025-09-15T10:00:00,84.3,91.1,73.5,70.12,0.008,100,rain,0,0,5.4,6.9,310,1010,93.7,3.1,159.1,0.6,2,,"Rain, Overcast",rain,"VABP,INMU0020417,INI0000VABP"
"Bhopal, Madhya Pradesh, India",2025-09-15T11:00:00,84.3,91.1,73.5,70.12,0.012,100,rain,0,0,7.8,9.2,320,1005.8,96.5,3.1,262.1,0.9,3,,"Rain, Overcast",rain,"VABP,INM00042763,INMU0020417,INI0000VABP"
"Bhopal, Madhya Pradesh, India",2025-09-15T12:00:00,84.3,91.1,73.5,70.12,0.008,100,rain,0,0,9.6,8.1,10,1008,81.4,3.1,412.3,1.5,4,,"Rain, Partially cloudy",rain,"VABP,INMU0020417,INI0000VABP"
"Bhopal, Madhya Pradesh, India",2025-09-15T13:00:00,84.8,95,76.7,76.78,0.012,100,rain,0,0,12.8,4.7,346.7,1007,96.3,,546.5,2,5,,"Rain, Overcast",rain,remote
"Bhopal, Madhya Pradesh, India",2025-09-15T14:00:00,84.3,89.8,71.7,66,0.138,100,rain,0,0,11.9,6.9,340,1003.6,81.4,2.5,325.7,1.2,3,,"Rain, Partially cloudy",rain,"VABP,INM00042763,INMU0020417,INI0000VABP"
"Bhopal, Madhya Pradesh, India",2025-09-15T15:00:00,86.1,97,76.7,73.75,0.067,100,rain,0,0,10.1,4.5,339.5,1004,99.1,,340,1.2,3,,"Rain, Overcast",rain,remote
"Bhopal, Madhya Pradesh, India",2025-09-15T16:00:00,77.1,77.1,77.1,100,0.114,100,rain,0,0,8.7,3.4,210,1007,82,1.9,187.6,0.7,2,,"Rain, Partially cloudy",rain,"VABP,INMU0020417,INI0000VABP"
"Bhopal, Madhya Pradesh, India",2025-09-15T17:00:00,75.3,75.3,75.3,100,0.094,100,rain,0,0,6.7,5.8,71,1004.2,81.3,2.5,139.9,0.5,1,,"Rain, Partially cloudy",rain,"VABP,INM00042763,INMU0020417,INM00042672,INI0000VABP"
"Bhopal, Madhya Pradesh, India",2025-09-15T18:00:00,81.8,89.8,77.3,86.29,0.091,100,rain,0,0,6,0.4,188.2,1005,100,,56.7,0.2,1,,"Rain, Overcast",rain,remote
"Bhopal, Madhya Pradesh, India",2025-09-15T19:00:00,81.4,89.4,77.8,88.87,0.024,100,rain,0,0,3.6,0.2,16.7,1006,100,,16,0.1,0,,"Rain, Overcast",rain,remote
"Bhopal, Madhya Pradesh, India",2025-09-15T20:00:00,75.1,75.1,75.1,100,0.004,100,rain,0,0,2.7,2.2,140,1009,88,3.1,0,0,0,,"Rain, Partially cloudy",rain,VABP
"Bhopal, Madhya Pradesh, India",2025-09-15T21:00:00,75.1,75.1,75.1,100,0.004,100,rain,0,0,3.4,3.4,120,1009,88,2.5,0,0,0,,"Rain, Partially cloudy",rain,VABP
"Bhopal, Madhya Pradesh, India",2025-09-15T22:00:00,75.1,75.1,75.1,100,0.004,100,rain,0,0,3.1,2.2,130,1009,88,2.5,0,0,0,,"Rain, Partially cloudy",rain,VABP
"Bhopal, Madhya Pradesh, India",2025-09-15T23:00:00,75.3,75.3,73.5,94.15,0.004,100,rain,0,0,7.8,4.7,210,1006.4,94.6,2.5,0,0,0,,"Rain, Overcast",rain,"VABP,INMU0020417,INI0000VABP"
"Bhopal, Madhya Pradesh, India",2025-09-16T00:00:00,77.3,77.3,75.5,94.2,0.008,100,rain,0,0,8.9,4.3,226,1007,100,,0,0,0,,"Rain, Overcast",rain,remote
"Bhopal, Madhya Pradesh, India",2025-09-16T01:00:00,75.3,75.3,73.5,94.15,0.008,100,rain,0,0,7.6,3.4,210,1008,94.6,1.9,0,0,0,,"Rain, Overcast",rain,"VABP,INMU0020417,INI0000VABP"
"Bhopal, Madhya Pradesh, India",2025-09-16T02:00:00,75.8,75.8,74,94.16,0.016,100,rain,0,0,6.9,3.4,201,1005.4,82.3,1.3,0,0,0,,"Rain, Partially cloudy",rain,"VABP,INMU0020417,INI0000VABP"
"Bhopal, Madhya Pradesh, India",2025-09-16T03:00:00,76,76,74.7,95.89,0.012,100,rain,0,0,7.2,4.3,225,1006,99.9,,0,0,0,,"Rain, Overcast",rain,remote
"Bhopal, Madhya Pradesh, India",2025-09-16T04:00:00,73.5,73.5,73.5,100,0.012,100,rain,0,0,8.1,3.4,230,1007,94.6,1.9,0,0,0,,"Rain, Overcast",rain,"VABP,INMU0020417,INI0000VABP"
"Bhopal, Madhya Pradesh, India",2025-09-16T05:00:00,73.5,73.5,73.5,100,0.008,100,rain,0,0,8.1,1.1,160,1005.6,94.6,1.9,0,0,0,,"Rain, Overcast",rain,"VABP,INMU0020417,INI0000VABP"
"Bhopal, Madhya Pradesh, India",2025-09-16T06:00:00,73.5,73.5,73.5,100,0.004,100,rain,0,0,7.2,3.4,270,1008,94.6,1.2,0,0,0,,"Rain, Overcast",rain,"VABP,INMU0020417,INI0000VABP"
"Bhopal, Madhya Pradesh, India",2025-09-16T07:00:00,77.3,77.3,75.5,94.2,0,0,,0,0,6.9,3.8,270.6,1007,91.4,,2.6,0,0,,Overcast,cloudy,remote
"Bhopal, Madhya Pradesh, India",2025-09-16T08:00:00,77.1,77.1,75.3,94.19,0,0,,0,0,9.8,6.9,291,1007.1,94.5,1.9,71.8,0.3,1,,Overcast,cloudy,"VABP,INM00042763,INMU0020417,INM00042672,INI0000VABP"
"Bhopal, Madhya Pradesh, India",2025-09-16T09:00:00,78.9,78.9,78.9,100,0,0,,0,0,12.3,6.9,300,1010,94.6,2.5,245.5,0.9,2,,Overcast,cloudy,"VABP,INMU0020417,INI0000VABP"
"Bhopal, Madhya Pradesh, India",2025-09-16T10:00:00,82.5,94.4,80.7,94.32,0,0,,0,0,13.4,6.9,310,1010,93.7,3.1,389.8,1.4,4,,Overcast,cloudy,"VABP,INMU0020417,INI0000VABP"
"Bhopal, Madhya Pradesh, India",2025-09-16T11:00:00,84.3,101.1,82.5,94.35,0,0,,0,0,13.4,4.7,340,1007.7,93.7,3.1,509.6,1.8,5,,Overcast,cloudy,"VABP,INM00042763,INMU0020417,INI0000VABP"
"Bhopal, Madhya Pradesh, India",2025-09-16T12:00:00,84.3,101.1,82.5,94.36,0,0,,0,0,12.8,4.7,340,1010,93.7,3.1,586.6,2.1,6,,Overcast,cloudy,"VABP,INMU0020417,INI0000VABP"
"Bhopal, Madhya Pradesh, India",2025-09-16T13:00:00,85.4,96,76.9,75.92,0.008,100,rain,0,0,10.3,2.5,297.3,1007,99.1,,553.5,2,6,,"Rain, Overcast",rain,remote
"Bhopal, Madhya Pradesh, India",2025-09-16T14:00:00,87.9,100.2,77.1,70.49,0.047,100,rain,0,0,10.1,2.2,50,1002.6,70.9,3.1,368.1,1.3,4,,"Rain, Partially cloudy",rain,"VABP,INM00042763,INMU0020417,INI0000VABP"
"Bhopal, Madhya Pradesh, India",2025-09-16T15:00:00,86.1,93.6,73.5,66.19,0.236,100,rain,0,0,12.5,4.7,50,1006,70.9,3.1,323.9,1.2,3,,"Rain, Partially cloudy",rain,"VABP,INMU0020417,INI0000VABP"
"Bhopal, Madhya Pradesh, India",2025-09-16T16:00:00,84.3,89.8,71.7,65.99,0.091,100,rain,0,0,13.6,3.4,70,1006,70.9,3.1,302.9,1.1,3,,"Rain, Partially cloudy",rain,"VABP,INMU0020417,INI0000VABP"
"Bhopal, Madhya Pradesh, India",2025-09-16T17:00:00,78.9,78.9,73.5,83.58,0.047,100,rain,0,0,11.6,10.3,191,1003.3,72.7,3.1,173.4,0.6,2,,"Rain, Partially cloudy",rain,"VABP,INM00042763,INMU0020417,INM00042672,INI0000VABP"
"Bhopal, Madhya Pradesh, India",2025-09-16T18:00:00,77.1,77.1,71.7,83.46,0.016,100,rain,0,0,9.6,4.7,180,1007,94.6,3.1,113.3,0.4,1,,"Rain, Overcast",rain,"VABP,INMU0020417,INI0000VABP"
"Bhopal, Madhya Pradesh, India",2025-09-16T19:00:00,77.1,77.1,73.5,88.68,0.016,100,rain,0,0,6.7,2.2,190,1008,93.7,3.1,20.7,0.1,0,,"Rain, Overcast",rain,"VABP,INMU0020417,INI0000VABP"
"Bhopal, Madhya Pradesh, India",2025-09-16T20:00:00,77.1,77.1,73.5,88.68,0.012,100,rain,0,0,6.9,3.4,160,1006.1,93.7,3.1,0,0,0,,"Rain, Overcast",rain,"VABP,INMU0020417,INI0000VABP"
"Bhopal, Madhya Pradesh, India",2025-09-16T21:00:00,77.1,77.1,73.5,88.68,0,0,,0,0,7.4,4.7,120,1009,93.7,3.1,0,0,0,,Overcast,cloudy,"VABP,INMU0020417,INI0000VABP"
"Bhopal, Madhya Pradesh, India",2025-09-16T22:00:00,77.1,77.1,71.7,83.46,0,0,,0,0,7.2,5.8,180,1009,93.7,3.1,0,0,0,,Overcast,cloudy,"VABP,INMU0020417,INI0000VABP"
"Bhopal, Madhya Pradesh, India",2025-09-16T23:00:00,75.3,75.3,73.5,94.15,0,0,,0,0,7.2,5.8,180,1006.3,93.7,3.1,0,0,0,,Overcast,cloudy,"VABP,INMU0020417,INI0000VABP"
"Bhopal, Madhya Pradesh, India",2025-09-17T00:00:00,76.6,76.6,73.5,90.29,0,0,,0,0,7.4,3.8,212.7,1008,90.1,,0,0,0,,Overcast,cloudy,remote
"Bhopal, Madhya Pradesh, India",2025-09-17T01:00:00,75.3,75.3,71.7,88.6,0.004,100,rain,0,0,7.2,4.7,240,1008,93.7,2.5,0,0,0,,"Rain, Overcast",rain,"VABP,INMU0020417,INI0000VABP"
"Bhopal, Madhya Pradesh, India",2025-09-17T02:00:00,76.6,76.6,73.9,91.25,0.004,100,rain,0,0,7.4,6.9,250,1005.5,77.6,2.5,0,0,0,,"Rain, Partially cloudy",rain,"VABP,INMU0020417,INI0000VABP"
"Bhopal, Madhya Pradesh, India",2025-09-17T03:00:00,76.2,76.2,74.2,93.61,0.008,100,rain,0,0,7.2,3.6,191.1,1007,96.4,,0,0,0,,"Rain, Overcast",rain,remote
"Bhopal, Madhya Pradesh, India",2025-09-17T04:00:00,75.1,75.1,74.4,97.62,0.012,100,rain,0,0,7.4,3.6,202.9,1006,98.1,,0,0,0,,"Rain, Overcast",rain,remote
"Bhopal, Madhya Pradesh, India",2025-09-17T05:00:00,73.5,73.5,71.7,94.11,0,0,,0,0,5.8,3.4,250,1006,93.7,2.5,0,0,0,,Overcast,cloudy,"VABP,INMU0020417,INI0000VABP"
"Bhopal, Madhya Pradesh, India",2025-09-17T06:00:00,73.5,73.5,71.7,94.11,0,0,,0,0,6.5,4.7,280,1009,62.3,2.5,0,0,0,,Partially cloudy,partly-cloudy-night,"VABP,INMU0020417,INI0000VABP"
"Bhopal, Madhya Pradesh, India",2025-09-17T07:00:00,77.3,77.3,75.3,93.63,0.004,100,rain,0,0,6.5,3.8,253.4,1007,98.2,,2.3,0,0,,"Rain, Overcast",rain,remote
"Bhopal, Madhya Pradesh, India",2025-09-17T08:00:00,77.1,77.1,73.5,88.7,0.004,100,rain,0,0,7.8,9.2,301,1007.5,93.6,2.5,47.6,0.2,0,,"Rain, Overcast",rain,"VABP,INM00042763,INMU0020417,INM00042672,INI0000VABP"
"Bhopal, Madhya Pradesh, India",2025-09-17T09:00:00,80.7,85.5,73.5,78.79,0,0,,0,0,10.3,9.2,300,1010,93.7,2.5,198.3,0.7,2,,Overcast,cloudy,"VABP,INMU0020417,INI0000VABP"
"Bhopal, Madhya Pradesh, India",2025-09-17T10:00:00,84.3,91.1,73.5,70.12,0,0,,0,0,11.2,6.9,330,1010,73.7,2.5,241.1,0.9,2,,Partially cloudy,partly-cloudy-day,"VABP,INMU0020417,INI0000VABP"
"Bhopal, Madhya Pradesh, India",2025-09-17T11:00:00,86.1,93.6,73.5,66.2,0,0,,0,0,11.6,5.8,360,1006.4,73.7,3.1,327.9,1.2,3,,Partially cloudy,partly-cloudy-day,"VABP,INM00042763,INMU0020417,INI0000VABP"
"Bhopal, Madhya Pradesh, India",2025-09-17T12:00:00,86.1,95.8,75.6,71.15,0,0,,0,0,11.2,5.1,335.4,1008,87.6,,336.9,1.2,3,,Partially cloudy,partly-cloudy-day,remote
"Bhopal, Madhya Pradesh, India",2025-09-17T13:00:00,86.1,93.6,73.5,66.19,0.004,100,rain,0,0,12.5,6.9,350,1007,72.8,2.5,600.3,2.2,6,,"Rain, Partially cloudy",rain,"VABP,INMU0020417,INI0000VABP"
"Bhopal, Madhya Pradesh, India",2025-09-17T14:00:00,82.5,89.7,75.3,78.92,0,0,,0,0,11.9,8.1,150,1003.7,94.6,3.1,634.7,2.3,6,,Overcast,cloudy,"VABP,INM00042763,INMU0020417,INI0000VABP"
"Bhopal, Madhya Pradesh, India",2025-09-17T15:00:00,87.5,99.2,76.7,70.45,0,0,,0,0,12.8,4.5,326.9,1005,55.6,,569.8,2.1,6,,Partially cloudy,partly-cloudy-day,remote
"Bhopal, Madhya Pradesh, India",2025-09-17T16:00:00,78.9,78.9,71.7,78.65,0.028,100,rain,0,0,12.1,5.8,200,1006,94.6,3.1,352.3,1.3,4,,"Rain, Overcast",rain,"VABP,INMU0020417,INI0000VABP"
"Bhopal, Madhya Pradesh, India",2025-09-17T17:00:00,77.1,77.1,73.5,88.68,0.016,100,rain,0,0,11.6,6.9,211,1004.2,72.7,3.1,216.2,0.8,2,,"Rain, Partially cloudy",rain,"VABP,INM00042763,INMU0020417,INM00042672,INI0000VABP"
"Bhopal, Madhya Pradesh, India",2025-09-17T18:00:00,75.3,75.3,73.5,94.15,0.031,100,rain,0,0,4.9,3.4,280,1008,72.8,3.1,53,0.2,1,,"Rain, Partially cloudy",rain,"VABP,INMU0020417,INI0000VABP"
"Bhopal, Madhya Pradesh, India",2025-09-17T19:00:00,73.5,73.5,69.9,88.52,0.02,100,rain,0,0,2.9,4.7,30,1009,72.8,3.1,16.6,0.1,0,,"Rain, Partially cloudy",rain,"VABP,INMU0020417,INI0000VABP"
"Bhopal, Madhya Pradesh, India",2025-09-17T20:00:00,73.5,73.5,71.7,94.11,0.016,100,rain,0,0,2.5,9.2,110,1007.7,72.8,1.9,0,0,0,,"Rain, Partially cloudy",rain,"VABP,INMU0020417,INI0000VABP"
"Bhopal, Madhya Pradesh, India",2025-09-17T21:00:00,71.7,71.7,71.7,100,0.012,100,rain,0,0,3.6,6.9,110,1011,72.8,1.9,0,0,0,,"Rain, Partially cloudy",rain,"VABP,INMU0020417,INI0000VABP"
"Bhopal, Madhya Pradesh, India",2025-09-17T22:00:00,71.7,71.7,71.7,100,0.008,100,rain,0,0,3.8,6.9,150,1011,72.8,1.9,0,0,0,,"Rain, Partially cloudy",rain,"VABP,INMU0020417,INI0000VABP"
"Bhopal, Madhya Pradesh, India",2025-09-17T23:00:00,71.7,71.7,71.7,100,0.004,100,rain,0,0,4,3.4,250,1007.9,72.8,1.9,0,0,0,,"Rain, Partially cloudy",rain,"VABP,INMU0020417,INI0000VABP"
"Bhopal, Madhya Pradesh, India",2025-09-18T00:00:00,76.7,76.7,75.1,94.75,0.004,100,rain,0,0,5.4,4,246.5,1008,100,,0,0,0,,"Rain, Overcast",rain,remote
"Bhopal, Madhya Pradesh, India",2025-09-18T01:00:00,76.2,76.2,74.6,94.74,0.039,100,rain,0,0,6.9,4,256.8,1008,100,,0,0,0,,"Rain, Overcast",rain,remote
"Bhopal, Madhya Pradesh, India",2025-09-18T02:00:00,71.7,71.7,71.7,100,0.035,100,rain,0,0,6.7,3.4,270,1005.5,94.6,1.9,0,0,0,,"Rain, Overcast",rain,"VABP,INMU0020417,INI0000VABP"
"Bhopal, Madhya Pradesh, India",2025-09-18T03:00:00,75.1,75.1,73.7,95.29,0.039,100,rain,0,0,5.6,3.4,275,1007,100,,0,0,0,,"Rain, Overcast",rain,remote
"Bhopal, Madhya Pradesh, India",2025-09-18T04:00:00,74,74,72.8,95.85,0.067,100,rain,0,0,5.8,2.9,229.7,1007,100,,0,0,0,,"Rain, Overcast",rain,remote
"Bhopal, Madhya Pradesh, India",2025-09-18T05:00:00,71.7,71.7,71.7,100,0.079,100,rain,0,0,7.6,1.1,200,1006.3,94.6,1.9,0,0,0,,"Rain, Overcast",rain,"VABP,INMU0020417,INI0000VABP"
"Bhopal, Madhya Pradesh, India",2025-09-18T06:00:00,75.3,75.3,73.3,93.58,0.091,100,rain,0,0,7.6,2,202.3,1007,100,,0,0,0,,"Rain, Overcast",rain,remote
"Bhopal, Madhya Pradesh, India",2025-09-18T07:00:00,71.7,71.7,71.7,100,0.083,100,rain,0,0,6.3,2.2,160,1010,94.6,1.2,1.2,0,0,,"Rain, Overcast",rain,"VABP,INMU0020417,INI0000VABP"
"Bhopal, Madhya Pradesh, India",2025-09-18T08:00:00,73.5,73.5,73.5,100,0.059,100,rain,0,0,6,3.4,181,1008.4,94.5,1.2,36.5,0.1,0,,"Rain, Overcast",rain,"VABP,INMU0020417,INM00042672,INI0000VABP"
"Bhopal, Madhya Pradesh, India",2025-09-18T09:00:00,75.3,75.3,71.7,88.6,0.063,100,rain,0,0,8.7,1.1,270,1011,94.6,1.9,51,0.2,1,,"Rain, Overcast",rain,"VABP,INMU0020417,INI0000VABP"
"Bhopal, Madhya Pradesh, India",2025-09-18T10:00:00,75.6,75.6,73.5,93.03,0.063,100,rain,0,0,11.4,2.7,249,1009,90.3,,93.5,0.3,1,,"Rain, Overcast",rain,remote
"Bhopal, Madhya Pradesh, India",2025-09-18T11:00:00,78.9,78.9,73.5,83.57,0.063,100,rain,0,0,13.4,3.4,250,1008,94.6,3.1,123.8,0.4,1,,"Rain, Overcast",rain,"VABP,INM00042763,INMU0020417,INI0000VABP"
"Bhopal, Madhya Pradesh, India",2025-09-18T12:00:00,80.7,84.7,71.7,74.14,0.047,100,rain,0,0,14.3,4.7,270,1010,94.6,3.1,202.7,0.7,2,,"Rain, Overcast",rain,"VABP,INMU0020417,INI0000VABP"
"Bhopal, Madhya Pradesh, India",2025-09-18T13:00:00,82.5,88.4,73.5,74.31,0.012,100,rain,0,0,10.1,4.7,300,1009,96.5,3.1,653.3,2.4,7,,"Rain, Overcast",rain,"VABP,INMU0020417,INI0000VABP"
"Bhopal, Madhya Pradesh, India",2025-09-18T14:00:00,82.5,87.3,71.7,69.93,0.008,100,rain,0,0,11,3.4,250,1004.4,96.5,3.1,583.9,2.1,6,,"Rain, Overcast",rain,"VABP,INM00042763,INMU0020417,INI0000VABP"
"Bhopal, Madhya Pradesh, India",2025-09-18T15:00:00,83.7,92.1,75.6,76.69,0.004,100,rain,0,0,12.5,3.1,330.3,1006,90.2,,543.8,2,5,,"Rain, Overcast",rain,remote
"Bhopal, Madhya Pradesh, India",2025-09-18T16:00:00,84.3,89.8,71.7,65.99,0.004,100,rain,0,0,11.6,0,607,1007,94.6,3.7,394.5,1.4,4,,"Rain, Overcast",rain,"VABP,INMU0020417,INI0000VABP"
"Bhopal, Madhya Pradesh, India",2025-09-18T17:00:00,82.5,88.5,73.5,74.32,0.004,100,rain,0,0,10.1,4.7,321,1003.9,94.5,3.7,292.9,1.1,3,,"Rain, Overcast",rain,"VABP,INM00042763,INMU0020417,INM00042672,INI0000VABP"
"Bhopal, Madhya Pradesh, India",2025-09-18T18:00:00,80.7,86.4,75.3,83.68,0.004,100,rain,0,0,7.4,5.8,340,1008,72.8,2.5,119.9,0.4,1,,"Rain, Partially cloudy",rain,"VABP,INMU0020417,INI0000VABP"
"Bhopal, Madhya Pradesh, India",2025-09-18T19:00:00,78.9,78.9,73.5,83.57,0.004,100,rain,0,0,4.9,4.7,20,1009,93.7,2.5,21.7,0.1,0,,"Rain, Overcast",rain,"VABP,INMU0020417,INI0000VABP"
"Bhopal, Madhya Pradesh, India",2025-09-18T20:00:00,75.3,75.3,71.7,88.6,0.008,100,rain,0,0,6.5,4.7,360,1006.6,93.7,2.5,0,0,0,,"Rain, Overcast",rain,"VABP,INMU0020417,INI0000VABP"
"Bhopal, Madhya Pradesh, India",2025-09-18T21:00:00,75.3,75.3,71.7,88.6,0.024,100,rain,0,0,4.7,3.4,20,1010,93.7,2.5,0,0,0,,"Rain, Overcast",rain,"VABP,INMU0020417,INI0000VABP"
"Bhopal, Madhya Pradesh, India",2025-09-18T22:00:00,75.3,75.3,71.7,88.6,0.004,100,rain,0,0,3.8,2.2,90,1010,93.7,2.5,0,0,0,,"Rain, Overcast",rain,"VABP,INMU0020417,INI0000VABP"
"Bhopal, Madhya Pradesh, India",2025-09-18T23:00:00,73.5,73.5,71.7,94.11,0,0,,0,0,5.8,3.4,140,1007.5,93.7,2.5,0,0,0,,Overcast,cloudy,"VABP,INMU0020417,INI0000VABP"
"Bhopal, Madhya Pradesh, India",2025-09-19T00:00:00,75.6,75.6,73.8,94.16,0,0,,0,0,6,2,236.5,1008,55,,0,0,0,,Partially cloudy,partly-cloudy-night,remote
"Bhopal, Madhya Pradesh, India",2025-09-19T01:00:00,73.5,73.5,71.7,94.11,0.004,100,rain,0,0,6.5,2.2,90,1009,93.7,2.5,0,0,0,,"Rain, Overcast",rain,"VABP,INMU0020417,INI0000VABP"
"Bhopal, Madhya Pradesh, India",2025-09-19T02:00:00,75.4,75.4,72.7,91.48,0,0,,0,0,6.5,2.2,90,1006.4,84.2,2.5,0,0,0,,Partially cloudy,partly-cloudy-night,"VABP,INMU0020417,INI0000VABP"
"Bhopal, Madhya Pradesh, India",2025-09-19T03:00:00,75.3,75.3,73.7,94.72,0.004,100,rain,0,0,5.1,2.7,251.4,1007,63.6,,0,0,0,,"Rain, Partially cloudy",rain,remote
"Bhopal, Madhya Pradesh, India",2025-09-19T04:00:00,74.6,74.6,73.3,95.86,0,0,,0,0,4,2,295.3,1007,80.2,,0,0,0,,Partially cloudy,partly-cloudy-night,remote
"Bhopal, Madhya Pradesh, India",2025-09-19T05:00:00,71.7,71.7,71.7,100,0,0,,0,0,4.3,2.2,150,1007,93.7,1.9,0,0,0,,Overcast,cloudy,"VABP,INMU0020417,INI0000VABP"
"Bhopal, Madhya Pradesh, India",2025-09-19T06:00:00,73.5,73.5,71.7,94.11,0,0,,0,0,4.9,0,607,1010,62.3,2.5,0,0,0,,Partially cloudy,partly-cloudy-night,"VABP,INMU0020417,INI0000VABP"
"Bhopal, Madhya Pradesh, India",2025-09-19T07:00:00,77.1,77.1,73.5,88.68,0,0,,0,0,5.4,3.4,190,1011,73.7,2.5,3.6,0,0,,Partially cloudy,partly-cloudy-day,"VABP,INMU0020417,INI0000VABP"
"Bhopal, Madhya Pradesh, India",2025-09-19T08:00:00,78.9,78.9,78.9,99.98,0,0,,0,0,8.1,4.7,181,1008.5,73.6,3.1,90,0.3,1,,Partially cloudy,partly-cloudy-day,"VABP,INM00042763,INMU0020417,INM00042672,INI0000VABP"
"Bhopal, Madhya Pradesh, India",2025-09-19T09:00:00,82.5,96.4,82.5,100,0,0,,0,0,9.2,3.4,260,1011,96.5,3.1,280.8,1,3,,Overcast,cloudy,"VABP,INMU0020417,INI0000VABP"
"Bhopal, Madhya Pradesh, India",2025-09-19T10:00:00,84.3,101.1,82.5,94.36,0.004,100,rain,0,0,10.7,5.8,290,1011,96.5,3.1,446.7,1.6,4,,"Rain, Overcast",rain,"VABP,INMU0020417,INI0000VABP"
"Bhopal, Madhya Pradesh, India",2025-09-19T11:00:00,84.3,91.1,73.5,70.12,0.008,100,rain,0,0,10.7,5.8,290,1007.3,96.5,3.7,562.2,2,6,,"Rain, Overcast",rain,"VABP,INM00042763,INMU0020417,INI0000VABP"
"Bhopal, Madhya Pradesh, India",2025-09-19T12:00:00,86.1,99.6,78.9,79.2,0.004,100,rain,0,0,11,4.7,320,1010,96.5,3.7,718.9,2.6,7,,"Rain, Overcast",rain,"VABP,INMU0020417,INI0000VABP"
"Bhopal, Madhya Pradesh, India",2025-09-19T13:00:00,87.3,97.6,75.6,68.35,0.008,100,rain,0,0,11.2,2.9,340.8,1008,88.9,,768.7,2.8,8,,"Rain, Partially cloudy",rain,remote
"Bhopal, Madhya Pradesh, India",2025-09-19T14:00:00,87.9,94.4,71.7,58.83,0.004,100,rain,0,0,11.4,5.8,10,1004.2,96.5,3.7,663.3,2.4,7,,"Rain, Overcast",rain,"VABP,INM00042763,INMU0020417,INI0000VABP"
"Bhopal, Madhya Pradesh, India",2025-09-19T15:00:00,88.2,98.7,75.5,66.03,0.008,100,rain,0,0,11.4,3.6,352,1006,90.4,,610,2.2,6,,"Rain, Overcast",rain,remote
"Bhopal, Madhya Pradesh, India",2025-09-19T16:00:00,86.1,92.1,71.7,62.29,0.012,100,rain,0,0,11.9,2.2,70,1007,96.5,3.1,532.9,1.9,5,,"Rain, Overcast",rain,"VABP,INMU0020417,INI0000VABP"
"Bhopal, Madhya Pradesh, India",2025-09-19T17:00:00,80.7,85.5,73.5,78.79,0.012,100,rain,0,0,11.9,4.7,201,1004.1,96.4,3.1,317.8,1.1,3,,"Rain, Overcast",rain,"VABP,INM00042763,INMU0020417,INM00042672,INI0000VABP"
"Bhopal, Madhya Pradesh, India",2025-09-19T18:00:00,78.9,78.9,73.5,83.57,0.028,100,rain,0,0,8.9,2.2,210,1008,96.5,2.5,136.7,0.5,1,,"Rain, Overcast",rain,"VABP,INMU0020417,INI0000VABP"
"Bhopal, Madhya Pradesh, India",2025-09-19T19:00:00,78.9,78.9,73.5,83.57,0.004,100,rain,0,0,8.9,4.7,300,1009,72.8,1.9,18.8,0.1,0,,"Rain, Partially cloudy",rain,"VABP,INMU0020417,INI0000VABP"
"Bhopal, Madhya Pradesh, India",2025-09-19T20:00:00,77.1,77.1,73.5,88.68,0,0,,0,0,7.8,2.3,290,1006,72.8,2.5,0,0,0,,Partially cloudy,partly-cloudy-night,"VABP,INMU0020417,INI0000VABP"
"Bhopal, Madhya Pradesh, India",2025-09-19T21:00:00,77.1,77.1,73.5,88.68,0.004,100,rain,0,0,5.1,6.9,160,1010,72.8,2.5,0,0,0,,"Rain, Partially cloudy",rain,"VABP,INMU0020417,INI0000VABP"
"Bhopal, Madhya Pradesh, India",2025-09-19T22:00:00,75.3,75.3,73.5,94.15,0.004,100,rain,0,0,4.3,5.8,190,1011,72.8,2.5,0,0,0,,"Rain, Partially cloudy",rain,"VABP,INMU0020417,INI0000VABP"
"Bhopal, Madhya Pradesh, India",2025-09-19T23:00:00,73.5,73.5,71.7,94.11,0.004,100,rain,0,0,3.8,5.8,200,1008.2,72.8,2.5,0,0,0,,"Rain, Partially cloudy",rain,"VABP,INMU0020417,INI0000VABP"
"Bhopal, Madhya Pradesh, India",2025-09-20T00:00:00,78.3,78.3,75.3,90.35,0,0,,0,0,2.9,2.5,274.1,1009,46.1,,0,0,0,,Partially cloudy,partly-cloudy-night,remote
"Bhopal, Madhya Pradesh, India",2025-09-20T01:00:00,73.5,73.5,73.5,100,0,0,,0,0,4.3,2.2,170,1009,72.8,1.9,0,0,0,,Partially cloudy,partly-cloudy-night,"VABP,INMU0020417,INI0000VABP"
"Bhopal, Madhya Pradesh, India",2025-09-20T02:00:00,73.5,73.5,73.5,100,0,0,,0,0,5.6,5.8,200,1006.8,72.8,1.9,0,0,0,,Partially cloudy,partly-cloudy-night,"VABP,INMU0020417,INI0000VABP"
"Bhopal, Madhya Pradesh, India",2025-09-20T03:00:00,76.7,76.7,75.1,94.75,0,0,,0,0,6,3.6,265.6,1007,66.1,,0,0,0,,Partially cloudy,partly-cloudy-night,remote
"Bhopal, Madhya Pradesh, India",2025-09-20T04:00:00,75.1,75.1,74.2,97.03,0,0,,0,0,5.6,2.5,266.4,1007,61,,0,0,0,,Partially cloudy,partly-cloudy-night,remote
"Bhopal, Madhya Pradesh, India",2025-09-20T05:00:00,73.5,73.5,73.5,100,0,0,,0,0,4.3,2.2,639,1006.9,94.6,1.9,0,0,0,,Overcast,cloudy,"VABP,INMU0020417,INI0000VABP"
"Bhopal, Madhya Pradesh, India",2025-09-20T06:00:00,77.1,77.1,74.9,93.07,0,0,,0,0,5.1,3.4,291.3,1007,49.3,,0,0,0,,Partially cloudy,partly-cloudy-night,remote
"Bhopal, Madhya Pradesh, India",2025-09-20T07:00:00,73.5,73.5,73.5,100,0,0,,0,0,6.3,4.7,270,1010,94.6,1.9,3.6,0,0,,Overcast,cloudy,"VABP,INMU0020417,INI0000VABP"
"Bhopal, Madhya Pradesh, India",2025-09-20T08:00:00,77.1,77.1,73.5,88.7,0,0,,0,0,8.9,2.2,291,1008.6,62.3,3.1,103.5,0.4,1,,Partially cloudy,partly-cloudy-day,"VABP,INM00042763,INMU0020417,INM00042672,INI0000VABP"
"Bhopal, Madhya Pradesh, India",2025-09-20T09:00:00,78.9,78.9,73.5,83.57,0,0,,0,0,10.5,3.4,330,1011,50,3.7,285.7,1,3,,Partially cloudy,partly-cloudy-day,"VABP,INMU0020417,INI0000VABP"
"Bhopal, Madhya Pradesh, India",2025-09-20T10:00:00,82.5,88.4,73.5,74.31,0.004,100,rain,0,0,12.1,5.8,320,1011,62.3,3.7,494.5,1.8,5,,"Rain, Partially cloudy",rain,"VABP,INMU0020417,INI0000VABP"
"Bhopal, Madhya Pradesh, India",2025-09-20T11:00:00,84.3,91.1,73.5,70.13,0.008,100,rain,0,0,13.2,5.8,340,1007,79.4,3.7,647.8,2.3,6,,"Rain, Partially cloudy",rain,"VABP,INM00042763,INMU0020417,INI0000VABP"
"Bhopal, Madhya Pradesh, India",2025-09-20T12:00:00,86.8,97.3,76,70.38,0.004,100,rain,0,0,13,4.7,349.5,1009,46.5,,605.4,2.2,6,,"Rain, Partially cloudy",rain,remote
"Bhopal, Madhya Pradesh, India",2025-09-20T13:00:00,87.7,98.4,75.8,67.98,0.008,100,rain,0,0,13.2,4.9,347.2,1008,41.8,,719.1,2.6,7,,"Rain, Partially cloudy",rain,remote
"Bhopal, Madhya Pradesh, India",2025-09-20T14:00:00,80.7,84.7,71.7,74.16,0.008,100,rain,0,0,13,8,260,1004.6,94.6,2.5,674.4,2.4,7,,"Rain, Overcast",rain,"VABP,INM00042763,INMU0020417,INI0000VABP"
"Bhopal, Madhya Pradesh, India",2025-09-20T15:00:00,85,94.5,76,74.54,0.008,100,rain,0,0,13.4,4.7,346.5,1006,60.1,,576,2.1,6,,"Rain, Partially cloudy",rain,remote
"Bhopal, Madhya Pradesh, India",2025-09-20T16:00:00,83.7,92.4,76,77.62,0.012,100,rain,0,0,13.6,2.9,310.6,1005,91.6,,369.5,1.3,4,,"Rain, Overcast",rain,remote
"Bhopal, Madhya Pradesh, India",2025-09-20T17:00:00,75.3,75.3,71.7,88.59,0.11,100,rain,0,0,13.2,3.4,271,1005.2,94.6,1.9,300.8,1.1,3,,"Rain, Overcast",rain,"VABP,INM00042763,INMU0020417,INM00042672,INI0000VABP"
"Bhopal, Madhya Pradesh, India",2025-09-20T18:00:00,75.3,75.3,71.7,88.6,0.008,100,rain,0,0,8.9,5.8,360,1008,94.6,1.9,114.3,0.4,1,,"Rain, Overcast",rain,"VABP,INMU0020417,INI0000VABP"
"Bhopal, Madhya Pradesh, India",2025-09-20T19:00:00,73.5,73.5,71.7,94.11,0.004,100,rain,0,0,5.4,2.2,300,1009,93.7,2.5,16.8,0.1,0,,"Rain, Overcast",rain,"VABP,INMU0020417,INI0000VABP"
"Bhopal, Madhya Pradesh, India",2025-09-20T20:00:00,75.3,75.3,73.5,94.15,0,0,,0,0,6.5,0,607,1007.4,93.7,2.5,0,0,0,,Overcast,cloudy,"VABP,INMU0020417,INI0000VABP"
"Bhopal, Madhya Pradesh, India",2025-09-20T21:00:00,73.5,73.5,71.7,94.11,0,0,,0,0,10.3,3.4,250,1010,93.7,2.5,0,0,0,,Overcast,cloudy,"VABP,INMU0020417,INI0000VABP"
"Bhopal, Madhya Pradesh, India",2025-09-20T22:00:00,75.3,75.3,71.7,88.6,0,0,,0,0,11.2,2.2,210,1010,93.7,2.5,0,0,0,,Overcast,cloudy,"VABP,INMU0020417,INI0000VABP"
"Bhopal, Madhya Pradesh, India",2025-09-20T23:00:00,75.3,75.3,71.7,88.6,0,0,,0,0,10.5,2.2,320,1007.6,94.6,2.5,0,0,0,,Overcast,cloudy,"VABP,INMU0020417,INI0000VABP"
"Bhopal, Madhya Pradesh, India",2025-09-21T00:00:00,76.6,76.6,74.4,93.05,0,0,,0,0,7.4,4.7,268.3,1008,99.5,,0,0,0,,Overcast,cloudy,remote
"Bhopal, Madhya Pradesh, India",2025-09-21T01:00:00,73.5,73.5,71.7,94.11,0.02,100,rain,0,0,8.5,2.2,220,1009,72.8,2.5,0,0,0,,"Rain, Partially cloudy",rain,"VABP,INMU0020417,INI0000VABP"
"Bhopal, Madhya Pradesh, India",2025-09-21T02:00:00,73.5,73.5,71.7,94.11,0.02,100,rain,0,0,9.4,2.2,250,1006.5,72.8,2.5,0,0,0,,"Rain, Partially cloudy",rain,"VABP,INMU0020417,INI0000VABP"
"Bhopal, Madhya Pradesh, India",2025-09-21T03:00:00,75.3,75.3,73.7,94.72,0.008,100,rain,0,0,9.4,4.9,303.7,1007,99.7,,0,0,0,,"Rain, Overcast",rain,remote
"Bhopal, Madhya Pradesh, India",2025-09-21T04:00:00,74.9,74.9,72.6,92.44,0,0,,0,0,9.4,4.9,316.9,1007,97.4,,0,0,0,,Overcast,cloudy,remote
"Bhopal, Madhya Pradesh, India",2025-09-21T05:00:00,73.5,73.5,71.7,94.11,0,0,,0,0,9.2,3.4,320,1006.3,73.7,2.5,0,0,0,,Partially cloudy,partly-cloudy-night,"VABP,INMU0020417,INI0000VABP"
"Bhopal, Madhya Pradesh, India",2025-09-21T06:00:00,73.5,73.5,71.7,94.11,0,0,,0,0,10.1,2.2,320,1009,93.7,1.9,0,0,0,,Overcast,cloudy,"VABP,INMU0020417,INI0000VABP"
"Bhopal, Madhya Pradesh, India",2025-09-21T07:00:00,75.3,75.3,73.5,94.15,0,0,,0,0,10.1,6.9,300,1010,93.7,1.9,3.2,0,0,,Overcast,cloudy,"VABP,INMU0020417,INI0000VABP"
"Bhopal, Madhya Pradesh, India",2025-09-21T08:00:00,78.9,78.9,73.5,83.59,0,0,,0,0,11.4,8,301,1008,93.6,2.5,74.5,0.3,1,,Overcast,cloudy,"VABP,INM00042763,INMU0020417,INM00042672,INI0000VABP"
"Bhopal, Madhya Pradesh, India",2025-09-21T09:00:00,78.9,78.9,73.5,83.57,0,0,,0,0,13.2,8.1,280,1010,93.7,2.5,282.3,1,3,,Overcast,cloudy,"VABP,INMU0020417,INI0000VABP"
"Bhopal, Madhya Pradesh, India",2025-09-21T10:00:00,84.3,92.7,75.3,74.47,0,0,,0,0,13.9,6.9,300,1010,93.7,2.5,462.8,1.7,5,,Overcast,cloudy,"VABP,INMU0020417,INI0000VABP"
"Bhopal, Madhya Pradesh, India",2025-09-21T11:00:00,86.1,93.6,73.5,66.2,0,0,,0,0,14.3,6.9,300,1006.2,94.6,2.5,647.9,2.3,6,,Overcast,cloudy,"VABP,INM00042763,INMU0020417,INI0000VABP"
"Bhopal, Madhya Pradesh, India",2025-09-21T12:00:00,87.9,94.4,71.7,58.82,0.004,100,rain,0,0,14.5,10.3,10,1009,72.8,3.1,792.7,2.9,8,,"Rain, Partially cloudy",rain,"VABP,INMU0020417,INI0000VABP"
"Bhopal, Madhya Pradesh, India",2025-09-21T13:00:00,87.9,99.3,76.4,68.82,0.004,100,rain,0,0,11.6,3.6,5.8,1007,68.8,,639.9,2.3,6,,"Rain, Partially cloudy",rain,remote
"Bhopal, Madhya Pradesh, India",2025-09-21T14:00:00,77.1,77.1,71.7,83.45,0.004,100,rain,0,0,11.6,6.9,310,1004.3,94.6,2.5,567.6,2,6,,"Rain, Overcast",rain,"VABP,INM00042763,INMU0020417,INI0000VABP"
"Bhopal, Madhya Pradesh, India",2025-09-21T15:00:00,87.9,100.2,77.1,70.48,0.004,100,rain,0,0,12.3,3.4,20,1006,94.6,3.1,615.9,2.2,6,,"Rain, Overcast",rain,"VABP,INMU0020417,INI0000VABP"
"Bhopal, Madhya Pradesh, India",2025-09-21T16:00:00,78.9,78.9,71.7,78.65,0.004,100,rain,0,0,11.4,8.1,270,1006,94.6,3.1,494.7,1.8,5,,"Rain, Overcast",rain,"VABP,INMU0020417,INI0000VABP"
"Bhopal, Madhya Pradesh, India",2025-09-21T17:00:00,78.9,78.9,69.9,74.01,0.004,100,rain,0,0,12.1,2.2,231,1003.6,93.6,3.1,312.5,1.1,3,,"Rain, Overcast",rain,"VABP,INM00042763,INMU0020417,INM00042672,INI0000VABP"
"Bhopal, Madhya Pradesh, India",2025-09-21T18:00:00,78.9,78.9,71.7,78.65,0,0,,0,0,10.5,3.4,190,1007,93.7,3.1,148.2,0.5,1,,Overcast,cloudy,"VABP,INMU0020417,INI0000VABP"
"Bhopal, Madhya Pradesh, India",2025-09-21T19:00:00,77.1,77.1,73.5,88.68,0,0,,0,0,5.4,3.4,200,1008,93.7,3.1,23.5,0.1,0,,Overcast,cloudy,"VABP,INMU0020417,INI0000VABP"
"Bhopal, Madhya Pradesh, India",2025-09-21T20:00:00,77.1,77.1,73.5,88.68,0.004,100,rain,0,0,8.1,3.4,270,1006.2,93.7,3.1,0,0,0,,"Rain, Overcast",rain,"VABP,INMU0020417,INI0000VABP"
"Bhopal, Madhya Pradesh, India",2025-09-21T21:00:00,80.1,85.3,75.3,85.17,0.008,100,rain,0,0,8.3,2.5,270.1,1007,39.8,,0,0,0,,"Rain, Partially cloudy",rain,remote
"Bhopal, Madhya Pradesh, India",2025-09-21T22:00:00,80,80,75.1,85.16,0,0,,0,0,6.7,4,269.6,1008,42,,0,0,0,,Partially cloudy,partly-cloudy-night,remote
"Bhopal, Madhya Pradesh, India",2025-09-21T23:00:00,75.3,75.3,73.5,94.15,0,0,,0,0,6.3,4.7,250,1006.2,93.7,3.1,0,0,0,,Overcast,cloudy,"VABP,INMU0020417,INI0000VABP"
"Bhopal, Madhya Pradesh, India",2025-09-22T00:00:00,78.3,78.3,74.6,88.21,0,0,,0,0,7.8,5.4,281.6,1007,58.1,,0,0,0,,Partially cloudy,partly-cloudy-night,remote
"Bhopal, Madhya Pradesh, India",2025-09-22T01:00:00,78,78,74.4,88.72,0,0,,0,0,9.4,5.1,289.1,1007,80.1,,0,0,0,,Partially cloudy,partly-cloudy-night,remote
"Bhopal, Madhya Pradesh, India",2025-09-22T02:00:00,73.5,73.5,73.5,100,0,0,,0,0,8.7,2.2,290,1005.6,93.7,1.9,0,0,0,,Overcast,cloudy,"VABP,INMU0020417,INI0000VABP"
"Bhopal, Madhya Pradesh, India",2025-09-22T03:00:00,76.7,76.7,73.8,90.84,0,0,,0,0,7.8,4,306,1007,79.6,,0,0,0,,Partially cloudy,partly-cloudy-night,remote
"Bhopal, Madhya Pradesh, India",2025-09-22T04:00:00,76.6,76.6,74,91.94,0,0,,0,0,7.2,4.5,313.7,1007,67.7,,0,0,0,,Partially cloudy,partly-cloudy-night,remote
"Bhopal, Madhya Pradesh, India",2025-09-22T05:00:00,73.5,73.5,71.7,94.11,0,0,,0,0,10.3,3.4,320,1006.1,93.7,1.9,0,0,0,,Overcast,cloudy,"VABP,INMU0020417,INI0000VABP"
"Bhopal, Madhya Pradesh, India",2025-09-22T06:00:00,73.5,73.5,71.7,94.11,0,0,,0,0,11,3.4,320,1009,62.3,1.9,0,0,0,,Partially cloudy,partly-cloudy-night,"VABP,INMU0020417,INI0000VABP"
"Bhopal, Madhya Pradesh, India",2025-09-22T07:00:00,73.5,73.5,71.7,94.11,0,0,,0,0,10.3,4.7,320,1010,62.3,2.5,3.1,0,0,,Partially cloudy,partly-cloudy-day,"VABP,INMU0020417,INI0000VABP"
"Bhopal, Madhya Pradesh, India",2025-09-22T08:00:00,77.1,77.1,73.5,88.7,0,0,,0,0,10.1,6.9,321,1008,62.3,3.1,92.4,0.3,1,,Partially cloudy,partly-cloudy-day,"VABP,INM00042763,INMU0020417,INM00042672,INI0000VABP"
"Bhopal, Madhya Pradesh, India",2025-09-22T09:00:00,78.9,78.9,73.5,83.57,0.004,100,rain,0,0,11,5.8,320,1011,62.3,3.1,277.5,1,3,,"Rain, Partially cloudy",rain,"VABP,INMU0020417,INI0000VABP"
"Bhopal, Madhya Pradesh, India",2025-09-22T10:00:00,84.3,91.1,73.5,70.12,0,0,,0,0,11.6,5.8,340,1011,25,3.7,454.3,1.6,5,,Partially cloudy,partly-cloudy-day,"VABP,INMU0020417,INI0000VABP"
"Bhopal, Madhya Pradesh, India",2025-09-22T11:00:00,86.1,92.1,71.7,62.3,0.004,100,rain,0,0,12.3,2.2,639,1005.8,61.1,3.7,618.3,2.2,6,,"Rain, Partially cloudy",rain,"VABP,INM00042763,INMU0020417,INI0000VABP"
"Bhopal, Madhya Pradesh, India",2025-09-22T12:00:00,87.9,92.9,69.9,55.33,0,0,,0,0,12.3,4.7,80,1009,25,3.7,724.7,2.6,7,,Partially cloudy,partly-cloudy-day,"VABP,INMU0020417,INI0000VABP"
"Bhopal, Madhya Pradesh, India",2025-09-22T13:00:00,89.7,91.4,64.5,43.39,0.004,100,rain,0,0,12.1,6.9,20,1009,73.7,3.7,817.7,2.9,8,,"Rain, Partially cloudy",rain,"VABP,INMU0020417,INI0000VABP"
"Bhopal, Madhya Pradesh, India",2025-09-22T14:00:00,89.7,90.4,62.7,40.8,0.004,100,rain,0,0,11.9,5.8,1,1007.8,94.5,3.7,796.1,2.9,8,,"Rain, Overcast",rain,"VABP,INM00042763,INMU0020417,INM00042672,INI0000VABP"
"Bhopal, Madhya Pradesh, India",2025-09-22T15:00:00,89.7,89,59.1,35.85,0,0,,0,0,13,4.7,40,1007,90.8,3.7,587.7,2.1,6,,Overcast,cloudy,"VABP,INMU0020417,INI0000VABP"
"Bhopal, Madhya Pradesh, India",2025-09-22T16:00:00,89.7,92.4,66.3,46.19,0,0,,0,0,13.4,4.7,40,1007,90.8,3.7,525.8,1.9,5,,Overcast,cloudy,"VABP,INMU0020417,INI0000VABP"
"Bhopal, Madhya Pradesh, India",2025-09-22T17:00:00,86.1,90.8,69.9,58.62,0.012,100,rain,0,0,13.4,2.2,51,1003.3,62.3,3.7,303.1,1.1,3,,"Rain, Partially cloudy",rain,"VABP,INM00042763,INMU0020417,INM00042672,INI0000VABP"
"Bhopal, Madhya Pradesh, India",2025-09-22T18:00:00,84.3,88.6,69.9,62.07,0,0,,0,0,10.1,2.2,80,1008,62.3,3.7,158.9,0.6,2,,Partially cloudy,partly-cloudy-day,"VABP,INMU0020417,INI0000VABP"
"Bhopal, Madhya Pradesh, India",2025-09-22T19:00:00,82.5,85.5,68.1,61.85,0,0,,0,0,6.7,2.2,170,1009,62.3,3.1,24.9,0.1,0,,Partially cloudy,partly-cloudy-night,"VABP,INMU0020417,INI0000VABP"
"Bhopal, Madhya Pradesh, India",2025-09-22T20:00:00,80.7,84,69.9,69.74,0,0,,0,0,5.1,0,607,1006.2,50,3.1,0,0,0,,Partially cloudy,partly-cloudy-night,"VABP,INMU0020417,INI0000VABP"
"Bhopal, Madhya Pradesh, India",2025-09-22T21:00:00,78.9,78.9,71.7,78.65,0,0,,0,0,4.7,4.7,220,1010,50,3.1,0,0,0,,Partially cloudy,partly-cloudy-night,"VABP,INMU0020417,INI0000VABP"
"Bhopal, Madhya Pradesh, India",2025-09-22T22:00:00,77.1,77.1,71.7,83.46,0,0,,0,0,5.6,6.9,240,1010,50,3.1,0,0,0,,Partially cloudy,partly-cloudy-night,"VABP,INMU0020417,INI0000VABP"
"Bhopal, Madhya Pradesh, India",2025-09-22T23:00:00,77.1,77.1,71.7,83.46,0,0,,0,0,6.3,6.9,250,1007.3,50,3.1,0,0,0,,Partially cloudy,partly-cloudy-night,"VABP,INMU0020417,INI0000VABP"
"Bhopal, Madhya Pradesh, India",2025-09-23T00:00:00,78.7,78.7,75.5,89.83,0,0,,0,0,8.3,4.7,251.6,1008,52.4,,0,0,0,,Partially cloudy,partly-cloudy-night,remote
"Bhopal, Madhya Pradesh, India",2025-09-23T01:00:00,78.5,78.5,75.1,89.28,0,0,,0,0,8.7,5.1,259.5,1008,59.5,,0,0,0,,Partially cloudy,partly-cloudy-night,remote
"Bhopal, Madhya Pradesh, India",2025-09-23T02:00:00,75.3,75.3,71.7,88.6,0,0,,0,0,9.6,5.8,260,1006.2,50,3.1,0,0,0,,Partially cloudy,partly-cloudy-night,"VABP,INMU0020417,INI0000VABP"
"Bhopal, Madhya Pradesh, India",2025-09-23T03:00:00,77.1,77.1,74.6,91.95,0,0,,0,0,9.8,5.8,270.2,1007,68.1,,0,0,0,,Partially cloudy,partly-cloudy-night,remote
"Bhopal, Madhya Pradesh, India",2025-09-23T04:00:00,76.7,76.7,73.5,89.75,0,0,,0,0,10.1,4.5,268.5,1007,78,,0,0,0,,Partially cloudy,partly-cloudy-night,remote
"Bhopal, Madhya Pradesh, India",2025-09-23T05:00:00,73.5,73.5,71.7,94.11,0,0,,0,0,10.1,6.9,270,1006.7,73.7,1.9,0,0,0,,Partially cloudy,partly-cloudy-night,"VABP,INMU0020417,INI0000VABP"
"Bhopal, Madhya Pradesh, India",2025-09-23T06:00:00,79.4,79.4,75.3,87.2,0,0,,0,0,11,5.4,285,1007,54.8,,0,0,0,,Partially cloudy,partly-cloudy-night,remote
"Bhopal, Madhya Pradesh, India",2025-09-23T07:00:00,73.5,73.5,73.5,100,0,0,,0,0,11.9,8.1,290,1010,50,2.5,3.1,0,0,,Partially cloudy,partly-cloudy-day,"VABP,INMU0020417,INI0000VABP"
"Bhopal, Madhya Pradesh, India",2025-09-23T08:00:00,77.1,77.1,73.5,88.7,0,0,,0,0,13.4,6.9,291,1008.1,25,2.5,83.9,0.3,1,,Partially cloudy,partly-cloudy-day,"VABP,INM00042763,INMU0020417,INM00042672,INI0000VABP"
"Bhopal, Madhya Pradesh, India",2025-09-23T09:00:00,82.5,88.4,73.5,74.31,0,0,,0,0,16.6,5.8,290,1011,25,2.5,293.7,1.1,3,,Partially cloudy,partly-cloudy-day,"VABP,INMU0020417,INI0000VABP"
"Bhopal, Madhya Pradesh, India",2025-09-23T10:00:00,84.3,89.8,71.7,65.99,0,0,,0,0,17.4,6.9,290,1011,25,3.7,485.1,1.7,5,,Partially cloudy,partly-cloudy-day,"VABP,INMU0020417,INI0000VABP"
"Bhopal, Madhya Pradesh, India",2025-09-23T11:00:00,86.1,90.8,69.9,58.6,0,0,,0,0,17.9,6.9,290,1006.6,62.3,3.7,691.1,2.5,7,,Partially cloudy,partly-cloudy-day,"VABP,INM00042763,INMU0020417,INI0000VABP"
"Bhopal, Madhya Pradesh, India",2025-09-23T12:00:00,87.9,91.6,68.1,52.02,0.004,100,rain,0,0,17.9,4.7,330,1009,62.3,3.7,808.5,2.9,8,,"Rain, Partially cloudy",rain,"VABP,INMU0020417,INI0000VABP"
"Bhopal, Madhya Pradesh, India",2025-09-23T13:00:00,91.5,95.7,68.1,46.46,0,0,,0,0,15.2,5.8,270,1008,62.3,3.7,809.5,2.9,8,,Partially cloudy,partly-cloudy-day,"VABP,INMU0020417,INI0000VABP"
"Bhopal, Madhya Pradesh, India",2025-09-23T14:00:00,87.9,91.6,68.1,52.03,0,0,,0,0,15.2,6.9,340,1004.2,72.8,3.7,687.6,2.5,7,,Partially cloudy,partly-cloudy-day,"VABP,INM00042763,INMU0020417,INI0000VABP"
"Bhopal, Madhya Pradesh, India",2025-09-23T15:00:00,87.9,94.4,71.7,58.82,0,0,,0,0,15.2,10.3,310,1007,79.4,3.7,532.2,1.9,5,,Partially cloudy,partly-cloudy-day,"VABP,INMU0020417,INI0000VABP"
"Bhopal, Madhya Pradesh, India",2025-09-23T16:00:00,88.1,98.1,75.1,65.62,0,0,,0,0,14.8,6.3,334.5,1005,24.1,,478.3,1.7,5,,Partially cloudy,partly-cloudy-day,remote
"Bhopal, Madhya Pradesh, India",2025-09-23T17:00:00,87.9,90.5,66.3,48.93,0,0,,0,0,14.1,6.9,321,1002.2,62.3,3.7,278.6,1,3,,Partially cloudy,partly-cloudy-day,"VABP,INM00042763,INMU0020417,INM00042672,INI0000VABP"
"Bhopal, Madhya Pradesh, India",2025-09-23T18:00:00,84.3,91.1,73.5,70.12,0,0,,0,0,11.6,2.2,280,1007,62.3,3.7,110.7,0.4,1,,Partially cloudy,partly-cloudy-day,"VABP,INMU0020417,INI0000VABP"
"Bhopal, Madhya Pradesh, India",2025-09-23T19:00:00,82.5,88.4,73.5,74.31,0,0,,0,0,6.5,2.2,280,1007,62.3,3.7,18.8,0.1,0,,Partially cloudy,partly-cloudy-night,"VABP,INMU0020417,INI0000VABP"
"Bhopal, Madhya Pradesh, India",2025-09-23T20:00:00,80.7,88.4,78.9,94.28,0,0,,0,0,5.6,2.2,639,1005.5,62.3,3.1,0,0,0,,Partially cloudy,partly-cloudy-night,"VABP,INMU0020417,INI0000VABP"
"Bhopal, Madhya Pradesh, India",2025-09-23T21:00:00,78.9,78.9,78.9,100,0,0,,0,0,4.9,3.4,200,1009,62.3,3.1,0,0,0,,Partially cloudy,partly-cloudy-night,"VABP,INMU0020417,INI0000VABP"
"Bhopal, Madhya Pradesh, India",2025-09-23T22:00:00,77.1,77.1,77.1,100,0,0,,0,0,4.5,3.4,200,1009,62.3,3.1,0,0,0,,Partially cloudy,partly-cloudy-night,"VABP,INMU0020417,INI0000VABP"
"Bhopal, Madhya Pradesh, India",2025-09-23T23:00:00,75.3,75.3,75.3,100,0,0,,0,0,6.9,3.4,200,1005.2,62.3,2.5,0,0,0,,Partially cloudy,partly-cloudy-night,"VABP,INMU0020417,INI0000VABP"
"Bhopal, Madhya Pradesh, India",2025-09-24T00:00:00,75.3,75.3,75.3,100,0,0,,0,0,9.6,4.7,210,1008,62.3,2.5,0,0,0,,Partially cloudy,partly-cloudy-night,"VABP,INMU0020417,INI0000VABP"
"Bhopal, Madhya Pradesh, India",2025-09-24T01:00:00,73.5,73.5,73.5,100,0,0,,0,0,7.8,4.7,200,1008,62.3,2.5,0,0,0,,Partially cloudy,partly-cloudy-night,"VABP,INMU0020417,INI0000VABP"
"Bhopal, Madhya Pradesh, India",2025-09-24T02:00:00,75.3,75.3,73.5,94.15,0,0,,0,0,8.9,9.2,270,1005.2,62.3,2.5,0,0,0,,Partially cloudy,partly-cloudy-night,"VABP,INMU0020417,INI0000VABP"
"Bhopal, Madhya Pradesh, India",2025-09-24T03:00:00,77.4,77.4,74,89.24,0,0,,0,0,12.3,7.4,291.5,1006,64.9,,0,0,0,,Partially cloudy,partly-cloudy-night,remote
"Bhopal, Madhya Pradesh, India",2025-09-24T04:00:00,76.7,76.7,72.8,87.6,0,0,,0,0,15.4,8.3,304.1,1006,78,,0,0,0,,Partially cloudy,partly-cloudy-night,remote
"Bhopal, Madhya Pradesh, India",2025-09-24T05:00:00,73.5,73.5,71.7,94.11,0,0,,0,0,17.4,8.1,260,1005.3,62.3,1.9,0,0,0,,Partially cloudy,partly-cloudy-night,"VABP,INMU0020417,INI0000VABP"
"Bhopal, Madhya Pradesh, India",2025-09-24T06:00:00,73.5,73.5,71.7,94.11,0,0,,0,0,17.7,6.9,280,1008,62.3,1.9,0,0,0,,Partially cloudy,partly-cloudy-night,"VABP,INMU0020417,INI0000VABP"
"Bhopal, Madhya Pradesh, India",2025-09-24T07:00:00,75.3,75.3,73.5,94.15,0,0,,0,0,17.4,9.2,280,1009,62.3,2.5,3.2,0,0,,Partially cloudy,partly-cloudy-day,"VABP,INMU0020417,INI0000VABP"
"Bhopal, Madhya Pradesh, India",2025-09-24T08:00:00,77.1,77.1,77.1,99.99,0,0,,0,0,17.4,12.7,291,1006.5,62.3,3.1,97.1,0.3,1,,Partially cloudy,partly-cloudy-day,"VABP,INM00042763,INMU0020417,INM00042672,INI0000VABP"
"Bhopal, Madhya Pradesh, India",2025-09-24T09:00:00,80.7,89.6,80.7,100,0,0,,0,0,20.8,12.8,290,1009,79.4,3.7,282.4,1,3,,Partially cloudy,partly-cloudy-day,"VABP,INMU0020417,INI0000VABP"
"Bhopal, Madhya Pradesh, India",2025-09-24T10:00:00,82.5,87.3,71.7,69.93,0,0,,0,0,22.1,11.4,290,1009,79.4,3.7,515.7,1.9,5,,Partially cloudy,partly-cloudy-day,"VABP,INMU0020417,INI0000VABP"
"Bhopal, Madhya Pradesh, India",2025-09-24T11:00:00,84.3,89.8,71.7,65.99,0.004,100,rain,0,0,22.8,11.4,290,1005.5,79.4,3.7,679.5,2.4,7,,"Rain, Partially cloudy",rain,"VABP,INM00042763,INMU0020417,INI0000VABP"
"Bhopal, Madhya Pradesh, India",2025-09-24T12:00:00,86.1,90.7,69.9,58.59,0.004,100,rain,0,0,22.1,10.3,310,1008,79.4,3.7,672,2.4,7,,"Rain, Partially cloudy",rain,"VABP,INMU0020417,INI0000VABP"
"Bhopal, Madhya Pradesh, India",2025-09-24T13:00:00,87,94.9,73.5,64.32,0.004,100,rain,0,0,19.9,9.4,331.3,1006,42.6,,715.3,2.6,7,,"Rain, Partially cloudy",rain,remote
"Bhopal, Madhya Pradesh, India",2025-09-24T14:00:00,89.7,93.6,68.1,49.16,0,0,,0,0,19.9,6.9,270,1002.3,79.4,3.7,598.1,2.2,6,,Partially cloudy,partly-cloudy-day,"VABP,INM00042763,INMU0020417,INI0000VABP"
"Bhopal, Madhya Pradesh, India",2025-09-24T15:00:00,84.3,92.7,75.3,74.47,0,0,,0,0,19.5,3.4,300,1005,79.4,3.7,548.7,2,5,,Partially cloudy,partly-cloudy-day,"VABP,INMU0020417,INI0000VABP"
"Bhopal, Madhya Pradesh, India",2025-09-24T16:00:00,87.9,91.6,68.1,52.02,0,0,,0,0,18.8,12.8,310,1005,93.7,3.7,444.1,1.6,4,,Overcast,cloudy,"VABP,INMU0020417,INI0000VABP"
"Bhopal, Madhya Pradesh, India",2025-09-24T17:00:00,86.1,89.6,68.1,55.13,0,0,,0,0,16.8,4.7,311,1001.3,62.3,3.7,277.3,1,3,,Partially cloudy,partly-cloudy-day,"VABP,INM00042763,INMU0020417,INM00042672,INI0000VABP"
"Bhopal, Madhya Pradesh, India",2025-09-24T18:00:00,87.2,96.6,74.9,67.11,0,0,,0,0,13.4,4.3,322.6,1003,79.8,,151.9,0.5,2,,Partially cloudy,partly-cloudy-day,remote
"Bhopal, Madhya Pradesh, India",2025-09-24T19:00:00,86.4,95.8,75.1,69.08,0,0,,0,0,9.8,4.5,308.9,1003,55.6,,21.3,0.1,0,,Partially cloudy,partly-cloudy-night,remote
"Bhopal, Madhya Pradesh, India",2025-09-24T20:00:00,80.7,83.4,68.1,65.57,0,0,,0,0,8.7,0,607,1003.9,25,3.1,0,0,0,,Partially cloudy,partly-cloudy-night,"VABP,INMU0020417,INI0000VABP"
"Bhopal, Madhya Pradesh, India",2025-09-24T21:00:00,77.1,77.1,69.9,78.5,0,0,,0,0,9.2,0,607,1007,25,3.1,0,0,0,,Partially cloudy,partly-cloudy-night,"VABP,INMU0020417,INI0000VABP"
"Bhopal, Madhya Pradesh, India",2025-09-24T22:00:00,78.9,78.9,68.1,69.55,0,0,,0,0,10.7,2.2,270,1007,73.7,3.1,0,0,0,,Partially cloudy,partly-cloudy-night,"VABP,INMU0020417,INI0000VABP"
"Bhopal, Madhya Pradesh, India",2025-09-24T23:00:00,77.1,77.1,68.1,73.81,0,0,,0,0,12.3,8.1,250,1004.5,62.3,3.1,0,0,0,,Partially cloudy,partly-cloudy-night,"VABP,INMU0020417,INI0000VABP"
"Bhopal, Madhya Pradesh, India",2025-09-25T00:00:00,79.1,79.1,71.7,78.18,0,0,,0,0,13.4,8.3,297.2,1006,97.3,,0,0,0,,Overcast,cloudy,remote
"Bhopal, Madhya Pradesh, India",2025-09-25T01:00:00,78.5,78.5,71.7,79.58,0,0,,0,0,16.1,8.9,300.3,1005,99.8,,0,0,0,,Overcast,cloudy,remote
"Bhopal, Madhya Pradesh, India",2025-09-25T02:00:00,73.5,73.5,69.9,88.52,0,0,,0,0,16.3,8.1,290,1004.2,62.3,2.5,0,0,0,,Partially cloudy,partly-cloudy-night,"VABP,INMU0020417,INI0000VABP"
"Bhopal, Madhya Pradesh, India",2025-09-25T03:00:00,77.3,77.3,71.9,83.47,0,0,,0,0,16.3,9.4,306.8,1005,91.6,,0,0,0,,Overcast,cloudy,remote
"Bhopal, Madhya Pradesh, India",2025-09-25T04:00:00,75.6,75.6,71.5,87.01,0,0,,0,0,16.8,9.6,308,1005,79.7,,0,0,0,,Partially cloudy,partly-cloudy-night,remote
"Bhopal, Madhya Pradesh, India",2025-09-25T05:00:00,71.7,71.7,69.9,94.06,0,0,,0,0,17.2,6.9,270,1005.2,25,2.5,0,0,0,,Partially cloudy,partly-cloudy-night,"VABP,INMU0020417,INI0000VABP"
"Bhopal, Madhya Pradesh, India",2025-09-25T06:00:00,71.7,71.7,69.9,94.06,0,0,,0,0,17.7,6.9,280,1008,25,2.5,0,0,0,,Partially cloudy,partly-cloudy-night,"VABP,INMU0020417,INI0000VABP"
"Bhopal, Madhya Pradesh, India",2025-09-25T07:00:00,73.5,73.5,71.7,94.11,0,0,,0,0,18.3,9.2,280,1008,62.3,2.5,3.1,0,0,,Partially cloudy,partly-cloudy-day,"VABP,INMU0020417,INI0000VABP"
"Bhopal, Madhya Pradesh, India",2025-09-25T08:00:00,78.1,78.1,73.1,84.5,0,0,,0,0,19,9.2,291,1006.1,68,1.3,102.8,0.4,1,,Partially cloudy,partly-cloudy-day,"VABP,INM00042763,INMU0020417,INM00042672,INI0000VABP"
"Bhopal, Madhya Pradesh, India",2025-09-25T09:00:00,80.7,84,69.9,69.74,0,0,,0,0,21.5,13.9,300,1009,62.3,3.1,296.7,1.1,3,,Partially cloudy,partly-cloudy-day,"VABP,INMU0020417,INI0000VABP"
"Bhopal, Madhya Pradesh, India",2025-09-25T10:00:00,84.3,89.8,71.7,65.99,0,0,,0,0,22.4,11.4,310,1009,25,3.1,485.6,1.7,5,,Partially cloudy,partly-cloudy-day,"VABP,INMU0020417,INI0000VABP"
"Bhopal, Madhya Pradesh, India",2025-09-25T11:00:00,86.1,89.6,68.1,55.09,0,0,,0,0,22.6,12.7,300,1005.3,93.7,3.7,680.9,2.5,7,,Overcast,cloudy,"VABP,INM00042763,INMU0020417,INI0000VABP"
"Bhopal, Madhya Pradesh, India",2025-09-25T12:00:00,87.9,92.9,69.9,55.33,0.004,100,rain,0,0,23,9.2,320,1008,62.3,3.7,712.8,2.6,7,,"Rain, Partially cloudy",rain,"VABP,INMU0020417,INI0000VABP"
"Bhopal, Madhya Pradesh, India",2025-09-25T13:00:00,86.1,89.6,68.1,55.09,0,0,,0,0,24.6,10.3,340,1007,94.6,3.7,630.2,2.3,6,,Overcast,cloudy,"VABP,INMU0020417,INI0000VABP"
"Bhopal, Madhya Pradesh, India",2025-09-25T14:00:00,86.1,89.6,68.1,55.09,0,0,,0,0,23.9,9.2,340,1002.6,72.8,3.1,585.2,2.1,6,,Partially cloudy,partly-cloudy-day,"VABP,INM00042763,INMU0020417,INI0000VABP"
"Bhopal, Madhya Pradesh, India",2025-09-25T15:00:00,87.9,92.9,69.9,55.33,0,0,,0,0,23.3,8.1,350,1005,93.7,3.7,491.5,1.8,5,,Overcast,cloudy,"VABP,INMU0020417,INI0000VABP"
"Bhopal, Madhya Pradesh, India",2025-09-25T16:00:00,86.1,92.1,71.7,62.29,0,0,,0,0,21.9,6.9,330,1005,93.7,3.7,527.1,1.9,5,,Overcast,cloudy,"VABP,INMU0020417,INI0000VABP"
"Bhopal, Madhya Pradesh, India",2025-09-25T17:00:00,86.1,93.7,73.5,66.22,0,0,,0,0,20.8,5.8,331,1001.9,62.3,3.7,340.8,1.2,3,,Partially cloudy,partly-cloudy-day,"VABP,INM00042763,INMU0020417,INM00042672,INI0000VABP"
"Bhopal, Madhya Pradesh, India",2025-09-25T18:00:00,78.9,78.9,73.5,83.57,0,0,,0,0,15.7,1.1,250,1006,94.6,2.5,142.7,0.5,1,,Overcast,cloudy,"VABP,INMU0020417,INI0000VABP"
"Bhopal, Madhya Pradesh, India",2025-09-25T19:00:00,80.7,84.7,71.7,74.14,0,0,,0,0,10.5,1.1,280,1007,93.7,3.1,20.3,0.1,0,,Overcast,cloudy,"VABP,INMU0020417,INI0000VABP"
"Bhopal, Madhya Pradesh, India",2025-09-25T20:00:00,78.9,78.9,73.5,83.57,0,0,,0,0,8.3,1.1,340,1004.3,93.7,3.1,0,0,0,,Overcast,cloudy,"VABP,INMU0020417,INI0000VABP"
"Bhopal, Madhya Pradesh, India",2025-09-25T21:00:00,81.4,86.4,72.8,75.12,0,0,,0,0,7.6,4.9,325,1006,77.5,,0,0,0,,Partially cloudy,partly-cloudy-night,remote
"Bhopal, Madhya Pradesh, India",2025-09-25T22:00:00,80.9,85.4,72.6,75.99,0,0,,0,0,8.3,5.1,328.5,1006,84.9,,0,0,0,,Partially cloudy,partly-cloudy-night,remote
"Bhopal, Madhya Pradesh, India",2025-09-25T23:00:00,78.9,78.9,71.7,78.65,0,0,,0,0,8.9,3.4,320,1005.3,93.7,3.1,0,0,0,,Overcast,cloudy,"VABP,INMU0020417,INI0000VABP"
"Bhopal, Madhya Pradesh, India",2025-09-26T00:00:00,75.3,75.3,69.9,83.34,0,0,,0,0,8.7,3.4,330,1008,93.7,3.1,0,0,0,,Overcast,cloudy,"VABP,INMU0020417,INI0000VABP"
"Bhopal, Madhya Pradesh, India",2025-09-26T01:00:00,78.3,78.3,71.5,79.57,0,0,,0,0,8.7,4.7,350.1,1006,93,,0,0,0,,Overcast,cloudy,remote
"Bhopal, Madhya Pradesh, India",2025-09-26T02:00:00,75.3,75.3,69.9,83.34,0,0,,0,0,8.3,3.4,320,1003.9,93.7,2.5,0,0,0,,Overcast,cloudy,"VABP,INMU0020417,INI0000VABP"
"Bhopal, Madhya Pradesh, India",2025-09-26T03:00:00,77.4,77.4,71.1,80.97,0,0,,0,0,9.2,5.4,351.5,1005,86.4,,0,0,0,,Partially cloudy,partly-cloudy-night,remote
"Bhopal, Madhya Pradesh, India",2025-09-26T04:00:00,76.9,76.9,71.3,82.94,0,0,,0,0,9.8,5.8,358.3,1005,95.4,,0,0,0,,Overcast,cloudy,remote
"Bhopal, Madhya Pradesh, India",2025-09-26T05:00:00,73.5,73.5,69.9,88.52,0,0,,0,0,10.1,4.7,320,1004.4,93.7,2.5,0,0,0,,Overcast,cloudy,"VABP,INMU0020417,INI0000VABP"
"Bhopal, Madhya Pradesh, India",2025-09-26T06:00:00,78.5,78.5,71.7,79.58,0,0,,0,0,10.5,6,355,1006,94.8,,0,0,0,,Overcast,cloudy,remote
"Bhopal, Madhya Pradesh, India",2025-09-26T07:00:00,77.1,77.1,69.9,78.5,0,0,,0,0,10.5,5.8,320,1009,94.6,2.5,2.7,0,0,,Overcast,cloudy,"VABP,INMU0020417,INI0000VABP"
"Bhopal, Madhya Pradesh, India",2025-09-26T08:00:00,78.9,78.9,69.9,74,0,0,,0,0,11.4,8,341,1006.5,93.5,3.1,85.7,0.3,1,,Overcast,cloudy,"VABP,INM00042763,INMU0020417,INM00042672,INI0000VABP"
"Bhopal, Madhya Pradesh, India",2025-09-26T09:00:00,80.1,84.1,72.2,76.86,0,0,,0,0,12.8,6.7,7.6,1008,36.5,,230.8,0.8,2,,Partially cloudy,partly-cloudy-day,remote
"Bhopal, Madhya Pradesh, India",2025-09-26T10:00:00,86.1,89.6,68.1,55.09,0,0,,0,0,15.7,10.3,350,1009,25,3.1,443.4,1.6,4,,Partially cloudy,partly-cloudy-day,"VABP,INMU0020417,INI0000VABP"
"Bhopal, Madhya Pradesh, India",2025-09-26T11:00:00,87.9,91.6,68.1,52.03,0,0,,0,0,19.5,9.2,20,1004.9,25,3.1,662.3,2.4,7,,Partially cloudy,partly-cloudy-day,"VABP,INM00042763,INMU0020417,INI0000VABP"
"Bhopal, Madhya Pradesh, India",2025-09-26T12:00:00,88.4,95.6,72.2,58.89,0,0,,0,0,21,9.8,27.1,1007,33.8,,625.7,2.3,6,,Partially cloudy,partly-cloudy-day,remote
"Bhopal, Madhya Pradesh, India",2025-09-26T13:00:00,88.8,96,72.2,58.23,0,0,,0,0,23,9.8,27.3,1006,34.4,,729.4,2.6,7,,Partially cloudy,partly-cloudy-day,remote
"Bhopal, Madhya Pradesh, India",2025-09-26T14:00:00,91.5,94.5,66.3,43.66,0,0,,0,0,23,11.4,20,1001.8,25,3.7,756.4,2.7,8,,Partially cloudy,partly-cloudy-day,"VABP,INM00042763,INMU0020417,INI0000VABP"
"Bhopal, Madhya Pradesh, India",2025-09-26T15:00:00,91.5,94.4,66.3,43.66,0,0,,0,0,21.9,10.3,10,1005,25,3.7,636.6,2.3,6,,Partially cloudy,partly-cloudy-day,"VABP,INMU0020417,INI0000VABP"
"Bhopal, Madhya Pradesh, India",2025-09-26T16:00:00,91.5,93.3,64.5,41.01,0,0,,0,0,20.6,11.4,340,1005,25,3.7,495.3,1.8,5,,Partially cloudy,partly-cloudy-day,"VABP,INMU0020417,INI0000VABP"
"Bhopal, Madhya Pradesh, India",2025-09-26T17:00:00,89.7,90.5,62.7,40.79,0,0,,0,0,19.9,11.4,341,1001.8,62.3,3.7,317.1,1.1,3,,Partially cloudy,partly-cloudy-day,"VABP,INM00042763,INMU0020417,INM00042672,INI0000VABP"
"Bhopal, Madhya Pradesh, India",2025-09-26T18:00:00,86.1,88.5,66.3,51.77,0,0,,0,0,15,5.8,360,1007,93.7,3.1,158.4,0.6,2,,Overcast,cloudy,"VABP,INMU0020417,INI0000VABP"
"Bhopal, Madhya Pradesh, India",2025-09-26T19:00:00,87.3,95.2,73.3,63.2,0,0,,0,0,11.4,4.5,36.2,1004,89.2,,14.9,0.1,0,,Partially cloudy,partly-cloudy-night,remote
"Bhopal, Madhya Pradesh, India",2025-09-26T20:00:00,80.7,83.4,68.1,65.57,0,0,,0,0,8.3,3.4,360,1005.1,73.7,2.5,0,0,0,,Partially cloudy,partly-cloudy-night,"VABP,INMU0020417,INI0000VABP"
"Bhopal, Madhya Pradesh, India",2025-09-26T21:00:00,82.1,87.2,72.2,72.06,0,0,,0,0,8.5,4.7,24.9,1006,98.4,,0,0,0,,Overcast,cloudy,remote
"Bhopal, Madhya Pradesh, India",2025-09-26T22:00:00,81.9,86.7,71.9,71.6,0,0,,0,0,9.8,5.4,26.9,1007,98.3,,0,0,0,,Overcast,cloudy,remote
"Bhopal, Madhya Pradesh, India",2025-09-26T23:00:00,77.1,77.1,68.1,73.81,0,0,,0,0,10.7,5.8,330,1005.7,73.7,2.5,0,0,0,,Partially cloudy,partly-cloudy-night,"VABP,INMU0020417,INI0000VABP"
"Bhopal, Madhya Pradesh, India",2025-09-27T00:00:00,79.4,79.4,70.8,74.94,0,0,,0,0,11,7.2,17.2,1007,99.3,,0,0,0,,Overcast,cloudy,remote
"Bhopal, Madhya Pradesh, India",2025-09-27T01:00:00,79.4,79.4,71,75.4,0,0,,0,0,13.6,7.8,9.7,1006,99.3,,0,0,0,,Overcast,cloudy,remote
"Bhopal, Madhya Pradesh, India",2025-09-27T02:00:00,78.4,78.4,68.3,70.97,0,0,,0,0,13.9,8.1,340,1004.3,71.8,2.5,0,0,0,,Partially cloudy,partly-cloudy-night,"VABP,INMU0020417,INI0000VABP"
"Bhopal, Madhya Pradesh, India",2025-09-27T03:00:00,78.7,78.7,71.1,77.68,0,0,,0,0,14.1,8.3,12.7,1005,99.1,,0,0,0,,Overcast,cloudy,remote
"Bhopal, Madhya Pradesh, India",2025-09-27T04:00:00,78.3,78.3,70.4,76.7,0,0,,0,0,14.1,8.5,21.7,1005,100,,0,0,0,,Overcast,cloudy,remote
"Bhopal, Madhya Pradesh, India",2025-09-27T05:00:00,77.1,77.1,69.9,78.5,0.008,100,rain,0,0,13.2,4.7,10,1004.5,93.7,2.5,0,0,0,,"Rain, Overcast",rain,"VABP,INMU0020417,INI0000VABP"
"Bhopal, Madhya Pradesh, India",2025-09-27T06:00:00,75.3,75.3,69.9,83.34,0.016,100,rain,0,0,12.8,5.8,10,1008,81.4,2.5,0,0,0,,"Rain, Partially cloudy",rain,"VABP,INMU0020417,INI0000VABP"
"Bhopal, Madhya Pradesh, India",2025-09-27T07:00:00,77.4,77.4,72.4,84.5,0.008,100,rain,0,0,14.5,10.3,32.5,1006,98.7,,2.2,0,0,,"Rain, Overcast",rain,remote
"Bhopal, Madhya Pradesh, India",2025-09-27T08:00:00,78.9,78.9,71.7,78.66,0.004,100,rain,0,0,16.6,11.4,11,1006,93.6,2.5,45.8,0.2,0,,"Rain, Overcast",rain,"VABP,INM00042763,INMU0020417,INM00042672,INI0000VABP"
"Bhopal, Madhya Pradesh, India",2025-09-27T09:00:00,80.7,85.5,73.5,78.79,0.004,100,rain,0,0,17.9,15,360,1009,93.7,2.5,177.5,0.6,2,,"Rain, Overcast",rain,"VABP,INMU0020417,INI0000VABP"
"Bhopal, Madhya Pradesh, India",2025-09-27T10:00:00,82.5,87.3,71.7,69.93,0.012,100,rain,0,0,21.9,15,10,1009,93.7,2.5,305.3,1.1,3,,"Rain, Overcast",rain,"VABP,INMU0020417,INI0000VABP"
"Bhopal, Madhya Pradesh, India",2025-09-27T11:00:00,78.9,78.9,73.5,83.57,0.024,100,rain,0,0,22.1,15,10,1005.8,72.8,3.1,282.4,1,3,,"Rain, Partially cloudy",rain,"VABP,INM00042763,INMU0020417,INI0000VABP"
"Bhopal, Madhya Pradesh, India",2025-09-27T12:00:00,82.5,87.3,71.7,69.93,0.024,100,rain,0,0,23.3,10.3,360,1007,94.6,3.7,321.5,1.2,3,,"Rain, Overcast",rain,"VABP,INMU0020417,INI0000VABP"
"Bhopal, Madhya Pradesh, India",2025-09-27T13:00:00,82.5,87.3,71.7,69.93,0.012,100,rain,0,0,25.5,12.8,360,1005,93.7,3.7,384.7,1.4,4,,"Rain, Overcast",rain,"VABP,INMU0020417,INI0000VABP"
"Bhopal, Madhya Pradesh, India",2025-09-27T14:00:00,82.5,88.4,73.5,74.32,0.008,100,rain,0,0,25.5,16.1,20,1002.2,94.6,3.7,504.3,1.8,5,,"Rain, Overcast",rain,"VABP,INM00042763,INMU0020417,INI0000VABP"
"Bhopal, Madhya Pradesh, India",2025-09-27T15:00:00,82.5,88.4,73.5,74.31,0.024,100,rain,0,0,27.3,16.1,360,1005,94.6,3.7,440.1,1.6,4,,"Rain, Overcast",rain,"VABP,INMU0020417,INI0000VABP"
"Bhopal, Madhya Pradesh, India",2025-09-27T16:00:00,82.5,88.4,73.5,74.31,0.106,100,rain,0,0,26.4,13.9,10,1004,72.8,3.7,312.6,1.1,3,,"Rain, Partially cloudy",rain,"VABP,INMU0020417,INI0000VABP"
"Bhopal, Madhya Pradesh, India",2025-09-27T17:00:00,82.5,87.3,71.7,69.96,0.004,100,rain,0,0,23.9,11.4,21,1001.3,72.7,3.7,136.6,0.5,1,,"Rain, Partially cloudy",rain,"VABP,INM00042763,INMU0020417,INM00042672,INI0000VABP"
"Bhopal, Madhya Pradesh, India",2025-09-27T18:00:00,82.5,87.3,71.7,69.93,0,0,,0,0,20.1,12.8,10,1005,72.8,3.1,73,0.3,1,,Partially cloudy,partly-cloudy-day,"VABP,INMU0020417,INI0000VABP"
"Bhopal, Madhya Pradesh, India",2025-09-27T19:00:00,77.1,77.1,75.3,94.19,0,0,,0,0,19.5,12.5,9,1006,72.8,2.5,14.1,0.1,0,,Partially cloudy,partly-cloudy-night,"VABP,INMU0020417,INI0000VABP"
"Bhopal, Madhya Pradesh, India",2025-09-27T20:00:00,77.1,77.1,73.5,88.68,0.047,100,rain,0,0,21.3,9.2,350,1003.6,94.6,2.5,0,0,0,,"Rain, Overcast",rain,"VABP,INMU0020417,INI0000VABP"
"Bhopal, Madhya Pradesh, India",2025-09-27T21:00:00,77.1,77.1,73.5,88.68,0.039,100,rain,0,0,21.5,10.3,10,1007,72.8,2.5,0,0,0,,"Rain, Partially cloudy",rain,"VABP,INMU0020417,INI0000VABP"
"Bhopal, Madhya Pradesh, India",2025-09-27T22:00:00,77.1,77.1,75.3,94.19,0.012,100,rain,0,0,19.5,11.4,10,1007,72.8,1.2,0,0,0,,"Rain, Partially cloudy",rain,"VABP,INMU0020417,INI0000VABP"
"Bhopal, Madhya Pradesh, India",2025-09-27T23:00:00,75.3,75.3,75.3,100,0.012,100,rain,0,0,18.3,11.4,20,1004.1,72.8,1.2,0,0,0,,"Rain, Partially cloudy",rain,"VABP,INMU0020417,INI0000VABP"
"Bhopal, Madhya Pradesh, India",2025-09-28T00:00:00,76.9,76.9,74.7,93.06,0.028,100,rain,0,0,18.1,11.2,39.8,1005,100,,0,0,0,,"Rain, Overcast",rain,remote
"Bhopal, Madhya Pradesh, India",2025-09-28T01:00:00,75.3,75.3,73.5,94.15,0.067,100,rain,0,0,20.8,11.4,10,1005,72.8,2.5,0,0,0,,"Rain, Partially cloudy",rain,"VABP,INMU0020417,INI0000VABP"
"Bhopal, Madhya Pradesh, India",2025-09-28T02:00:00,75.3,75.3,73.5,94.15,0.118,100,rain,0,0,21.3,9.2,30,1002.1,72.8,2.5,0,0,0,,"Rain, Partially cloudy",rain,"VABP,INMU0020417,INI0000VABP"
"Bhopal, Madhya Pradesh, India",2025-09-28T03:00:00,76.4,76.4,74,92.49,0.102,100,rain,0,0,20.4,11.2,49.6,1003,100,,0,0,0,,"Rain, Overcast",rain,remote
"Bhopal, Madhya Pradesh, India",2025-09-28T04:00:00,75.1,75.1,74.6,98.21,0.008,100,rain,0,0,21.5,12.3,43.7,1003,100,,0,0,0,,"Rain, Overcast",rain,remote
"Bhopal, Madhya Pradesh, India",2025-09-28T05:00:00,75.3,75.3,73.5,94.15,0.004,100,rain,0,0,22.4,5.8,20,1002.7,94.6,2.5,0,0,0,,"Rain, Overcast",rain,"VABP,INMU0020417,INI0000VABP"
"Bhopal, Madhya Pradesh, India",2025-09-28T06:00:00,75.3,75.3,73.5,94.15,0,0,,0,0,22.6,5.8,20,1005,96.5,2.5,0,0,0,,Overcast,cloudy,"VABP,INMU0020417,INI0000VABP"
"Bhopal, Madhya Pradesh, India",2025-09-28T07:00:00,71.5,71.5,75.1,100,0,0,,0,0,21.7,5.8,30,1006,96.5,2.5,0.9,0,0,,Overcast,cloudy,"VABP,INMU0020417,INI0000VABP"
"Bhopal, Madhya Pradesh, India",2025-09-28T08:00:00,77.1,77.1,73.5,88.7,0,0,,0,0,19.9,5.8,51,1003.7,96.4,2.5,33,0.1,0,,Overcast,cloudy,"VABP,INM00042763,INMU0020417,INM00042672,INI0000VABP"
"Bhopal, Madhya Pradesh, India",2025-09-28T09:00:00,78,78,75.3,91.43,0,0,,0,0,20.4,10.1,75.5,1005,100,,100.7,0.4,1,,Overcast,cloudy,remote
"Bhopal, Madhya Pradesh, India",2025-09-28T10:00:00,78.9,78.9,73.5,83.57,0.004,100,rain,0,0,20.1,8.1,60,1007,96.5,3.1,224.9,0.8,2,,"Rain, Overcast",rain,"VABP,INMU0020417,INI0000VABP"
"Bhopal, Madhya Pradesh, India",2025-09-28T11:00:00,82.5,88.4,73.5,74.32,0.004,100,rain,0,0,21.7,8.1,70,1003.5,94.6,3.7,371.9,1.3,4,,"Rain, Overcast",rain,"VABP,INM00042763,INMU0020417,INI0000VABP"
"Bhopal, Madhya Pradesh, India",2025-09-28T12:00:00,82.5,88.4,73.5,74.31,0.004,100,rain,0,0,23.5,8.1,60,1006,94.6,3.7,441.4,1.6,4,,"Rain, Overcast",rain,"VABP,INMU0020417,INI0000VABP"
"Bhopal, Madhya Pradesh, India",2025-09-28T13:00:00,82.5,88.4,73.5,74.31,0.016,100,rain,0,0,21.9,8.1,70,1005,72.8,3.7,387,1.4,4,,"Rain, Partially cloudy",rain,"VABP,INMU0020417,INI0000VABP"
"Bhopal, Madhya Pradesh, India",2025-09-28T14:00:00,82.5,88.4,73.5,74.32,0.008,100,rain,0,0,21.9,15,100,1000.9,72.8,3.1,286.4,1,3,,"Rain, Partially cloudy",rain,"VABP,INM00042763,INMU0020417,INI0000VABP"
"Bhopal, Madhya Pradesh, India",2025-09-28T15:00:00,78.9,78.9,73.5,83.57,0.012,100,rain,0,0,20.1,6.9,140,1004,94.6,3.7,441,1.6,4,,"Rain, Overcast",rain,"VABP,INMU0020417,INI0000VABP"
"Bhopal, Madhya Pradesh, India",2025-09-28T16:00:00,84.3,91.1,73.5,70.12,0.004,100,rain,0,0,22.8,12.8,80,1004,72.8,1.9,401.3,1.4,4,,"Rain, Partially cloudy",rain,"VABP,INMU0020417,INI0000VABP"
"Bhopal, Madhya Pradesh, India",2025-09-28T17:00:00,80.7,85.5,73.5,78.81,0.004,100,rain,0,0,21.3,6.9,71,1001.1,94.5,3.1,224.5,0.8,2,,"Rain, Overcast",rain,"VABP,INM00042763,INMU0020417,INM00042672,INI0000VABP"
"Bhopal, Madhya Pradesh, India",2025-09-28T18:00:00,78.9,78.9,73.5,83.57,0.004,100,rain,0,0,18.8,4.7,70,1005,94.6,3.1,109.9,0.4,1,,"Rain, Overcast",rain,"VABP,INMU0020417,INI0000VABP"
"Bhopal, Madhya Pradesh, India",2025-09-28T19:00:00,78.9,78.9,71.7,78.65,0,0,,0,0,12.3,4.7,80,1006,93.7,3.1,13.8,0,0,,Overcast,cloudy,"VABP,INMU0020417,INI0000VABP"
"Bhopal, Madhya Pradesh, India",2025-09-28T20:00:00,77.1,77.1,71.7,83.46,0,0,,0,0,12.8,8.1,80,1003.8,93.7,3.1,0,0,0,,Overcast,cloudy,"VABP,INMU0020417,INI0000VABP"
"Bhopal, Madhya Pradesh, India",2025-09-28T21:00:00,77.1,77.1,73.5,88.68,0,0,,0,0,12.5,9.2,90,1007,93.7,2.5,0,0,0,,Overcast,cloudy,"VABP,INMU0020417,INI0000VABP"
"Bhopal, Madhya Pradesh, India",2025-09-28T22:00:00,75.3,75.3,73.5,94.15,0,0,,0,0,12.8,6.9,110,1007,93.7,2.5,0,0,0,,Overcast,cloudy,"VABP,INMU0020417,INI0000VABP"
"Bhopal, Madhya Pradesh, India",2025-09-28T23:00:00,75.3,75.3,73.5,94.15,0.004,100,rain,0,0,12.8,8.1,110,1004.2,93.7,2.5,0,0,0,,"Rain, Overcast",rain,"VABP,INMU0020417,INI0000VABP"
"Bhopal, Madhya Pradesh, India",2025-09-29T00:00:00,77.6,77.6,74.4,89.78,0,0,,0,0,12.8,6.9,113.5,1005,89.8,,0,0,0,,Partially cloudy,partly-cloudy-night,remote
"Bhopal, Madhya Pradesh, India",2025-09-29T01:00:00,75.3,75.3,73.5,94.15,0,0,,0,0,12.5,5.8,100,1006,93.7,2.5,0,0,0,,Overcast,cloudy,"VABP,INMU0020417,INI0000VABP"
"Bhopal, Madhya Pradesh, India",2025-09-29T02:00:00,77.2,77.2,74,89.98,0,0,,0,0,12.5,5.8,110,1002.9,77.6,2.5,0,0,0,,Partially cloudy,partly-cloudy-night,"VABP,INMU0020417,INI0000VABP"
"Bhopal, Madhya Pradesh, India",2025-09-29T03:00:00,76.7,76.7,74,91.39,0,0,,0,0,11.9,6.5,120.3,1004,64.3,,0,0,0,,Partially cloudy,partly-cloudy-night,remote
"Bhopal, Madhya Pradesh, India",2025-09-29T04:00:00,75.5,75.5,73.5,93.59,0,0,,0,0,11.2,6.3,126.6,1004,42.7,,0,0,0,,Partially cloudy,partly-cloudy-night,remote
"Bhopal, Madhya Pradesh, India",2025-09-29T05:00:00,73.5,73.5,71.7,94.11,0,0,,0,0,10.7,4.7,100,1003.3,93.7,2.5,0,0,0,,Overcast,cloudy,"VABP,INMU0020417,INI0000VABP"
"Bhopal, Madhya Pradesh, India",2025-09-29T06:00:00,73.5,73.5,71.7,94.11,0,0,,0,0,10.1,4.7,110,1007,93.7,2.5,0,0,0,,Overcast,cloudy,"VABP,INMU0020417,INI0000VABP"
"Bhopal, Madhya Pradesh, India",2025-09-29T07:00:00,75.3,75.3,73.5,94.15,0,0,,0,0,10.3,6.9,90,1007,62.3,2.5,2.1,0,0,,Partially cloudy,partly-cloudy-day,"VABP,INMU0020417,INI0000VABP"
"Bhopal, Madhya Pradesh, India",2025-09-29T08:00:00,78.9,78.9,71.7,78.67,0,0,,0,0,11.2,9.2,101,1005.1,62.3,2.5,57.9,0.2,1,,Partially cloudy,partly-cloudy-day,"VABP,INM00042763,INMU0020417,INM00042672,INI0000VABP"
"Bhopal, Madhya Pradesh, India",2025-09-29T09:00:00,78.9,78.9,71.7,78.65,0,0,,0,0,16.6,6.9,80,1009,62.3,2.5,219.9,0.8,2,,Partially cloudy,partly-cloudy-day,"VABP,INMU0020417,INI0000VABP"
"Bhopal, Madhya Pradesh, India",2025-09-29T10:00:00,82.5,86.4,69.9,65.78,0,0,,0,0,18.1,10.3,120,1008,62.3,3.1,379.8,1.4,4,,Partially cloudy,partly-cloudy-day,"VABP,INMU0020417,INI0000VABP"
"Bhopal, Madhya Pradesh, India",2025-09-29T11:00:00,80.7,84.7,71.7,74.14,0.004,100,rain,0,0,18.1,9.2,130,1004.8,94.6,3.1,584.2,2.1,6,,"Rain, Overcast",rain,"VABP,INM00042763,INMU0020417,INI0000VABP"
"Bhopal, Madhya Pradesh, India",2025-09-29T12:00:00,78.9,78.9,71.7,78.65,0.008,100,rain,0,0,17.9,6.9,140,1007,96.5,2.5,504.9,1.8,5,,"Rain, Overcast",rain,"VABP,INMU0020417,INI0000VABP"
"Bhopal, Madhya Pradesh, India",2025-09-29T13:00:00,83.7,90.2,73.3,70.92,0.008,100,rain,0,0,17.9,8.3,165.5,1005,44.5,,629.5,2.3,6,,"Rain, Partially cloudy",rain,remote
"Bhopal, Madhya Pradesh, India",2025-09-29T14:00:00,82.5,87.3,71.7,69.93,0.004,100,rain,0,0,17.7,5.8,140,1002.5,73.7,3.7,568.5,2,6,,"Rain, Partially cloudy",rain,"VABP,INM00042763,INMU0020417,INI0000VABP"
"Bhopal, Madhya Pradesh, India",2025-09-29T15:00:00,82.5,87.3,71.7,69.93,0.008,100,rain,0,0,16.8,6.9,170,1005,96.5,3.7,481.9,1.7,5,,"Rain, Overcast",rain,"VABP,INMU0020417,INI0000VABP"
"Bhopal, Madhya Pradesh, India",2025-09-29T16:00:00,82.5,87.3,71.7,69.93,0.004,100,rain,0,0,17,4.7,140,1005,62.3,3.7,409.4,1.5,4,,"Rain, Partially cloudy",rain,"VABP,INMU0020417,INI0000VABP"
"Bhopal, Madhya Pradesh, India",2025-09-29T17:00:00,80.7,84.8,71.7,74.16,0.016,100,rain,0,0,16.1,5.8,151,1002,73.6,3.7,264.3,1,3,,"Rain, Partially cloudy",rain,"VABP,INM00042763,INMU0020417,INM00042672,INI0000VABP"
"Bhopal, Madhya Pradesh, India",2025-09-29T18:00:00,83.9,92.8,76,77.17,0,0,,0,0,12.5,4.9,216.2,1003,81.9,,98.1,0.4,1,,Partially cloudy,partly-cloudy-day,remote
"Bhopal, Madhya Pradesh, India",2025-09-29T19:00:00,83.9,93.1,76.4,78.1,0,0,,0,0,8.3,3.8,220.1,1004,93,,12.9,0,0,,Overcast,cloudy,remote
"Bhopal, Madhya Pradesh, India",2025-09-29T20:00:00,78.9,78.9,73.5,83.57,0,0,,0,0,7.2,3.4,150,1007,93.7,3.1,0,0,0,,Overcast,cloudy,"VABP,INMU0020417,INI0000VABP"
"Bhopal, Madhya Pradesh, India",2025-09-29T21:00:00,76.9,76.9,73.3,88.68,0,0,,0,0,6.9,3.4,170,1007,88,3.1,0,0,0,,Partially cloudy,partly-cloudy-night,VABP
"Bhopal, Madhya Pradesh, India",2025-09-29T22:00:00,77.1,77.1,73.5,88.68,0,0,,0,0,6.9,3.4,180,1007,93.7,3.1,0,0,0,,Overcast,cloudy,"VABP,INMU0020417,INI0000VABP"
"Bhopal, Madhya Pradesh, India",2025-09-29T23:00:00,75.3,75.3,73.5,94.15,0,0,,0,0,8.1,3.4,180,1004.8,93.7,3.1,0,0,0,,Overcast,cloudy,"VABP,INMU0020417,INI0000VABP"
"Bhopal, Madhya Pradesh, India",2025-09-30T00:00:00,77.6,77.6,72.9,85.55,0,0,,0,0,8.9,4.7,218.4,1006,99.1,,0,0,0,,Overcast,cloudy,remote
"Bhopal, Madhya Pradesh, India",2025-09-30T01:00:00,77.3,77.3,72.8,86.05,0,0,,0,0,9.4,5.4,227.7,1006,98.8,,0,0,0,,Overcast,cloudy,remote
"Bhopal, Madhya Pradesh, India",2025-09-30T02:00:00,76.6,76.6,71.7,84.66,0,0,,0,0,10.5,2.2,229,1004,81.4,2.5,0,0,0,,Partially cloudy,partly-cloudy-night,"VABP,INMU0020417,INI0000VABP"
"Bhopal, Madhya Pradesh, India",2025-09-30T03:00:00,76.7,76.7,72.4,86.54,0,0,,0,0,10.5,6,240.3,1005,83.3,,0,0,0,,Partially cloudy,partly-cloudy-night,remote
"Bhopal, Madhya Pradesh, India",2025-09-30T04:00:00,74.9,74.9,71,87.51,0,0,,0,0,10.1,5.1,243.7,1004,89.8,,0,0,0,,Partially cloudy,partly-cloudy-night,remote
"Bhopal, Madhya Pradesh, India",2025-09-30T05:00:00,73.5,73.5,69.9,88.52,0,0,,0,0,8.7,2.2,210,1004.2,93.7,3.1,0,0,0,,Overcast,cloudy,"VABP,INMU0020417,INI0000VABP"
"Bhopal, Madhya Pradesh, India",2025-09-30T06:00:00,73.5,73.5,69.9,88.52,0,0,,0,0,7.4,2.2,230,1007,93.7,3.1,0,0,0,,Overcast,cloudy,"VABP,INMU0020417,INI0000VABP"
"Bhopal, Madhya Pradesh, India",2025-09-30T07:00:00,76.9,76.9,72.6,86.55,0,0,,0,0,6.5,4,248.9,1006,81.2,,2.4,0,0,,Partially cloudy,partly-cloudy-day,remote
"Bhopal, Madhya Pradesh, India",2025-09-30T08:00:00,78.9,78.9,69.9,74,0,0,,0,0,9.4,8,231,1005.1,62.2,3.1,87.5,0.3,1,,Partially cloudy,partly-cloudy-day,"VABP,INM00042763,INMU0020417,INM00042672,INI0000VABP"
"Bhopal, Madhya Pradesh, India",2025-09-30T09:00:00,80.7,84,69.9,69.74,0,0,,0,0,13.9,4.7,250,1008,62.3,3.7,260.4,0.9,3,,Partially cloudy,partly-cloudy-day,"VABP,INMU0020417,INI0000VABP"
"Bhopal, Madhya Pradesh, India",2025-09-30T10:00:00,80.7,84,69.9,69.74,0,0,,0,0,13.9,6.9,150,1008,90.8,3.7,425.7,1.5,4,,Overcast,cloudy,"VABP,INMU0020417,INI0000VABP"
"Bhopal, Madhya Pradesh, India",2025-09-30T11:00:00,82.5,86.4,69.9,65.78,0,0,,0,0,12.5,4.7,230,1004.2,93.7,3.7,503.8,1.8,5,,Overcast,cloudy,"VABP,INM00042763,INMU0020417,INI0000VABP"
"Bhopal, Madhya Pradesh, India",2025-09-30T12:00:00,84.3,92.7,75.3,74.47,0.004,100,rain,0,0,12.1,3.4,200,1007,93.7,3.7,647.5,2.3,6,,"Rain, Overcast",rain,"VABP,INMU0020417,INI0000VABP"
"Bhopal, Madhya Pradesh, India",2025-09-30T13:00:00,82.5,89.7,75.3,78.93,0.024,100,rain,0,0,12.1,3.4,200,1005,79.4,3.7,362,1.3,4,,"Rain, Partially cloudy",rain,"VABP,INMU0020417,INI0000VABP"
"Bhopal, Madhya Pradesh, India",2025-09-30T14:00:00,75.3,75.3,71.7,88.58,0.035,100,rain,0,0,12.3,5.8,220,1002.1,72.8,2.5,418.8,1.5,4,,"Rain, Partially cloudy",rain,"VABP,INM00042763,INMU0020417,INI0000VABP"
"Bhopal, Madhya Pradesh, India",2025-09-30T15:00:00,77.1,77.1,71.7,83.46,0.043,100,rain,0,0,13,11.4,270,1004,72.8,3.7,376.1,1.4,4,,"Rain, Partially cloudy",rain,"VABP,INMU0020417,INI0000VABP"
"Bhopal, Madhya Pradesh, India",2025-09-30T16:00:00,75.3,75.3,71.7,88.6,0.091,100,rain,0,0,14.5,6.9,270,1005,72.8,3.7,408.2,1.5,4,,"Rain, Partially cloudy",rain,"VABP,INMU0020417,INI0000VABP"
"Bhopal, Madhya Pradesh, India",2025-09-30T17:00:00,77.1,77.1,71.7,83.46,0.102,100,rain,0,0,14.3,5.8,271,1002.3,62.3,3.7,222.8,0.8,2,,"Rain, Partially cloudy",rain,"VABP,INM00042763,INMU0020417,INM00042672,INI0000VABP"
"Bhopal, Madhya Pradesh, India",2025-09-30T18:00:00,75.3,75.3,71.7,88.6,0.024,100,rain,0,0,10.7,2.2,260,1006,62.3,3.7,87,0.3,1,,"Rain, Partially cloudy",rain,"VABP,INMU0020417,INI0000VABP"
"Bhopal, Madhya Pradesh, India",2025-09-30T19:00:00,73.5,73.5,71.7,94.11,0.004,100,rain,0,0,4.9,0,607,1007,73.7,3.1,7.2,0,0,,"Rain, Partially cloudy",rain,"VABP,INMU0020417,INI0000VABP"
"Bhopal, Madhya Pradesh, India",2025-09-30T20:00:00,75.3,75.3,71.7,88.6,0.004,100,rain,0,0,4,1.1,180,1005.2,93.7,3.1,0,0,0,,"Rain, Overcast",rain,"VABP,INMU0020417,INI0000VABP"
"Bhopal, Madhya Pradesh, India",2025-09-30T21:00:00,73.5,73.5,71.7,94.11,0,0,,0,0,4,2.2,180,1008,93.7,3.1,0,0,0,,Overcast,cloudy,"VABP,INMU0020417,INI0000VABP"
"Bhopal, Madhya Pradesh, India",2025-09-30T22:00:00,73.5,73.5,71.7,94.11,0,0,,0,0,5.6,5.8,180,1008,93.7,3.1,0,0,0,,Overcast,cloudy,"VABP,INMU0020417,INI0000VABP"
"Bhopal, Madhya Pradesh, India",2025-09-30T23:00:00,73.5,73.5,69.9,88.52,0,0,,0,0,7.6,4.7,180,1005.4,93.7,3.1,0,0,0,,Overcast,cloudy,"VABP,INMU0020417,INI0000VABP"
