name,datetime,temp,feelslike,dew,humidity,precip,precipprob,preciptype,snow,snowdepth,windgust,windspeed,winddir,sealevelpressure,cloudcover,visibility,solarradiation,solarenergy,uvindex,severerisk,conditions,icon,stations
"Bhopal, Madhya Pradesh, India",2024-06-01T00:00:00,94.6,96,63.1,35.46,0,0,,0,0,15.7,8.9,271.8,1002,4.7,,0,0,0,,Clear,clear-night,remote
"Bhopal, Madhya Pradesh, India",2024-06-01T01:00:00,94.6,96.5,63.9,36.6,0,0,,0,0,18.1,9.8,278.2,1002,2.5,,0,0,0,,Clear,clear-night,remote
"Bhopal, Madhya Pradesh, India",2024-06-01T02:00:00,92.6,92.2,59.6,33.41,0,0,,0,0,18.3,8.1,270,999.5,30,2.5,0,0,0,,Partially cloudy,partly-cloudy-night,42667099999
"Bhopal, Madhya Pradesh, India",2024-06-01T03:00:00,90.9,92.9,64.7,41.97,0,0,,0,0,17.4,8.9,272.7,1002,1.1,,0,0,0,,Clear,clear-night,remote
"Bhopal, Madhya Pradesh, India",2024-06-01T04:00:00,88.4,91.4,66.8,48.97,0,0,,0,0,16.6,9.6,282.8,1002,3.3,,0,0,0,,Clear,clear-night,remote
"Bhopal, Madhya Pradesh, India",2024-06-01T05:00:00,87.8,87.8,60.8,40.45,0,0,,0,0,15.9,8.1,160,1003.5,2.7,3.2,0,0,0,,Clear,clear-night,"VABP,42667099999"
"Bhopal, Madhya Pradesh, India",2024-06-01T06:00:00,86,86,60.8,42.83,0,0,,0,0,16.3,12.8,250,1006,0,3.7,0,0,0,,Clear,clear-day,"VABP,42667099999"
"Bhopal, Madhya Pradesh, India",2024-06-01T07:00:00,96.8,98.3,62.6,32.57,0,0,,0,0,16.8,13.9,250,1007,27.3,3.7,39.1,0.1,0,,Partially cloudy,partly-cloudy-day,"VABP,42667099999"
"Bhopal, Madhya Pradesh, India",2024-06-01T08:00:00,90.1,92.6,65.8,44.8,0,0,,0,0,20.4,11.2,248,1005.3,30,3.2,197.1,0.7,2,,Partially cloudy,partly-cloudy-day,"VABP,42672099999,42667099999,42763099999"
"Bhopal, Madhya Pradesh, India",2024-06-01T09:00:00,93.2,95.2,64.4,38.76,0,0,,0,0,21.5,11.4,270,1007,27.3,3.7,406.7,1.5,4,,Partially cloudy,partly-cloudy-day,"VABP,42667099999"
"Bhopal, Madhya Pradesh, India",2024-06-01T10:00:00,95,95.3,60.8,32.3,0,0,,0,0,21.7,12.8,260,1007,27.3,3.7,621.7,2.2,6,,Partially cloudy,partly-cloudy-day,"VABP,42667099999"
"Bhopal, Madhya Pradesh, India",2024-06-01T11:00:00,98.3,98.3,59.2,27.54,0,0,,0,0,21.3,12.1,225,1004.8,54.5,3.1,793.5,2.9,8,,Partially cloudy,partly-cloudy-day,"VABP,42667099999,42763099999"
"Bhopal, Madhya Pradesh, India",2024-06-01T12:00:00,100.4,99.8,57.2,24.09,0,0,,0,0,19.7,6.9,280,1007,50,3.7,909.9,3.3,9,,Partially cloudy,partly-cloudy-day,"VABP,42667099999"
"Bhopal, Madhya Pradesh, India",2024-06-01T13:00:00,102.2,100.4,53.6,20.03,0,0,,0,0,17.7,8.1,220,1006,50,3.7,846.8,3,8,,Partially cloudy,partly-cloudy-day,"VABP,42667099999"
"Bhopal, Madhya Pradesh, India",2024-06-01T14:00:00,103.8,102.9,55.6,20.5,0,0,,0,0,16.3,6.9,270,1002.7,54.6,3.1,767,2.8,8,,Partially cloudy,partly-cloudy-day,"VABP,42667099999,42763099999"
"Bhopal, Madhya Pradesh, India",2024-06-01T15:00:00,106.6,108.2,60,22.13,0,0,,0,0,16.3,6.5,265.7,1002,28.4,,787.1,2.8,8,,Partially cloudy,partly-cloudy-day,remote
"Bhopal, Madhya Pradesh, India",2024-06-01T16:00:00,105.8,103,50,15.76,0,0,,0,0,17,11.4,200,1004,50,3.7,624.5,2.2,6,,Partially cloudy,partly-cloudy-day,"VABP,42667099999"
"Bhopal, Madhya Pradesh, India",2024-06-01T17:00:00,105.7,104.3,53.9,18.21,0,0,,0,0,16.8,7.9,180,1000.4,27.3,3.2,460.7,1.7,5,,Partially cloudy,partly-cloudy-day,"VABP,42672099999,42667099999,42763099999"
"Bhopal, Madhya Pradesh, India",2024-06-01T18:00:00,102.2,98.8,48.2,16.4,0,0,,0,0,16.3,5.8,220,1003,27.3,3.7,309.4,1.1,3,,Partially cloudy,partly-cloudy-day,"VABP,42667099999"
"Bhopal, Madhya Pradesh, India",2024-06-01T19:00:00,93.2,92.6,59,32.03,0,0,,0,0,15,13.9,120,1004,50,3.7,119.3,0.4,1,,Partially cloudy,partly-cloudy-day,"VABP,42667099999"
"Bhopal, Madhya Pradesh, India",2024-06-01T20:00:00,93.9,93.7,60,32.47,0,0,,0,0,8.9,16.1,160,1003,50,3.2,9.5,0,0,,Partially cloudy,partly-cloudy-night,"VABP,42667099999"
"Bhopal, Madhya Pradesh, India",2024-06-01T21:00:00,95,93.8,57.2,28.4,0,0,,0,0,9.2,3.4,130,1005,50,3.7,0,0,0,,Partially cloudy,partly-cloudy-night,"VABP,42667099999"
"Bhopal, Madhya Pradesh, India",2024-06-01T22:00:00,89.6,88.9,59,35.84,0,0,,0,0,9.2,4.7,180,1006,50,3.7,0,0,0,,Partially cloudy,partly-cloudy-night,"VABP,42667099999"
"Bhopal, Madhya Pradesh, India",2024-06-01T23:00:00,90.4,89.4,58,33.68,0,0,,0,0,10.3,8.1,230,1004.1,27.3,3.2,0,0,0,,Partially cloudy,partly-cloudy-night,"VABP,42667099999"
"Bhopal, Madhya Pradesh, India",2024-06-02T00:00:00,91.8,92.2,61.4,36.42,0,0,,0,0,11.2,8.9,274.4,1004,4,,0,0,0,,Clear,clear-night,remote
"Bhopal, Madhya Pradesh, India",2024-06-02T01:00:00,91.3,91.8,61.8,37.51,0,0,,0,0,17.2,9.8,283.6,1003,0.8,,0,0,0,,Clear,clear-night,remote
"Bhopal, Madhya Pradesh, India",2024-06-02T02:00:00,88.1,87.6,59.6,38.47,0,0,,0,0,17.4,9.2,250,1001.6,30,2.5,0,0,0,,Partially cloudy,partly-cloudy-night,42667099999
"Bhopal, Madhya Pradesh, India",2024-06-02T03:00:00,89.3,90.2,62.9,41.46,0,0,,0,0,16.6,9.2,291.3,1004,20.8,,0,0,0,,Partially cloudy,partly-cloudy-night,remote
"Bhopal, Madhya Pradesh, India",2024-06-02T04:00:00,86.6,87,61.8,43.48,0,0,,0,0,16.6,8.1,304.3,1004,53.2,,0,0,0,,Partially cloudy,partly-cloudy-night,remote
"Bhopal, Madhya Pradesh, India",2024-06-02T05:00:00,85.3,84,55.8,36.59,0,0,,0,0,16.8,6.9,270,1005.2,27.3,3.2,0,0,0,,Partially cloudy,partly-cloudy-night,"VABP,42667099999"
"Bhopal, Madhya Pradesh, India",2024-06-02T06:00:00,84.2,82.8,53.6,35.01,0,0,,0,0,16.3,4.7,270,1007,27.3,3.7,0,0,0,,Partially cloudy,partly-cloudy-day,"VABP,42667099999"
"Bhopal, Madhya Pradesh, India",2024-06-02T07:00:00,86,85.5,59,40.17,0,0,,0,0,14.8,10.3,260,1008,27.3,3.7,30,0.1,0,,Partially cloudy,partly-cloudy-day,"VABP,42667099999"
"Bhopal, Madhya Pradesh, India",2024-06-02T08:00:00,89.6,91.1,64,42.71,0,0,,0,0,15.4,9,250,1007.1,27.5,3.2,183.1,0.7,2,,Partially cloudy,partly-cloudy-day,"VABP,42672099999,42667099999,42763099999"
"Bhopal, Madhya Pradesh, India",2024-06-02T09:00:00,91.4,92.2,62.6,38.49,0,0,,0,0,17,4.7,250,1009,50,3.7,376.3,1.4,4,,Partially cloudy,partly-cloudy-day,"VABP,42667099999"
"Bhopal, Madhya Pradesh, India",2024-06-02T10:00:00,93.2,94.2,62.6,36.39,0,0,,0,0,18.1,6.9,270,1009,27.3,3.7,599.3,2.2,6,,Partially cloudy,partly-cloudy-day,"VABP,42667099999"
"Bhopal, Madhya Pradesh, India",2024-06-02T11:00:00,97.3,97.6,60.2,29.42,0,0,,0,0,18.1,4.7,311,1005.8,27.5,3.1,799.2,2.9,8,,Partially cloudy,partly-cloudy-day,"VABP,42667099999,42763099999"
"Bhopal, Madhya Pradesh, India",2024-06-02T12:00:00,100.4,99.8,57.2,24.09,0,0,,0,0,18.1,4.7,140,1007,50,3.7,913.7,3.3,9,,Partially cloudy,partly-cloudy-day,"VABP,42667099999"
"Bhopal, Madhya Pradesh, India",2024-06-02T13:00:00,98.9,101.7,64.1,32.27,0,0,,0,0,19,7.2,272.7,1005,24.7,,877.9,3.2,9,,Partially cloudy,partly-cloudy-day,remote
"Bhopal, Madhya Pradesh, India",2024-06-02T14:00:00,102,102.5,59.1,24.6,0,0,,0,0,19.7,5.8,185,1003.7,50.2,3.1,868.6,3.1,9,,Partially cloudy,partly-cloudy-day,"VABP,42667099999,42763099999"
"Bhopal, Madhya Pradesh, India",2024-06-02T15:00:00,103.4,106.5,63.2,27.32,0,0,,0,0,20.4,8.7,253.3,1003,31.5,,770.2,2.8,8,,Partially cloudy,partly-cloudy-day,remote
"Bhopal, Madhya Pradesh, India",2024-06-02T16:00:00,102.2,99.8,51.8,18.75,0,0,,0,0,20.8,3.4,250,1004,50,3.7,591.8,2.1,6,,Partially cloudy,partly-cloudy-day,"VABP,42667099999"
"Bhopal, Madhya Pradesh, India",2024-06-02T17:00:00,103.3,102.6,56.4,21.5,0,0,,0,0,20.4,7.9,200,1001.5,50.1,3.2,411.5,1.5,4,,Partially cloudy,partly-cloudy-day,"VABP,42672099999,42667099999,42763099999"
"Bhopal, Madhya Pradesh, India",2024-06-02T18:00:00,100.4,97.9,51.8,19.79,0,0,,0,0,19.7,10.3,250,1004,50,3.7,287.9,1,3,,Partially cloudy,partly-cloudy-day,"VABP,42667099999"
"Bhopal, Madhya Pradesh, India",2024-06-02T19:00:00,96.8,97.3,60.8,30.57,0,0,,0,0,18.1,6.9,140,1005,27.3,3.7,111.2,0.4,1,,Partially cloudy,partly-cloudy-day,"VABP,42667099999"
"Bhopal, Madhya Pradesh, India",2024-06-02T20:00:00,95,95.7,61.6,33.27,0,0,,0,0,13.6,6.9,155,1003.8,4.9,3.2,6.6,0,0,,Clear,clear-night,"VABP,42667099999"
"Bhopal, Madhya Pradesh, India",2024-06-02T21:00:00,98,99.8,62.9,31.73,0,0,,0,0,11.4,5.4,248.5,1003,11.9,,0,0,0,,Clear,clear-night,remote
"Bhopal, Madhya Pradesh, India",2024-06-02T22:00:00,96.5,98.6,63.6,34.01,0,0,,0,0,11.6,5.6,245.6,1004,9,,0,0,0,,Clear,clear-night,remote
"Bhopal, Madhya Pradesh, India",2024-06-02T23:00:00,91,90.3,59.1,34.42,0,0,,0,0,11.9,9.2,160,1004.4,16.5,3.2,0,0,0,,Clear,clear-night,"VABP,42667099999"
"Bhopal, Madhya Pradesh, India",2024-06-03T00:00:00,91.7,93.6,64.5,40.78,0,0,,0,0,12.1,7.4,253.2,1004,5.5,,0,0,0,,Clear,clear-night,remote
"Bhopal, Madhya Pradesh, India",2024-06-03T01:00:00,90.9,92.7,64.3,41.45,0,0,,0,0,13.4,7.6,274.4,1004,22.2,,0,0,0,,Partially cloudy,partly-cloudy-night,remote
"Bhopal, Madhya Pradesh, India",2024-06-03T02:00:00,87,89.3,65.9,49.68,0,0,,0,0,13.4,9.2,160,1001.9,8.9,2.5,0,0,0,,Clear,clear-night,42667099999
"Bhopal, Madhya Pradesh, India",2024-06-03T03:00:00,89,90.6,64.5,44.38,0,0,,0,0,11.9,6.5,286.3,1004,0.3,,0,0,0,,Clear,clear-night,remote
"Bhopal, Madhya Pradesh, India",2024-06-03T04:00:00,85.6,85.9,61.6,44.72,0,0,,0,0,11,7.2,307.2,1003,57.6,,0,0,0,,Partially cloudy,partly-cloudy-night,remote
"Bhopal, Madhya Pradesh, India",2024-06-03T05:00:00,86.3,84.8,55.5,35.1,0,0,,0,0,10.5,9.2,270,1002.6,55.2,2.5,0,0,0,,Partially cloudy,partly-cloudy-night,42667099999
"Bhopal, Madhya Pradesh, India",2024-06-03T06:00:00,96.8,96.5,59,28.67,0,0,,0,0,10.5,11.4,260,1007,0,3.7,0,0,0,,Clear,clear-day,"VABP,42667099999"
"Bhopal, Madhya Pradesh, India",2024-06-03T07:00:00,88.8,92.5,67.9,50.25,0,0,,0,0,12.8,8.1,304,1005,9.2,,39.5,0.1,0,,Clear,clear-day,remote
"Bhopal, Madhya Pradesh, India",2024-06-03T08:00:00,93.2,92.9,59.9,33.13,0,0,,0,0,16.6,15.3,250,1005.3,27.2,3.2,202.7,0.7,2,,Partially cloudy,partly-cloudy-day,"VABP,42672099999,42667099999,42763099999"
"Bhopal, Madhya Pradesh, India",2024-06-03T09:00:00,96.8,95.8,57.2,26.88,0,0,,0,0,20.4,15,270,1008,27.3,3.7,412.4,1.5,4,,Partially cloudy,partly-cloudy-day,"VABP,42667099999"
"Bhopal, Madhya Pradesh, India",2024-06-03T10:00:00,100.4,99.1,55.4,22.58,0,0,,0,0,21,12.8,280,1008,27.3,3.7,616.8,2.2,6,,Partially cloudy,partly-cloudy-day,"VABP,42667099999"
"Bhopal, Madhya Pradesh, India",2024-06-03T11:00:00,102.2,101.4,56.2,22.07,0,0,,0,0,20.6,10.8,234,1005.4,30,3.1,780.7,2.8,8,,Partially cloudy,partly-cloudy-day,"VABP,42667099999,42763099999"
"Bhopal, Madhya Pradesh, India",2024-06-03T12:00:00,104,102.3,53.6,18.98,0,0,,0,0,19,6.9,260,1007,27.3,3.7,761.8,2.7,8,,Partially cloudy,partly-cloudy-day,"VABP,42667099999"
"Bhopal, Madhya Pradesh, India",2024-06-03T13:00:00,105.8,103.6,51.8,16.85,0,0,,0,0,21,15,210,1006,50,3.7,883.9,3.2,9,,Partially cloudy,partly-cloudy-day,"VABP,42667099999"
"Bhopal, Madhya Pradesh, India",2024-06-03T14:00:00,105.1,104.2,55.4,19.67,0,0,,0,0,22.6,10.3,205,1002.3,63.9,3.1,801.1,2.9,8,,Partially cloudy,partly-cloudy-day,"VABP,42667099999,42763099999"
"Bhopal, Madhya Pradesh, India",2024-06-03T15:00:00,102.2,99.8,51.8,18.75,0,0,,0,0,23.5,8.1,230,1004,50,3.7,623.3,2.2,6,,Partially cloudy,partly-cloudy-day,"VABP,42667099999"
"Bhopal, Madhya Pradesh, India",2024-06-03T16:00:00,104,101.1,50,16.62,0,0,,0,0,23.9,11.4,270,1004,50,3.7,496.1,1.8,5,,Partially cloudy,partly-cloudy-day,"VABP,42667099999"
"Bhopal, Madhya Pradesh, India",2024-06-03T17:00:00,94.5,96.4,64,36.72,0,0,,0,0,23,11.2,175,1002,63.9,3.2,354.1,1.3,4,,Partially cloudy,partly-cloudy-day,"VABP,42672099999,42667099999,42763099999"
"Bhopal, Madhya Pradesh, India",2024-06-03T18:00:00,93.2,93.3,60.8,34.15,0,0,,0,0,22.1,5.8,160,1002,50,3.7,276.3,1,3,,Partially cloudy,partly-cloudy-day,"VABP,42667099999"
"Bhopal, Madhya Pradesh, India",2024-06-03T19:00:00,95,93.8,57.2,28.4,0,0,,0,0,20.6,8.1,210,1005,50,3.7,110.9,0.4,1,,Partially cloudy,partly-cloudy-day,"VABP,42667099999"
"Bhopal, Madhya Pradesh, India",2024-06-03T20:00:00,94,94.1,60.5,32.93,0,0,,0,0,16.6,6.9,210,1003.9,50,3.2,8.7,0,0,,Partially cloudy,partly-cloudy-night,"VABP,42667099999"
"Bhopal, Madhya Pradesh, India",2024-06-03T21:00:00,91.4,90.7,59,33.87,0,0,,0,0,18.3,12.8,220,1006,50,3.7,0,0,0,,Partially cloudy,partly-cloudy-night,"VABP,42667099999"
"Bhopal, Madhya Pradesh, India",2024-06-03T22:00:00,89.6,89.5,60.8,38.21,0,0,,0,0,19,6.9,210,1007,27.3,3.7,0,0,0,,Partially cloudy,partly-cloudy-night,"VABP,42667099999"
"Bhopal, Madhya Pradesh, India",2024-06-03T23:00:00,89.8,89.8,60.9,38.08,0,0,,0,0,18.8,6.9,230,1005.1,45.4,3.2,0,0,0,,Partially cloudy,partly-cloudy-night,"VABP,42667099999"
"Bhopal, Madhya Pradesh, India",2024-06-04T00:00:00,89.3,92.4,66.8,47.6,0,0,,0,0,17.9,10.3,261,1005,11.6,,0,0,0,,Clear,clear-night,remote
"Bhopal, Madhya Pradesh, India",2024-06-04T01:00:00,87.9,91.1,67.4,50.75,0,0,,0,0,18.3,9.8,265.4,1005,12.6,,0,0,0,,Clear,clear-night,remote
"Bhopal, Madhya Pradesh, India",2024-06-04T02:00:00,86.1,86.2,60.9,42.85,0,0,,0,0,17.2,5.8,250,1006,0,3.7,0,0,0,,Clear,clear-night,42667099999
"Bhopal, Madhya Pradesh, India",2024-06-04T03:00:00,87,89.6,66.5,50.62,0,0,,0,0,16.3,8.9,267.9,1004,9.9,,0,0,0,,Clear,clear-night,remote
"Bhopal, Madhya Pradesh, India",2024-06-04T04:00:00,84.8,88.4,68.4,58.07,0,0,,0,0,15.7,9.4,269,1004,23.1,,0,0,0,,Partially cloudy,partly-cloudy-night,remote
"Bhopal, Madhya Pradesh, India",2024-06-04T05:00:00,84.3,85.6,63.9,50.54,0,0,,0,0,15.7,9.2,230,1005.4,30,3.2,0,0,0,,Partially cloudy,partly-cloudy-night,"VABP,42667099999"
"Bhopal, Madhya Pradesh, India",2024-06-04T06:00:00,86,88.4,66.2,51.76,0,0,,0,0,15.9,9.2,220,1008,0,3.7,0,0,0,,Clear,clear-day,"VABP,42667099999"
"Bhopal, Madhya Pradesh, India",2024-06-04T07:00:00,87.8,89.3,64.4,45.91,0,0,,0,0,17.2,15,220,1008,0,3.7,37.9,0.1,0,,Clear,clear-day,"VABP,42667099999"
"Bhopal, Madhya Pradesh, India",2024-06-04T08:00:00,90.5,92.2,64.5,42.25,0,0,,0,0,21.5,11.2,230,1007,49.9,3.2,196.7,0.7,2,,Partially cloudy,partly-cloudy-day,"VABP,42672099999,42667099999,42763099999"
"Bhopal, Madhya Pradesh, India",2024-06-04T09:00:00,88.6,91.7,67,49,0,0,,0,0,23.7,13.4,278,1007,8.8,,370.6,1.3,4,,Clear,clear-day,remote
"Bhopal, Madhya Pradesh, India",2024-06-04T10:00:00,95,96.2,62.6,34.42,0,0,,0,0,25.1,10.3,180,1009,0,3.7,610.5,2.2,6,,Clear,clear-day,"VABP,42667099999"
"Bhopal, Madhya Pradesh, India",2024-06-04T11:00:00,98.8,101.9,64.6,32.82,0,0,,0,0,25.1,6.9,230,1005.9,18.4,3.1,713.2,2.6,7,,Clear,clear-day,"VABP,42667099999,42763099999"
"Bhopal, Madhya Pradesh, India",2024-06-04T12:00:00,98.5,103.2,66.8,35.84,0,0,,0,0,22.8,9.2,293.1,1005,7.9,,848.9,3.1,8,,Clear,clear-day,remote
"Bhopal, Madhya Pradesh, India",2024-06-04T13:00:00,102.2,102.6,59,24.35,0,0,,0,0,19.9,9.2,290,1007,50,3.7,912.6,3.3,9,,Partially cloudy,partly-cloudy-day,"VABP,42667099999"
"Bhopal, Madhya Pradesh, India",2024-06-04T14:00:00,105.4,106.6,59.5,22.52,0,0,,0,0,16.8,6.9,140,1003.3,50,3.1,889.9,3.2,9,,Partially cloudy,partly-cloudy-day,"VABP,42667099999,42763099999"
"Bhopal, Madhya Pradesh, India",2024-06-04T15:00:00,104,103.8,57.2,21.63,0,0,,0,0,14.5,6.9,220,1005,50,3.7,571.9,2.1,6,,Partially cloudy,partly-cloudy-day,"VABP,42667099999"
"Bhopal, Madhya Pradesh, India",2024-06-04T16:00:00,100.3,106.3,67.9,35.23,0,0,,0,0,14.5,6.9,305.7,1002,38.9,,560.4,2,6,,Partially cloudy,partly-cloudy-day,remote
"Bhopal, Madhya Pradesh, India",2024-06-04T17:00:00,84.4,86.3,65.3,52.9,0.157,100,rain,0,0,15,9,50,1002.4,74.4,2.9,399.9,1.4,4,,"Rain, Partially cloudy",rain,"VABP,42672099999,42667099999,42763099999"
"Bhopal, Madhya Pradesh, India",2024-06-04T18:00:00,99.8,104.7,66.8,34.5,0,0,,0,0,13.6,3.6,279.1,1002,23.6,,229.4,0.8,2,,Partially cloudy,partly-cloudy-day,remote
"Bhopal, Madhya Pradesh, India",2024-06-04T19:00:00,78.8,78.8,69.8,73.97,0,0,,0,0,16.3,12.8,160,1007,88.9,3.1,106.8,0.4,1,,Partially cloudy,partly-cloudy-day,"VABP,42667099999"
"Bhopal, Madhya Pradesh, India",2024-06-04T20:00:00,81.1,84.6,69.9,68.8,0,0,,0,0,15.4,16.1,160,1005.6,50,1.6,7.4,0,0,,Partially cloudy,partly-cloudy-night,"VABP,42667099999"
"Bhopal, Madhya Pradesh, India",2024-06-04T21:00:00,78.8,78.8,73.4,83.56,0,0,,0,0,15,13.9,150,1007,50,2.5,0,0,0,,Partially cloudy,partly-cloudy-night,"VABP,42667099999"
"Bhopal, Madhya Pradesh, India",2024-06-04T22:00:00,78.8,78.8,68,69.55,0,0,,0,0,15.4,13.9,210,1009,50,3.1,0,0,0,,Partially cloudy,partly-cloudy-night,"VABP,42667099999"
"Bhopal, Madhya Pradesh, India",2024-06-04T23:00:00,78.9,78.9,66.3,65.36,0,0,,0,0,14.8,17.2,180,1006.7,50,3.2,0,0,0,,Partially cloudy,partly-cloudy-night,"VABP,42667099999"
"Bhopal, Madhya Pradesh, India",2024-06-05T00:00:00,87.2,91.5,69.2,55.24,0,0,,0,0,15.7,8.1,254.2,1005,44,,0,0,0,,Partially cloudy,partly-cloudy-night,remote
"Bhopal, Madhya Pradesh, India",2024-06-05T01:00:00,86.6,90.8,69,55.85,0,0,,0,0,16.3,9.4,259.2,1005,39.7,,0,0,0,,Partially cloudy,partly-cloudy-night,remote
"Bhopal, Madhya Pradesh, India",2024-06-05T02:00:00,78.9,78.9,66.8,66.6,0,0,,0,0,18.1,19.7,180,1004.5,50,2.5,0,0,0,,Partially cloudy,partly-cloudy-night,42667099999
"Bhopal, Madhya Pradesh, India",2024-06-05T03:00:00,85,89.1,69.3,59.54,0,0,,0,0,19.7,10.5,271.1,1004,29.3,,0,0,0,,Partially cloudy,partly-cloudy-night,remote
"Bhopal, Madhya Pradesh, India",2024-06-05T04:00:00,84.1,87.4,68.1,58.7,0,0,,0,0,20.8,6.9,279.7,1006,72.3,,0,0,0,,Partially cloudy,partly-cloudy-night,remote
"Bhopal, Madhya Pradesh, India",2024-06-05T05:00:00,80.3,83,68.2,66.86,0,0,,0,0,21.9,2.2,320,1007.5,68.6,3.2,0,0,0,,Partially cloudy,partly-cloudy-night,"VABP,42667099999"
"Bhopal, Madhya Pradesh, India",2024-06-05T06:00:00,78.8,78.8,73.4,83.56,0,0,,0,0,21.9,8.1,320,1010,50,3.7,0,0,0,,Partially cloudy,partly-cloudy-day,"VABP,42667099999"
"Bhopal, Madhya Pradesh, India",2024-06-05T07:00:00,73.4,73.4,73.4,100,0,0,,0,0,28.9,17.2,300,1010,50,3.7,22.2,0.1,0,,Partially cloudy,partly-cloudy-day,"VABP,42667099999"
"Bhopal, Madhya Pradesh, India",2024-06-05T08:00:00,74.8,74.8,70.1,85.55,0,0,,0,0,18.3,4,227,1008.8,69.1,2.5,164.8,0.6,2,,Partially cloudy,partly-cloudy-day,"VABP,42672099999,42667099999,42763099999"
"Bhopal, Madhya Pradesh, India",2024-06-05T09:00:00,76.9,76.9,40.9,27.55,0,0,,0,0,20.4,4.7,200,1009,50,3.7,371.1,1.3,4,,Partially cloudy,partly-cloudy-day,"VABP,42667099999"
"Bhopal, Madhya Pradesh, India",2024-06-05T10:00:00,84.1,95.8,78.7,83.89,0,0,,0,0,20.4,10.3,230,1009,50,3.7,594.6,2.1,6,,Partially cloudy,partly-cloudy-day,VABP
"Bhopal, Madhya Pradesh, India",2024-06-05T11:00:00,86.7,96.7,75.7,69.95,0.02,100,rain,0,0,19.5,8.1,219,1008.2,68.5,3.1,732,2.6,7,,"Rain, Partially cloudy",rain,"VABP,42667099999,42763099999"
"Bhopal, Madhya Pradesh, India",2024-06-05T12:00:00,92.7,98.1,69.2,46.36,0,0,,0,0,18.1,4.9,283.5,1007,82.7,,825.9,3,8,,Partially cloudy,partly-cloudy-day,remote
"Bhopal, Madhya Pradesh, India",2024-06-05T13:00:00,96.3,100.9,67.4,39,0,0,,0,0,12.8,6.5,216,1007.5,68.6,3.7,462.7,1.7,5,,Partially cloudy,partly-cloudy-day,"VABP,42667099999"
"Bhopal, Madhya Pradesh, India",2024-06-05T14:00:00,95.2,108.8,76,54.15,0,0,,0,0,11.6,9.1,111,1005.1,54.9,3.1,526.4,1.9,5,,Partially cloudy,partly-cloudy-day,"VABP,42667099999,42763099999"
"Bhopal, Madhya Pradesh, India",2024-06-05T15:00:00,95,105.1,73.4,49.91,0,0,,0,0,10.3,8.1,90,1006,27.3,3.7,563.5,2,6,,Partially cloudy,partly-cloudy-day,"VABP,42667099999"
"Bhopal, Madhya Pradesh, India",2024-06-05T16:00:00,95,103.1,71.6,46.97,0,0,,0,0,9.2,6.9,150,1006,50,3.7,553.5,2,6,,Partially cloudy,partly-cloudy-day,"VABP,42667099999"
"Bhopal, Madhya Pradesh, India",2024-06-05T17:00:00,92.6,103.3,74.4,55.69,0,0,,0,0,8.9,11.2,160,1003,83.5,3.2,424.6,1.5,4,,Partially cloudy,partly-cloudy-day,"VABP,42672099999,42667099999,42763099999"
"Bhopal, Madhya Pradesh, India",2024-06-05T18:00:00,87.8,97.8,75.2,66.38,0,0,,0,0,8.9,9.2,160,1005,50,3.7,294,1.1,3,,Partially cloudy,partly-cloudy-day,"VABP,42667099999"
"Bhopal, Madhya Pradesh, India",2024-06-05T19:00:00,86,95.2,75.2,70.29,0,0,,0,0,10.5,6.9,160,1006,27.3,3.7,111.8,0.4,1,,Partially cloudy,partly-cloudy-day,"VABP,42667099999"
"Bhopal, Madhya Pradesh, India",2024-06-05T20:00:00,85,95.4,76.9,76.64,0,0,,0,0,9.4,8.1,165,1004.6,27.3,3.2,7.9,0,0,,Partially cloudy,partly-cloudy-night,"VABP,42667099999"
"Bhopal, Madhya Pradesh, India",2024-06-05T21:00:00,84.2,94.2,77,79.06,0,0,,0,0,10.7,6.9,170,1007,27.3,3.7,0,0,0,,Partially cloudy,partly-cloudy-night,"VABP,42667099999"
"Bhopal, Madhya Pradesh, India",2024-06-05T22:00:00,90.9,99.7,73.1,56.08,0,0,,0,0,12.1,6.5,210.2,1005,18.3,,0,0,0,,Clear,clear-night,remote
"Bhopal, Madhya Pradesh, India",2024-06-05T23:00:00,82.4,90.8,77,83.79,0,0,,0,0,12.5,5.8,180,1006.8,27.3,3.2,0,0,0,,Partially cloudy,partly-cloudy-night,"VABP,42667099999"
"Bhopal, Madhya Pradesh, India",2024-06-06T00:00:00,88.8,97.3,73.5,60.75,0,0,,0,0,11.4,5.6,219,1006,21.1,,0,0,0,,Partially cloudy,partly-cloudy-night,remote
"Bhopal, Madhya Pradesh, India",2024-06-06T01:00:00,88.6,97,73.5,61.1,0,0,,0,0,10.3,6,229.7,1005,9.1,,0,0,0,,Clear,clear-night,remote
"Bhopal, Madhya Pradesh, India",2024-06-06T02:00:00,80.7,86.4,75.3,83.68,0,0,,0,0,10.7,4.7,180,1004.5,30,2.5,0,0,0,,Partially cloudy,partly-cloudy-night,42667099999
"Bhopal, Madhya Pradesh, India",2024-06-06T03:00:00,87.7,94.6,72.2,60.25,0,0,,0,0,10.5,5.4,253.4,1005,23.1,,0,0,0,,Partially cloudy,partly-cloudy-night,remote
"Bhopal, Madhya Pradesh, India",2024-06-06T04:00:00,83.6,88.3,70.8,65.5,0,0,,0,0,9.2,2.9,222,1006,15.3,,0,0,0,,Clear,clear-night,remote
"Bhopal, Madhya Pradesh, India",2024-06-06T05:00:00,79.4,79.4,75.5,87.73,0,0,,0,0,8.5,4.7,200,1005.4,10.6,2.5,0,0,0,,Clear,clear-night,42667099999
"Bhopal, Madhya Pradesh, India",2024-06-06T06:00:00,80.6,85.3,73.4,78.78,0,0,,0,0,8.9,5.8,240,1009,0,3.7,0,0,0,,Clear,clear-day,"VABP,42667099999"
"Bhopal, Madhya Pradesh, India",2024-06-06T07:00:00,84.2,89.6,71.6,65.98,0,0,,0,0,12.3,6.9,240,1009,0,3.7,31.1,0.1,0,,Clear,clear-day,"VABP,42667099999"
"Bhopal, Madhya Pradesh, India",2024-06-06T08:00:00,90.8,94.3,67.2,46.01,0,0,,0,0,15.9,14.7,265,1008,5.2,3.2,177.4,0.6,2,,Clear,clear-day,"VABP,42672099999,42667099999,42763099999"
"Bhopal, Madhya Pradesh, India",2024-06-06T09:00:00,93.2,93.3,60.8,34.15,0,0,,0,0,21.7,15,290,1010,0,3.7,381.9,1.4,4,,Clear,clear-day,"VABP,42667099999"
"Bhopal, Madhya Pradesh, India",2024-06-06T10:00:00,90.1,94.3,68.4,49.2,0,0,,0,0,22.4,9.2,319.2,1008,7.3,,537.5,1.9,5,,Clear,clear-day,remote
"Bhopal, Madhya Pradesh, India",2024-06-06T11:00:00,99.2,98.1,56.2,24.03,0,0,,0,0,22.4,10.8,285,1007.6,10,3.1,640.5,2.3,6,,Clear,clear-day,"VABP,42667099999,42763099999"
"Bhopal, Madhya Pradesh, India",2024-06-06T12:00:00,100.4,99.8,57.2,24.09,0,0,,0,0,20.6,11.4,280,1009,27.3,3.7,807,2.9,8,,Partially cloudy,partly-cloudy-day,"VABP,42667099999"
"Bhopal, Madhya Pradesh, India",2024-06-06T13:00:00,102.2,101,55.4,21.39,0,0,,0,0,16.6,6.9,20,1008,50,3.7,937.3,3.4,9,,Partially cloudy,partly-cloudy-day,"VABP,42667099999"
"Bhopal, Madhya Pradesh, India",2024-06-06T14:00:00,104,103.1,55.5,20.35,0,0,,0,0,15.7,10.3,275,1004.7,45.3,3.1,905.4,3.3,9,,Partially cloudy,partly-cloudy-day,"VABP,42667099999,42763099999"
"Bhopal, Madhya Pradesh, India",2024-06-06T15:00:00,104,103,55.4,20.27,0,0,,0,0,14.8,6.9,260,1006,50,3.7,772.1,2.8,8,,Partially cloudy,partly-cloudy-day,"VABP,42667099999"
"Bhopal, Madhya Pradesh, India",2024-06-06T16:00:00,104,102.3,53.6,18.98,0,0,,0,0,15,10.3,280,1005,50,3.7,635.4,2.3,6,,Partially cloudy,partly-cloudy-day,"VABP,42667099999"
"Bhopal, Madhya Pradesh, India",2024-06-06T17:00:00,104.7,104.8,57.7,21.57,0,0,,0,0,14.8,2.2,320,1002.3,30,3.2,390.9,1.4,4,,Partially cloudy,partly-cloudy-day,"VABP,42672099999,42667099999,42763099999"
"Bhopal, Madhya Pradesh, India",2024-06-06T18:00:00,102.2,100.4,53.6,20.03,0,0,,0,0,13.4,8.1,280,1005,0,3.7,201.4,0.7,2,,Clear,clear-day,"VABP,42667099999"
"Bhopal, Madhya Pradesh, India",2024-06-06T19:00:00,96.8,95.1,55.4,25.18,0,0,,0,0,9.4,3.4,260,1005,27.3,3.7,103.4,0.4,1,,Partially cloudy,partly-cloudy-day,"VABP,42667099999"
"Bhopal, Madhya Pradesh, India",2024-06-06T20:00:00,95.7,96.2,61,31.92,0,0,,0,0,6.7,3.4,50,1003.8,27.3,3.2,8.7,0,0,,Partially cloudy,partly-cloudy-night,"VABP,42667099999"
"Bhopal, Madhya Pradesh, India",2024-06-06T21:00:00,93.2,92.6,59,32.03,0,0,,0,0,6.7,0,0,1007,0,3.7,0,0,0,,Clear,clear-night,"VABP,42667099999"
"Bhopal, Madhya Pradesh, India",2024-06-06T22:00:00,93.3,98,68.3,44.2,0,0,,0,0,7.2,4.5,42,1004,13.9,,0,0,0,,Clear,clear-night,remote
"Bhopal, Madhya Pradesh, India",2024-06-06T23:00:00,91.6,92.5,62.6,38.13,0,0,,0,0,6.7,3.4,230,1005.1,32,3.2,0,0,0,,Partially cloudy,partly-cloudy-night,"VABP,42667099999"
"Bhopal, Madhya Pradesh, India",2024-06-07T00:00:00,89.3,93.9,69,51.27,0,0,,0,0,6.3,0.9,59.9,1005,37.3,,0,0,0,,Partially cloudy,partly-cloudy-night,remote
"Bhopal, Madhya Pradesh, India",2024-06-07T01:00:00,89.7,94.3,69,50.69,0,0,,0,0,4.5,1.8,281.3,1005,42.5,,0,0,0,,Partially cloudy,partly-cloudy-night,remote
"Bhopal, Madhya Pradesh, India",2024-06-07T02:00:00,88.4,89.6,63.6,43.75,0,0,,0,0,5.1,5.8,320,1002.3,50,2.5,0,0,0,,Partially cloudy,partly-cloudy-night,42667099999
"Bhopal, Madhya Pradesh, India",2024-06-07T03:00:00,89.1,93.7,69,51.56,0,0,,0,0,6.3,4,281.6,1004,37.1,,0,0,0,,Partially cloudy,partly-cloudy-night,remote
"Bhopal, Madhya Pradesh, India",2024-06-07T04:00:00,85.9,87.7,65,49.84,0,0,,0,0,9.4,4.9,291.7,1004,47.8,,0,0,0,,Partially cloudy,partly-cloudy-night,remote
"Bhopal, Madhya Pradesh, India",2024-06-07T05:00:00,86.1,86.7,62.3,45.08,0,0,,0,0,11.2,3.4,290,1002.8,80,2.5,0,0,0,,Partially cloudy,partly-cloudy-night,42667099999
"Bhopal, Madhya Pradesh, India",2024-06-07T06:00:00,86,85.5,59,40.17,0,0,,0,0,12.3,2.2,300,1007,88.9,3.7,0,0,0,,Partially cloudy,partly-cloudy-day,"VABP,42667099999"
"Bhopal, Madhya Pradesh, India",2024-06-07T07:00:00,89.6,88.9,59,35.84,0,0,,0,0,12.5,9.2,270,1007,50,3.7,38.3,0.1,0,,Partially cloudy,partly-cloudy-day,"VABP,42667099999"
"Bhopal, Madhya Pradesh, India",2024-06-07T08:00:00,92.8,93,61.1,34.92,0,0,,0,0,13,10.6,270,1005,55.3,3.2,200.6,0.7,2,,Partially cloudy,partly-cloudy-day,"VABP,42672099999,42667099999,42763099999"
"Bhopal, Madhya Pradesh, India",2024-06-07T09:00:00,95,94.5,59,30.3,0,0,,0,0,16.8,8.1,300,1007,0,3.7,406.8,1.5,4,,Clear,clear-day,"VABP,42667099999"
"Bhopal, Madhya Pradesh, India",2024-06-07T10:00:00,100.4,99.8,57.2,24.09,0,0,,0,0,18.8,10.3,300,1007,0,3.7,614.2,2.2,6,,Clear,clear-day,"VABP,42667099999"
"Bhopal, Madhya Pradesh, India",2024-06-07T11:00:00,102.4,102,57.1,22.56,0,0,,0,0,19,9.7,301,1004.5,27.2,3.1,784.5,2.8,8,,Partially cloudy,partly-cloudy-day,"VABP,42667099999,42763099999"
"Bhopal, Madhya Pradesh, India",2024-06-07T12:00:00,104,103,55.4,20.27,0,0,,0,0,18.3,6.9,300,1006,27.3,3.7,901.4,3.2,9,,Partially cloudy,partly-cloudy-day,"VABP,42667099999"
"Bhopal, Madhya Pradesh, India",2024-06-07T13:00:00,104,103.8,57.2,21.63,0,0,,0,0,15.4,4.7,90,1005,50,3.7,931.6,3.4,9,,Partially cloudy,partly-cloudy-day,"VABP,42667099999"
"Bhopal, Madhya Pradesh, India",2024-06-07T14:00:00,105.8,105.2,55.9,19.56,0,0,,0,0,14.3,2.2,180,1002.2,88.7,1.6,869.2,3.1,9,,Partially cloudy,partly-cloudy-day,"VABP,42667099999,42763099999"
"Bhopal, Madhya Pradesh, India",2024-06-07T15:00:00,102.2,101,55.4,21.39,0,0,,0,0,12.3,4.7,200,1003,88.9,1.9,587,2.1,6,,Partially cloudy,partly-cloudy-day,"VABP,42667099999"
"Bhopal, Madhya Pradesh, India",2024-06-07T16:00:00,105.8,103,50,15.76,0,0,,0,0,9.4,4.7,60,1002,88.9,1.9,595.5,2.1,6,,Partially cloudy,partly-cloudy-day,"VABP,42667099999"
"Bhopal, Madhya Pradesh, India",2024-06-07T17:00:00,105.7,102.7,49.3,15.43,0,0,,0,0,8.7,5.7,71,999.4,88.4,2,368.8,1.3,4,,Partially cloudy,partly-cloudy-day,"VABP,42672099999,42667099999,42763099999"
"Bhopal, Madhya Pradesh, India",2024-06-07T18:00:00,100.4,100.6,59,25.7,0,0,,0,0,7.2,9.2,110,1003,88.9,2.5,223.5,0.8,2,,Partially cloudy,partly-cloudy-day,"VABP,42667099999"
"Bhopal, Madhya Pradesh, India",2024-06-07T19:00:00,96.8,96.5,59,28.67,0,0,,0,0,4.5,4.7,130,1003,88.9,2.5,111.1,0.4,1,,Partially cloudy,partly-cloudy-day,"VABP,42667099999"
"Bhopal, Madhya Pradesh, India",2024-06-07T20:00:00,97,97.8,61.2,30.74,0,0,,0,0,4,6.9,115,1001.8,50,3.2,8.7,0,0,,Partially cloudy,partly-cloudy-night,"VABP,42667099999"
"Bhopal, Madhya Pradesh, India",2024-06-07T21:00:00,95,94.5,59,30.3,0,0,,0,0,5.1,5.8,150,1005,50,3.7,0,0,0,,Partially cloudy,partly-cloudy-night,"VABP,42667099999"
"Bhopal, Madhya Pradesh, India",2024-06-07T22:00:00,95,93.8,57.2,28.4,0,0,,0,0,7.6,5.8,20,1006,50,3.7,0,0,0,,Partially cloudy,partly-cloudy-night,"VABP,42667099999"
"Bhopal, Madhya Pradesh, India",2024-06-07T23:00:00,94.7,93.6,57.4,28.96,0,0,,0,0,8.9,6.9,50,1004,50,3.2,0,0,0,,Partially cloudy,partly-cloudy-night,"VABP,42667099999"
"Bhopal, Madhya Pradesh, India",2024-06-08T00:00:00,93.3,93.9,61.8,35.27,0,0,,0,0,12.5,5.8,224.3,1003,62.8,,0,0,0,,Partially cloudy,partly-cloudy-night,remote
"Bhopal, Madhya Pradesh, India",2024-06-08T01:00:00,92.9,94.1,63.1,37.28,0,0,,0,0,12.5,7.2,225.6,1003,66.6,,0,0,0,,Partially cloudy,partly-cloudy-night,remote
"Bhopal, Madhya Pradesh, India",2024-06-08T02:00:00,94.4,93.4,57.8,29.62,0,0,,0,0,13,6.9,50,1001.6,50,2.5,0,0,0,,Partially cloudy,partly-cloudy-night,42667099999
"Bhopal, Madhya Pradesh, India",2024-06-08T03:00:00,87.7,89.2,64.3,45.9,0,0,,0,0,13.2,6.9,236.1,1003,16.1,,0,0,0,,Clear,clear-night,remote
"Bhopal, Madhya Pradesh, India",2024-06-08T04:00:00,84.3,87.4,67.7,57.64,0,0,,0,0,11.9,7.2,260.8,1002,82.4,,0,0,0,,Partially cloudy,partly-cloudy-night,remote
"Bhopal, Madhya Pradesh, India",2024-06-08T05:00:00,86.1,89.9,68.6,56.12,0,0,,0,0,11,5.8,180,1002.6,50,2.5,0,0,0,,Partially cloudy,partly-cloudy-night,42667099999
"Bhopal, Madhya Pradesh, India",2024-06-08T06:00:00,84.8,87.8,67.4,55.95,0,0,,0,0,9.2,7.6,283,1004,96.4,,0,0,0,,Overcast,cloudy,remote
"Bhopal, Madhya Pradesh, India",2024-06-08T07:00:00,84.5,87.1,66.8,55.56,0,0,,0,0,7.6,8.3,289.7,1005,95.3,,35.3,0.1,0,,Overcast,cloudy,remote
"Bhopal, Madhya Pradesh, India",2024-06-08T08:00:00,84.5,87.1,66.7,55.29,0,0,,0,0,9.4,8.8,230,1001,90.4,2.6,179.4,0.6,2,,Overcast,cloudy,"42672099999,42667099999,42763099999"
"Bhopal, Madhya Pradesh, India",2024-06-08T09:00:00,86.3,88.6,66.1,51.16,0,0,,0,0,11.9,10.5,301.8,1006,97.7,,379.8,1.4,4,,Overcast,cloudy,remote
"Bhopal, Madhya Pradesh, India",2024-06-08T10:00:00,87.3,89.3,65.2,47.91,0,0,,0,0,14.1,10.7,301.7,1006,98.5,,591,2.1,6,,Overcast,cloudy,remote
"Bhopal, Madhya Pradesh, India",2024-06-08T11:00:00,84.9,87.6,66.9,54.92,0,0,,0,0,16.3,12.7,270,1004.6,88.9,3.1,736,2.6,7,,Partially cloudy,partly-cloudy-day,"VABP,42667099999,42763099999"
"Bhopal, Madhya Pradesh, India",2024-06-08T12:00:00,94,97.4,66.3,40.37,0,0,,0,0,18.3,7.8,313.2,1006,99.9,,832.4,3,8,,Overcast,cloudy,remote
"Bhopal, Madhya Pradesh, India",2024-06-08T13:00:00,94,97.6,66.6,40.88,0,0,,0,0,16.1,6,308.3,1005,99.8,,293.7,1.1,3,,Overcast,cloudy,remote
"Bhopal, Madhya Pradesh, India",2024-06-08T14:00:00,89.5,91.2,64.5,43.67,0,0,,0,0,13.6,6.9,296,996.9,88.7,3.1,378.4,1.4,4,,Partially cloudy,partly-cloudy-day,"VABP,42667099999,42763099999"
"Bhopal, Madhya Pradesh, India",2024-06-08T15:00:00,98.5,102.4,65.7,34.52,0,0,,0,0,12.5,4.5,312.4,1003,100,,401.2,1.4,4,,Overcast,cloudy,remote
"Bhopal, Madhya Pradesh, India",2024-06-08T16:00:00,93.5,96.9,66.5,41.31,0,0,,0,0,10.7,5.6,302.6,1001,99.6,,324,1.2,3,,Overcast,cloudy,remote
"Bhopal, Madhya Pradesh, India",2024-06-08T17:00:00,93.8,95.8,64.2,37.83,0,0,,0,0,10.3,5.7,325,1001.1,83.4,3.2,209.7,0.8,2,,Partially cloudy,partly-cloudy-day,"VABP,42672099999,42667099999,42763099999"
"Bhopal, Madhya Pradesh, India",2024-06-08T18:00:00,93.5,97.5,67.4,42.61,0,0,,0,0,9.8,5.1,292.1,1000,74.6,,151,0.5,2,,Partially cloudy,partly-cloudy-day,remote
"Bhopal, Madhya Pradesh, India",2024-06-08T19:00:00,93.1,97.5,67.9,43.9,0,0,,0,0,9.6,3.1,285.8,1001,18.8,,115.7,0.4,1,,Clear,clear-day,remote
"Bhopal, Madhya Pradesh, India",2024-06-08T20:00:00,89.8,92.4,65.9,45.35,0,0,,0,0,7.6,4.7,115,1003,84.3,3.2,11.3,0,0,,Partially cloudy,partly-cloudy-night,"VABP,42667099999"
"Bhopal, Madhya Pradesh, India",2024-06-08T21:00:00,87,90.9,68.6,54.53,0,0,,0,0,6,3.4,219.4,1002,62.4,,0,0,0,,Partially cloudy,partly-cloudy-night,remote
"Bhopal, Madhya Pradesh, India",2024-06-08T22:00:00,86.8,90.5,68.3,54.17,0,0,,0,0,5.8,3.1,228.3,1003,81.5,,0,0,0,,Partially cloudy,partly-cloudy-night,remote
"Bhopal, Madhya Pradesh, India",2024-06-08T23:00:00,85,86.5,64.3,49.92,0,0,,0,0,6.7,4.7,200,1004.5,54.6,3.2,0,0,0,,Partially cloudy,partly-cloudy-night,"VABP,42667099999"
"Bhopal, Madhya Pradesh, India",2024-06-09T00:00:00,85.7,89.2,68.1,55.73,0,0,,0,0,7.8,4.9,237.8,1004,82,,0,0,0,,Partially cloudy,partly-cloudy-night,remote
"Bhopal, Madhya Pradesh, India",2024-06-09T01:00:00,85.2,88.8,68.4,57.4,0,0,,0,0,9.2,5.1,247.3,1003,85.6,,0,0,0,,Partially cloudy,partly-cloudy-night,remote
"Bhopal, Madhya Pradesh, India",2024-06-09T02:00:00,84.3,86.2,65.4,53.16,0,0,,0,0,8.7,4.7,200,1001.9,50,2.5,0,0,0,,Partially cloudy,partly-cloudy-night,42667099999
"Bhopal, Madhya Pradesh, India",2024-06-09T03:00:00,85.2,89.2,69.2,58.84,0,0,,0,0,8.1,4.9,246.8,1003,96.4,,0,0,0,,Overcast,cloudy,remote
"Bhopal, Madhya Pradesh, India",2024-06-09T04:00:00,83.7,87.6,69.3,62,0,0,,0,0,7.8,4.9,255.2,1002,92.4,,0,0,0,,Overcast,cloudy,remote
"Bhopal, Madhya Pradesh, India",2024-06-09T05:00:00,84,84.5,61.5,46.71,0,0,,0,0,6.9,6.9,290,1003.5,63.9,3.2,0,0,0,,Partially cloudy,partly-cloudy-night,"VABP,42667099999"
"Bhopal, Madhya Pradesh, India",2024-06-09T06:00:00,86.4,92,71,60.09,0,0,,0,0,8.3,5.1,248.9,1003,37,,0,0,0,,Partially cloudy,partly-cloudy-day,remote
"Bhopal, Madhya Pradesh, India",2024-06-09T07:00:00,85.7,91.4,71.3,62.25,0,0,,0,0,10.7,6.5,221.3,1004,41,,23.1,0.1,0,,Partially cloudy,partly-cloudy-day,remote
"Bhopal, Madhya Pradesh, India",2024-06-09T08:00:00,89.9,92.2,65.6,44.86,0,0,,0,0,13.4,3.3,160,1004.9,50,3.2,148.7,0.5,1,,Partially cloudy,partly-cloudy-day,"VABP,42672099999,42667099999,42763099999"
"Bhopal, Madhya Pradesh, India",2024-06-09T09:00:00,87,93.7,72.2,61.65,0,0,,0,0,14.5,5.4,272.7,1005,23.5,,287.1,1,3,,Partially cloudy,partly-cloudy-day,remote
"Bhopal, Madhya Pradesh, India",2024-06-09T10:00:00,86.4,92.6,71.7,61.58,0,0,,0,0,15,5.8,306.9,1004,10.5,,331.2,1.2,3,,Clear,clear-day,remote
"Bhopal, Madhya Pradesh, India",2024-06-09T11:00:00,98.9,98.7,58.7,26.69,0,0,,0,0,15.9,9.1,290,1003.7,27.3,3.1,607,2.2,6,,Partially cloudy,partly-cloudy-day,"VABP,42667099999,42763099999"
"Bhopal, Madhya Pradesh, India",2024-06-09T12:00:00,98.3,102.4,66.1,35.15,0,0,,0,0,18.3,7.4,352,1003,3.7,,814.7,2.9,8,,Clear,clear-day,remote
"Bhopal, Madhya Pradesh, India",2024-06-09T13:00:00,99.1,102.9,65.6,33.75,0,0,,0,0,18.1,6.9,1.1,1002,9.1,,905.3,3.3,9,,Clear,clear-day,remote
"Bhopal, Madhya Pradesh, India",2024-06-09T14:00:00,102.3,102,57.3,22.86,0,0,,0,0,17.2,6.9,250,1000.6,45.3,4.9,863.6,3.1,9,,Partially cloudy,partly-cloudy-day,"VABP,42667099999,42763099999"
"Bhopal, Madhya Pradesh, India",2024-06-09T15:00:00,103.2,106.7,63.9,28.16,0,0,,0,0,15.7,5.6,0.3,1001,22.8,,797,2.9,8,,Partially cloudy,partly-cloudy-day,remote
"Bhopal, Madhya Pradesh, India",2024-06-09T16:00:00,99.9,105.2,67.2,34.74,0,0,,0,0,14.5,5.4,354.3,999,24.8,,627.9,2.3,6,,Partially cloudy,partly-cloudy-day,remote
"Bhopal, Madhya Pradesh, India",2024-06-09T17:00:00,99.4,100.8,61.7,29.2,0,0,,0,0,13.6,2.2,230,998.8,49.9,3.2,509.4,1.8,5,,Partially cloudy,partly-cloudy-day,"VABP,42672099999,42667099999,42763099999"
"Bhopal, Madhya Pradesh, India",2024-06-09T18:00:00,101.2,105.1,65,31.03,0,0,,0,0,12.5,2.7,36.3,998,59.6,,314.5,1.1,3,,Partially cloudy,partly-cloudy-day,remote
"Bhopal, Madhya Pradesh, India",2024-06-09T19:00:00,100.5,105.6,66.8,33.75,0,0,,0,0,9.8,4,204.9,1001,78.7,,82.8,0.3,1,,Partially cloudy,partly-cloudy-day,remote
"Bhopal, Madhya Pradesh, India",2024-06-09T20:00:00,97.3,98.3,61.5,30.78,0,0,,0,0,7.6,4.2,241,999.9,50,3.2,9,0,0,,Partially cloudy,partly-cloudy-night,"VABP,42667099999"
"Bhopal, Madhya Pradesh, India",2024-06-09T21:00:00,95.3,99.5,67.2,40.06,0,0,,0,0,6.3,5.1,205.7,1002,94,,0,0,0,,Overcast,cloudy,remote
"Bhopal, Madhya Pradesh, India",2024-06-09T22:00:00,96.2,99.7,65.9,37.31,0,0,,0,0,6,5.1,209.8,1003,99.8,,0,0,0,,Overcast,cloudy,remote
"Bhopal, Madhya Pradesh, India",2024-06-09T23:00:00,83.5,88.1,70.8,65.62,0.008,100,rain,0,0,5.6,8.1,180,1004.5,84.3,1.9,0,0,0,,"Rain, Partially cloudy",rain,"VABP,42667099999"
"Bhopal, Madhya Pradesh, India",2024-06-10T00:00:00,91.3,94.4,66.5,44.18,0,0,,0,0,8.3,10.1,209.5,1004,100,,0,0,0,,Overcast,cloudy,remote
"Bhopal, Madhya Pradesh, India",2024-06-10T01:00:00,90.9,95.2,68.3,47.54,0,0,,0,0,18.6,10.1,211.6,1004,99.4,,0,0,0,,Overcast,cloudy,remote
"Bhopal, Madhya Pradesh, India",2024-06-10T02:00:00,80.6,84.5,71.4,73.72,0,0,,0,0,18.1,12.8,135,1004.8,63.9,3.2,0,0,0,,Partially cloudy,partly-cloudy-night,"VABP,42667099999"
"Bhopal, Madhya Pradesh, India",2024-06-10T03:00:00,87,92.8,71.1,59.43,0,0,,0,0,16.6,7.8,223.4,1004,98.5,,0,0,0,,Overcast,cloudy,remote
"Bhopal, Madhya Pradesh, India",2024-06-10T04:00:00,83.7,88.1,70.1,63.55,0,0,,0,0,15,10.5,256.2,1003,99.7,,0,0,0,,Overcast,cloudy,remote
"Bhopal, Madhya Pradesh, India",2024-06-10T05:00:00,78.9,78.9,71,76.75,0,0,,0,0,13,12.8,180,1003.5,100,2.5,0,0,0,,Overcast,cloudy,42667099999
"Bhopal, Madhya Pradesh, India",2024-06-10T06:00:00,85.2,90.1,70.4,61.42,0,0,,0,0,11.9,10.1,270.4,1004,100,,0,0,0,,Overcast,cloudy,remote
"Bhopal, Madhya Pradesh, India",2024-06-10T07:00:00,85.4,90.4,70.6,61.45,0,0,,0,0,12.1,11.6,284.2,1005,99.5,,17,0.1,0,,Overcast,cloudy,remote
"Bhopal, Madhya Pradesh, India",2024-06-10T08:00:00,81.2,85,70.5,69.99,0,0,,0,0,13.9,4.5,338,1003.5,90.3,2.6,83.3,0.3,1,,Overcast,cloudy,"42672099999,42667099999,42763099999"
"Bhopal, Madhya Pradesh, India",2024-06-10T09:00:00,85.6,90.1,69.9,59.61,0,0,,0,0,17.9,13.2,306.4,1005,91.4,,154.5,0.6,2,,Overcast,cloudy,remote
"Bhopal, Madhya Pradesh, India",2024-06-10T10:00:00,85.9,89.7,68.6,56.44,0,0,,0,0,24.4,11.6,320.5,1005,82.4,,413.2,1.5,4,,Partially cloudy,partly-cloudy-day,remote
"Bhopal, Madhya Pradesh, India",2024-06-10T11:00:00,94.1,98.9,68.1,42.87,0,0,,0,0,26.2,13.3,268,1004,45.3,3.1,686.7,2.5,7,,Partially cloudy,partly-cloudy-day,"VABP,42667099999,42763099999"
"Bhopal, Madhya Pradesh, India",2024-06-10T12:00:00,95.4,101.1,68.8,42.12,0,0,,0,0,25.9,10.1,353.4,1005,16.2,,825.5,3,8,,Clear,clear-day,remote
"Bhopal, Madhya Pradesh, India",2024-06-10T13:00:00,96.5,102.2,68.6,40.5,0,0,,0,0,22.4,9.8,358.6,1004,7.1,,914.5,3.3,9,,Clear,clear-day,remote
"Bhopal, Madhya Pradesh, India",2024-06-10T14:00:00,98.6,98.4,58.6,26.76,0,0,,0,0,21.7,8,289,1002.7,27.4,3.1,866.6,3.1,9,,Partially cloudy,partly-cloudy-day,"VABP,42667099999,42763099999"
"Bhopal, Madhya Pradesh, India",2024-06-10T15:00:00,100.1,105.3,67,34.34,0,0,,0,0,20.6,8.7,355.5,1002,9,,795.5,2.9,8,,Clear,clear-day,remote
"Bhopal, Madhya Pradesh, India",2024-06-10T16:00:00,99.8,105.6,67.9,35.8,0,0,,0,0,19.5,7.2,356.5,1001,4.7,,681.1,2.5,7,,Clear,clear-day,remote
"Bhopal, Madhya Pradesh, India",2024-06-10T17:00:00,99.5,101,61.9,29.31,0,0,,0,0,18.6,13.6,270,1000.7,49.8,3.2,483.6,1.7,5,,Partially cloudy,partly-cloudy-day,"VABP,42672099999,42667099999,42763099999"
"Bhopal, Madhya Pradesh, India",2024-06-10T18:00:00,99.1,104.6,67.7,36.37,0,0,,0,0,17.7,7.8,348.2,1001,19,,298.4,1.1,3,,Clear,clear-day,remote
"Bhopal, Madhya Pradesh, India",2024-06-10T19:00:00,98.7,103.1,66.5,35.2,0,0,,0,0,16.8,6.5,349.8,1001,19.5,,112.1,0.4,1,,Clear,clear-day,remote
"Bhopal, Madhya Pradesh, India",2024-06-10T20:00:00,91.6,92.2,61.9,37.24,0,0,,0,0,10.7,4.7,360,1003.8,50,3.2,9.1,0,0,,Partially cloudy,partly-cloudy-night,"VABP,42667099999"
"Bhopal, Madhya Pradesh, India",2024-06-10T21:00:00,90.8,94,66.8,45.49,0,0,,0,0,6.9,4.7,352.7,1003,34.3,,0,0,0,,Partially cloudy,partly-cloudy-night,remote
"Bhopal, Madhya Pradesh, India",2024-06-10T22:00:00,90.4,93.7,67,46.3,0,0,,0,0,6.5,4.3,348.6,1004,36.6,,0,0,0,,Partially cloudy,partly-cloudy-night,remote
"Bhopal, Madhya Pradesh, India",2024-06-10T23:00:00,88.7,89.6,62.9,42.3,0,0,,0,0,6.9,5.8,250,1005,50,3.2,0,0,0,,Partially cloudy,partly-cloudy-night,"VABP,42667099999"
"Bhopal, Madhya Pradesh, India",2024-06-11T00:00:00,87.7,90.8,67.2,50.73,0,0,,0,0,8.9,4.5,305.9,1005,95.1,,0,0,0,,Overcast,cloudy,remote
"Bhopal, Madhya Pradesh, India",2024-06-11T01:00:00,87.7,91.2,67.7,51.68,0,0,,0,0,8.1,3.8,285.4,1005,100,,0,0,0,,Overcast,cloudy,remote
"Bhopal, Madhya Pradesh, India",2024-06-11T02:00:00,86.3,87.7,64.1,47.75,0,0,,0,0,6.7,6.9,250,1002.1,50,2.5,0,0,0,,Partially cloudy,partly-cloudy-night,42667099999
"Bhopal, Madhya Pradesh, India",2024-06-11T03:00:00,85,89.5,69.9,60.65,0,0,,0,0,5.8,2.9,222,1004,100,,0,0,0,,Overcast,cloudy,remote
"Bhopal, Madhya Pradesh, India",2024-06-11T04:00:00,84.5,88.8,69.9,61.71,0,0,,0,0,6.5,3.8,235.4,1004,90.2,,0,0,0,,Overcast,cloudy,remote
"Bhopal, Madhya Pradesh, India",2024-06-11T05:00:00,80.8,85.7,73.4,78.03,0,0,,0,0,8.9,5.8,200,1005.4,84.3,3.2,0,0,0,,Partially cloudy,partly-cloudy-night,"VABP,42667099999"
"Bhopal, Madhya Pradesh, India",2024-06-11T06:00:00,85.6,90.4,70.2,60.35,0,0,,0,0,11.4,4,256.7,1005,87.6,,0,0,0,,Partially cloudy,partly-cloudy-day,remote
"Bhopal, Madhya Pradesh, India",2024-06-11T07:00:00,84.8,89.3,69.9,61,0,0,,0,0,13.6,5.1,242.3,1005,100,,11.4,0,0,,Overcast,cloudy,remote
"Bhopal, Madhya Pradesh, India",2024-06-11T08:00:00,85.6,93.2,73.7,67.58,0,0,,0,0,14.8,9.9,269,1005.7,84.6,3.2,61.1,0.2,1,,Partially cloudy,partly-cloudy-day,"VABP,42672099999,42667099999,42763099999"
"Bhopal, Madhya Pradesh, India",2024-06-11T09:00:00,83.4,87.5,69.9,63.9,0,0,,0,0,16.1,5.6,254.3,1006,75.5,,125.4,0.5,1,,Partially cloudy,partly-cloudy-day,remote
"Bhopal, Madhya Pradesh, India",2024-06-11T10:00:00,84.5,88.5,69.3,60.58,0,0,,0,0,18.6,6,265.6,1006,82.2,,299.2,1.1,3,,Partially cloudy,partly-cloudy-day,remote
"Bhopal, Madhya Pradesh, India",2024-06-11T11:00:00,96.8,104.5,70.7,43.17,0,0,,0,0,19.7,7.9,255,1004.9,49.9,3.1,614.9,2.2,6,,Partially cloudy,partly-cloudy-day,"VABP,42667099999,42763099999"
"Bhopal, Madhya Pradesh, India",2024-06-11T12:00:00,94.6,99.7,68.4,42.77,0,0,,0,0,18.3,5.6,290.5,1005,14.3,,771.6,2.8,8,,Clear,clear-day,remote
"Bhopal, Madhya Pradesh, India",2024-06-11T13:00:00,95.8,100.9,68.1,40.64,0,0,,0,0,16.1,6.3,314.2,1004,5.5,,828.3,3,8,,Clear,clear-day,remote
"Bhopal, Madhya Pradesh, India",2024-06-11T14:00:00,99.2,99.1,58.6,26.21,0,0,,0,0,18.3,9.1,270,999.9,79.4,2.5,908.6,3.3,9,,Partially cloudy,partly-cloudy-day,"42667099999,42763099999"
"Bhopal, Madhya Pradesh, India",2024-06-11T15:00:00,100.1,104.9,66.5,33.7,0,0,,0,0,20.1,8.7,343.7,1002,2.7,,882.9,3.2,9,,Clear,clear-day,remote
"Bhopal, Madhya Pradesh, India",2024-06-11T16:00:00,98.3,103.5,67.6,36.94,0,0,,0,0,20.4,9.4,354.6,1001,14.1,,724.9,2.6,7,,Clear,clear-day,remote
"Bhopal, Madhya Pradesh, India",2024-06-11T17:00:00,101.6,105.9,65.5,31.23,0,0,,0,0,20.4,6.7,320,997.7,30.2,2.6,496.4,1.8,5,,Partially cloudy,partly-cloudy-day,"42672099999,42667099999,42763099999"
"Bhopal, Madhya Pradesh, India",2024-06-11T18:00:00,97.4,101.4,66.3,36.35,0,0,,0,0,19.2,8.3,357.6,1000,20.7,,273.8,1,3,,Partially cloudy,partly-cloudy-day,remote
"Bhopal, Madhya Pradesh, India",2024-06-11T19:00:00,97.4,100.1,64.3,33.93,0,0,,0,0,18.6,6.9,350.5,1001,14.3,,89.3,0.3,1,,Clear,clear-day,remote
"Bhopal, Madhya Pradesh, India",2024-06-11T20:00:00,93.3,91.5,55.7,28.33,0,0,,0,0,15,4.7,270,1000.7,30,2.5,10.5,0,0,,Partially cloudy,partly-cloudy-night,42667099999
"Bhopal, Madhya Pradesh, India",2024-06-11T21:00:00,90.4,90.8,61.8,38.58,0,0,,0,0,10.7,3.8,355.7,1002,15.9,,0,0,0,,Clear,clear-night,remote
"Bhopal, Madhya Pradesh, India",2024-06-11T22:00:00,89.9,90.4,62.1,39.74,0,0,,0,0,6.7,3.8,343.8,1003,10.1,,0,0,0,,Clear,clear-night,remote
"Bhopal, Madhya Pradesh, India",2024-06-11T23:00:00,90.1,88.8,57.3,33.17,0,0,,0,0,6.3,10.3,250,1004.1,27.3,3.2,0,0,0,,Partially cloudy,partly-cloudy-night,"VABP,42667099999"
"Bhopal, Madhya Pradesh, India",2024-06-12T00:00:00,87.9,89.4,64.3,45.64,0,0,,0,0,8.1,6.3,295.4,1004,54,,0,0,0,,Partially cloudy,partly-cloudy-night,remote
"Bhopal, Madhya Pradesh, India",2024-06-12T01:00:00,87,88.6,64.5,47.26,0,0,,0,0,15.4,8.7,300,1004,13,,0,0,0,,Clear,clear-night,remote
"Bhopal, Madhya Pradesh, India",2024-06-12T02:00:00,88.1,87,57.8,36.07,0,0,,0,0,16.8,10.3,250,1001.1,30,2.5,0,0,0,,Partially cloudy,partly-cloudy-night,42667099999
"Bhopal, Madhya Pradesh, India",2024-06-12T03:00:00,84.8,87.6,67,55.26,0,0,,0,0,16.6,7.8,301.6,1003,15.5,,0,0,0,,Clear,clear-night,remote
"Bhopal, Madhya Pradesh, India",2024-06-12T04:00:00,83.4,86.5,67.9,59.7,0,0,,0,0,14.8,6.9,289,1004,22.3,,0,0,0,,Partially cloudy,partly-cloudy-night,remote
"Bhopal, Madhya Pradesh, India",2024-06-12T05:00:00,81.4,83.8,66.7,61.01,0,0,,0,0,11.9,8.1,140,1005.7,45.4,3.2,0,0,0,,Partially cloudy,partly-cloudy-night,"VABP,42667099999"
"Bhopal, Madhya Pradesh, India",2024-06-12T06:00:00,83.4,87,69,61.96,0,0,,0,0,8.9,4.7,226.2,1005,25.3,,0,0,0,,Partially cloudy,partly-cloudy-day,remote
"Bhopal, Madhya Pradesh, India",2024-06-12T07:00:00,83.9,87.7,69.2,61.27,0,0,,0,0,8.3,6,219.9,1005,42.7,,30.5,0.1,0,,Partially cloudy,partly-cloudy-day,remote
"Bhopal, Madhya Pradesh, India",2024-06-12T08:00:00,87.2,90.5,67.6,52.23,0,0,,0,0,12.3,13.6,186,1007.1,45,3.2,158.9,0.6,2,,Partially cloudy,partly-cloudy-day,"VABP,42672099999,42667099999,42763099999"
"Bhopal, Madhya Pradesh, India",2024-06-12T09:00:00,86.1,89.3,67.6,54.08,0,0,,0,0,17.2,6.9,270.7,1006,34.5,,352.6,1.3,4,,Partially cloudy,partly-cloudy-day,remote
"Bhopal, Madhya Pradesh, India",2024-06-12T10:00:00,86.4,89.9,67.9,54.12,0,0,,0,0,19.2,6.9,275.9,1006,29.5,,529.3,1.9,5,,Partially cloudy,partly-cloudy-day,remote
"Bhopal, Madhya Pradesh, India",2024-06-12T11:00:00,96.5,97.9,62.6,32.95,0,0,,0,0,19.9,8,235,1005,100,3.1,665.9,2.4,7,,Overcast,cloudy,"VABP,42667099999,42763099999"
"Bhopal, Madhya Pradesh, India",2024-06-12T12:00:00,96,101.1,68.1,40.42,0,0,,0,0,19.7,6.7,270.8,1005,37.7,,706.4,2.5,7,,Partially cloudy,partly-cloudy-day,remote
"Bhopal, Madhya Pradesh, India",2024-06-12T13:00:00,95.1,100.2,68.3,41.81,0,0,,0,0,17,6.9,266.5,1005,39.7,,635.3,2.3,6,,Partially cloudy,partly-cloudy-day,remote
"Bhopal, Madhya Pradesh, India",2024-06-12T14:00:00,98.7,99.6,61,29.04,0,0,,0,0,17.4,17.1,270,1002.7,54.9,3.1,595.9,2.1,6,,Partially cloudy,partly-cloudy-day,"VABP,42667099999,42763099999"
"Bhopal, Madhya Pradesh, India",2024-06-12T15:00:00,98.9,104.7,68.1,37.02,0,0,,0,0,18.6,6,269.7,1004,72.8,,631.6,2.3,6,,Partially cloudy,partly-cloudy-day,remote
"Bhopal, Madhya Pradesh, India",2024-06-12T16:00:00,95.1,102.6,71,45.85,0,0,,0,0,18.8,7.4,254.8,1002,57.5,,394,1.4,4,,Partially cloudy,partly-cloudy-day,remote
"Bhopal, Madhya Pradesh, India",2024-06-12T17:00:00,89.8,93.7,67.9,48.65,0,0,,0,0,31.1,19.3,270,1001.8,64,3.2,235.5,0.8,2,,Partially cloudy,partly-cloudy-day,"VABP,42672099999,42667099999,42763099999"
"Bhopal, Madhya Pradesh, India",2024-06-12T18:00:00,94.7,102.9,71.7,47.51,0,0,,0,0,14.8,9.6,297.3,1002,47,,151.6,0.5,2,,Partially cloudy,partly-cloudy-day,remote
"Bhopal, Madhya Pradesh, India",2024-06-12T19:00:00,95.4,105.2,72.9,48.49,0,0,,0,0,16.1,7.6,296.1,1003,43.5,,76.7,0.3,1,,Partially cloudy,partly-cloudy-day,remote
"Bhopal, Madhya Pradesh, India",2024-06-12T20:00:00,81.3,84.3,68.7,65.64,0,0,,0,0,18.3,20.8,270,1005.7,84.3,3.2,8.7,0,0,,Partially cloudy,partly-cloudy-night,"VABP,42667099999"
"Bhopal, Madhya Pradesh, India",2024-06-12T21:00:00,86.6,93.3,72.2,62.36,0,0,,0,0,17.7,6.7,267.3,1004,66.1,,0,0,0,,Partially cloudy,partly-cloudy-night,remote
"Bhopal, Madhya Pradesh, India",2024-06-12T22:00:00,86.1,92.4,72.1,63.05,0,0,,0,0,13.4,7.2,256,1004,68.3,,0,0,0,,Partially cloudy,partly-cloudy-night,remote
"Bhopal, Madhya Pradesh, India",2024-06-12T23:00:00,78.5,78.5,70,75.33,0,0,,0,0,11,15,270,1006.7,84.3,3.2,0,0,0,,Partially cloudy,partly-cloudy-night,"VABP,42667099999"
"Bhopal, Madhya Pradesh, India",2024-06-13T00:00:00,84.5,90.2,71.9,66.01,0,0,,0,0,11.6,8.3,253.5,1005,68.5,,0,0,0,,Partially cloudy,partly-cloudy-night,remote
"Bhopal, Madhya Pradesh, India",2024-06-13T01:00:00,84.1,89.7,71.9,66.78,0,0,,0,0,15,8.7,257.9,1004,71.1,,0,0,0,,Partially cloudy,partly-cloudy-night,remote
"Bhopal, Madhya Pradesh, India",2024-06-13T02:00:00,77.1,77.1,73.5,88.68,0,0,,0,0,15.2,13.9,230,1004.1,80,2.5,0,0,0,,Partially cloudy,partly-cloudy-night,42667099999
"Bhopal, Madhya Pradesh, India",2024-06-13T03:00:00,83.7,89.6,72.4,68.8,0,0,,0,0,15.2,8.3,266.1,1004,89.5,,0,0,0,,Partially cloudy,partly-cloudy-night,remote
"Bhopal, Madhya Pradesh, India",2024-06-13T04:00:00,81.6,84.7,68.6,64.87,0,0,,0,0,15.2,7.8,265.9,1004,74.6,,0,0,0,,Partially cloudy,partly-cloudy-night,remote
"Bhopal, Madhya Pradesh, India",2024-06-13T05:00:00,76.8,76.8,76.2,98.07,0,0,,0,0,16.1,3.4,160,1004.9,84.3,3.2,0,0,0,,Partially cloudy,partly-cloudy-night,"VABP,42667099999"
"Bhopal, Madhya Pradesh, India",2024-06-13T06:00:00,83.9,87.6,69,60.89,0,0,,0,0,16.6,8.9,280.1,1004,89.9,,0,0,0,,Partially cloudy,partly-cloudy-day,remote
"Bhopal, Madhya Pradesh, India",2024-06-13T07:00:00,83.4,86.5,68.1,60.08,0,0,,0,0,17.2,8.3,277.2,1005,87.4,,28.9,0.1,0,,Partially cloudy,partly-cloudy-day,remote
"Bhopal, Madhya Pradesh, India",2024-06-13T08:00:00,82.5,87.9,72.5,71.88,0,0,,0,0,19.5,9,200,1006.5,88.9,3.2,108.6,0.4,1,,Partially cloudy,partly-cloudy-day,"VABP,42672099999,42667099999,42763099999"
"Bhopal, Madhya Pradesh, India",2024-06-13T09:00:00,83.6,87.4,69.3,62.36,0,0,,0,0,22.8,10.3,283.2,1006,50.4,,303.7,1.1,3,,Partially cloudy,partly-cloudy-day,remote
"Bhopal, Madhya Pradesh, India",2024-06-13T10:00:00,83.7,88.1,70.1,63.55,0,0,,0,0,23.5,10.3,284.6,1006,71.2,,513,1.8,5,,Partially cloudy,partly-cloudy-day,remote
"Bhopal, Madhya Pradesh, India",2024-06-13T11:00:00,88.9,96.1,72.1,57.82,0,0,,0,0,23.3,16,231,1006,54.6,3.1,593.3,2.1,6,,Partially cloudy,partly-cloudy-day,"VABP,42667099999,42763099999"
"Bhopal, Madhya Pradesh, India",2024-06-13T12:00:00,89.9,95.3,69.9,51.98,0,0,,0,0,22.8,9.2,292.1,1005,45.1,,558.6,2,6,,Partially cloudy,partly-cloudy-day,remote
"Bhopal, Madhya Pradesh, India",2024-06-13T13:00:00,90.6,96.1,69.9,50.82,0,0,,0,0,20.1,8.7,299.9,1005,33.7,,800.6,2.9,8,,Partially cloudy,partly-cloudy-day,remote
"Bhopal, Madhya Pradesh, India",2024-06-13T14:00:00,93.5,96.8,66.3,41.04,0,0,,0,0,19.7,9.1,250,1003.1,88.7,3.1,840.2,3,8,,Partially cloudy,partly-cloudy-day,"VABP,42667099999,42763099999"
"Bhopal, Madhya Pradesh, India",2024-06-13T15:00:00,96,101.9,69,41.69,0,0,,0,0,19.2,8.3,302.5,1003,14.7,,698.2,2.5,7,,Clear,clear-day,remote
"Bhopal, Madhya Pradesh, India",2024-06-13T16:00:00,97.2,104.8,70.4,42.13,0,0,,0,0,18.6,7.2,312,1002,21.4,,556.5,2,6,,Partially cloudy,partly-cloudy-day,remote
"Bhopal, Madhya Pradesh, India",2024-06-13T17:00:00,95.3,99.1,66.5,39.11,0,0,,0,0,18.1,11.2,225,1001.5,63.8,3.2,488.8,1.8,5,,Partially cloudy,partly-cloudy-day,"VABP,42672099999,42667099999,42763099999"
"Bhopal, Madhya Pradesh, India",2024-06-13T18:00:00,97.4,106.1,71.5,43.47,0.004,100,rain,0,0,17.2,5.8,307.4,1000,32,,305.5,1.1,3,,"Rain, Partially cloudy",rain,remote
"Bhopal, Madhya Pradesh, India",2024-06-13T19:00:00,96.7,103.9,70.2,42.57,0,0,,0,0,15.7,4,279.6,1001,24,,92.4,0.3,1,,Partially cloudy,partly-cloudy-day,remote
"Bhopal, Madhya Pradesh, India",2024-06-13T20:00:00,86.1,89.5,68,54.93,0,0,,0,0,16.8,2.2,250,1003.2,54.6,3.2,7.5,0,0,,Partially cloudy,partly-cloudy-night,"VABP,42667099999"
"Bhopal, Madhya Pradesh, India",2024-06-13T21:00:00,89.5,94.3,69.2,51.3,0,0,,0,0,17,6.9,246,1002,59.9,,0,0,0,,Partially cloudy,partly-cloudy-night,remote
"Bhopal, Madhya Pradesh, India",2024-06-13T22:00:00,89.1,93.8,69.2,51.88,0,0,,0,0,14.3,7.8,243.7,1003,71.1,,0,0,0,,Partially cloudy,partly-cloudy-night,remote
"Bhopal, Madhya Pradesh, India",2024-06-13T23:00:00,84.3,87.3,67.7,57.52,0,0,,0,0,13,6.9,180,1004.4,45.4,3.2,0,0,0,,Partially cloudy,partly-cloudy-night,"VABP,42667099999"
"Bhopal, Madhya Pradesh, India",2024-06-14T00:00:00,87,91.6,69.5,56.24,0,0,,0,0,13.6,9.2,248.7,1003,78.7,,0,0,0,,Partially cloudy,partly-cloudy-night,remote
"Bhopal, Madhya Pradesh, India",2024-06-14T01:00:00,86.8,91.9,70.2,57.97,0,0,,0,0,19,9.8,255.2,1003,51.8,,0,0,0,,Partially cloudy,partly-cloudy-night,remote
"Bhopal, Madhya Pradesh, India",2024-06-14T02:00:00,83.9,86.8,67.4,57.59,0,0,,0,0,19.9,6.9,180,1001.7,40,2.5,0,0,0,,Partially cloudy,partly-cloudy-night,42667099999
"Bhopal, Madhya Pradesh, India",2024-06-14T03:00:00,86.8,91.9,70.2,57.97,0,0,,0,0,18.1,8.1,267.5,1003,85.2,,0,0,0,,Partially cloudy,partly-cloudy-night,remote
"Bhopal, Madhya Pradesh, India",2024-06-14T04:00:00,84.1,87.5,68.3,59.06,0,0,,0,0,14.3,7.6,269.2,1003,90.3,,0,0,0,,Overcast,cloudy,remote
"Bhopal, Madhya Pradesh, India",2024-06-14T05:00:00,80.8,84.8,71.3,72.7,0,0,,0,0,12.5,6.9,185,1003.6,45.4,3.2,0,0,0,,Partially cloudy,partly-cloudy-night,"VABP,42667099999"
"Bhopal, Madhya Pradesh, India",2024-06-14T06:00:00,86.8,90.5,68.3,54.17,0,0,,0,0,14.5,9.8,272.8,1003,67.2,,0,0,0,,Partially cloudy,partly-cloudy-day,remote
"Bhopal, Madhya Pradesh, India",2024-06-14T07:00:00,86.1,89.5,67.9,54.75,0,0,,0,0,17.2,10.3,277.5,1004,75.5,,20.8,0.1,0,,Partially cloudy,partly-cloudy-day,remote
"Bhopal, Madhya Pradesh, India",2024-06-14T08:00:00,86.2,92.8,72.4,63.49,0,0,,0,0,20.6,13.6,235,1004.4,54.3,3.2,113.8,0.4,1,,Partially cloudy,partly-cloudy-day,"VABP,42672099999,42667099999,42763099999"
"Bhopal, Madhya Pradesh, India",2024-06-14T09:00:00,86.8,93,71.7,60.88,0,0,,0,0,23.3,11.4,287.8,1004,25.3,,279,1,3,,Partially cloudy,partly-cloudy-day,remote
"Bhopal, Madhya Pradesh, India",2024-06-14T10:00:00,87.5,94.6,72.4,60.97,0,0,,0,0,24.2,11,288,1004,33.8,,514.4,1.9,5,,Partially cloudy,partly-cloudy-day,remote
"Bhopal, Madhya Pradesh, India",2024-06-14T11:00:00,94.1,97.9,66.9,41.18,0,0,,0,0,24.2,12.2,265,1004.1,54.4,3.1,635.1,2.3,6,,Partially cloudy,partly-cloudy-day,"VABP,42667099999,42763099999"
"Bhopal, Madhya Pradesh, India",2024-06-14T12:00:00,95.4,101.5,69.3,42.91,0,0,,0,0,23.9,10.7,291.4,1004,60.5,,809.7,2.9,8,,Partially cloudy,partly-cloudy-day,remote
"Bhopal, Madhya Pradesh, India",2024-06-14T13:00:00,96,101.6,68.6,41.18,0,0,,0,0,22.4,10.1,292.3,1003,68.8,,609.2,2.2,6,,Partially cloudy,partly-cloudy-day,remote
"Bhopal, Madhya Pradesh, India",2024-06-14T14:00:00,98.7,100,61.8,29.83,0,0,,0,0,21.5,6.9,340,1001.8,84.3,3.1,548.6,2,5,,Partially cloudy,partly-cloudy-day,"VABP,42667099999,42763099999"
"Bhopal, Madhya Pradesh, India",2024-06-14T15:00:00,101.7,107.8,67.6,33.32,0,0,,0,0,19.5,8.5,284.6,1002,96.7,,481.8,1.7,5,,Overcast,cloudy,remote
"Bhopal, Madhya Pradesh, India",2024-06-14T16:00:00,94.4,100.9,70.1,45.46,0,0,,0,0,17.7,7.2,292.1,1001,90.3,,390.3,1.4,4,,Overcast,cloudy,remote
"Bhopal, Madhya Pradesh, India",2024-06-14T17:00:00,89,88,57.9,35.08,0,0,,0,0,17,11.2,180,1001,84.3,3.2,352.9,1.3,4,,Partially cloudy,partly-cloudy-day,"VABP,42672099999,42667099999,42763099999"
"Bhopal, Madhya Pradesh, India",2024-06-14T18:00:00,95.8,102.5,69.9,43.23,0,0,,0,0,15.7,6.9,272.1,1000,50,,279.3,1,3,,Partially cloudy,partly-cloudy-day,remote
"Bhopal, Madhya Pradesh, India",2024-06-14T19:00:00,94.9,100.9,69.3,43.63,0,0,,0,0,14.1,5.1,256.2,1001,46.6,,124.4,0.4,1,,Partially cloudy,partly-cloudy-day,remote
"Bhopal, Madhya Pradesh, India",2024-06-14T20:00:00,88.6,91.7,66.9,48.79,0,0,,0,0,10.5,10.3,180,1003.3,50,3.2,10.4,0,0,,Partially cloudy,partly-cloudy-night,"VABP,42667099999"
"Bhopal, Madhya Pradesh, India",2024-06-14T21:00:00,91.5,96.9,69.5,48.81,0,0,,0,0,11.6,6.9,229.3,1002,68.6,,0,0,0,,Partially cloudy,partly-cloudy-night,remote
"Bhopal, Madhya Pradesh, India",2024-06-14T22:00:00,90.6,96.3,70.1,51.13,0,0,,0,0,11.9,8.1,232.1,1003,68,,0,0,0,,Partially cloudy,partly-cloudy-night,remote
"Bhopal, Madhya Pradesh, India",2024-06-14T23:00:00,85.5,90.6,70.6,61.17,0,0,,0,0,13,6.9,180,1004.4,54.6,3.2,0,0,0,,Partially cloudy,partly-cloudy-night,"VABP,42667099999"
"Bhopal, Madhya Pradesh, India",2024-06-15T00:00:00,87.7,92.8,70.1,55.99,0,0,,0,0,13.9,8.9,236.9,1004,53.1,,0,0,0,,Partially cloudy,partly-cloudy-night,remote
"Bhopal, Madhya Pradesh, India",2024-06-15T01:00:00,87.2,91.7,69.3,55.58,0,0,,0,0,16.3,9.2,239.6,1004,57.9,,0,0,0,,Partially cloudy,partly-cloudy-night,remote
"Bhopal, Madhya Pradesh, India",2024-06-15T02:00:00,84.7,88.5,68.9,59.26,0,0,,0,0,16.8,9.2,230,1004,50,3.2,0,0,0,,Partially cloudy,partly-cloudy-night,"VABP,42667099999"
"Bhopal, Madhya Pradesh, India",2024-06-15T03:00:00,86.1,89.6,68.1,55.09,0,0,,0,0,16.6,9.2,246.2,1003,100,,0,0,0,,Overcast,cloudy,remote
"Bhopal, Madhya Pradesh, India",2024-06-15T04:00:00,84.1,88.5,70.1,62.81,0,0,,0,0,15.9,6.3,246.3,1004,65.9,,0,0,0,,Partially cloudy,partly-cloudy-night,remote
"Bhopal, Madhya Pradesh, India",2024-06-15T05:00:00,81.4,85.9,71.8,72.76,0,0,,0,0,15.4,4.7,242,1005,45.4,3.2,0,0,0,,Partially cloudy,partly-cloudy-night,"VABP,42667099999"
"Bhopal, Madhya Pradesh, India",2024-06-15T06:00:00,86.1,92.4,72.1,63.05,0,0,,0,0,15.4,7.8,262.2,1003,33.2,,0,0,0,,Partially cloudy,partly-cloudy-day,remote
"Bhopal, Madhya Pradesh, India",2024-06-15T07:00:00,85.9,92,71.9,63.03,0,0,,0,0,15.4,7.6,262.1,1004,12.6,,28.4,0.1,0,,Clear,clear-day,remote
"Bhopal, Madhya Pradesh, India",2024-06-15T08:00:00,86.5,92.8,71.8,61.7,0,0,,0,0,18.3,13.6,250,1004.2,10,3.2,156.3,0.6,2,,Clear,clear-day,"VABP,42672099999,42667099999,42763099999"
"Bhopal, Madhya Pradesh, India",2024-06-15T09:00:00,87.2,94.1,72.4,61.67,0,0,,0,0,21.5,9.6,275.8,1004,0,,327.9,1.2,3,,Clear,clear-day,remote
"Bhopal, Madhya Pradesh, India",2024-06-15T10:00:00,87.3,94.2,72.2,60.94,0,0,,0,0,22.1,9.4,285.8,1004,0.3,,556,2,6,,Clear,clear-day,remote
"Bhopal, Madhya Pradesh, India",2024-06-15T11:00:00,97.1,101.1,66.5,37,0,0,,0,0,22.1,9.3,264,1003.5,27.3,3.1,670.2,2.4,7,,Partially cloudy,partly-cloudy-day,"VABP,42667099999,42763099999"
"Bhopal, Madhya Pradesh, India",2024-06-15T12:00:00,98,105,69.7,40.22,0,0,,0,0,21.3,8.1,299.3,1003,0.2,,844,3,8,,Clear,clear-day,remote
"Bhopal, Madhya Pradesh, India",2024-06-15T13:00:00,98.3,104.8,69,38.81,0,0,,0,0,18.8,6.9,298.5,1002,7.5,,915.7,3.3,9,,Clear,clear-day,remote
"Bhopal, Madhya Pradesh, India",2024-06-15T14:00:00,97.1,96.6,58.4,27.85,0,0,,0,0,17.7,8,250,1001,88.7,2.6,803,2.9,8,,Partially cloudy,partly-cloudy-day,"VABP,42667099999,42763099999"
"Bhopal, Madhya Pradesh, India",2024-06-15T15:00:00,102.5,108.4,67.2,32.21,0,0,,0,0,15.7,5.6,291.4,1001,17.7,,781.1,2.8,8,,Clear,clear-day,remote
"Bhopal, Madhya Pradesh, India",2024-06-15T16:00:00,95.8,102.6,70.1,43.49,0,0,,0,0,15,5.6,292.1,999,12.9,,604,2.2,6,,Clear,clear-day,remote
"Bhopal, Madhya Pradesh, India",2024-06-15T17:00:00,91.1,94,66.2,44.01,0,0,,0,0,13.6,10.1,250,1000.7,88.9,3.1,484.6,1.7,5,,Partially cloudy,partly-cloudy-day,"VABP,42672099999,42667099999,42763099999"
"Bhopal, Madhya Pradesh, India",2024-06-15T18:00:00,96.2,101.9,68.8,41.2,0.008,100,rain,0,0,12.8,6.7,267.4,1000,79.9,,204.3,0.7,2,,"Rain, Partially cloudy",rain,remote
"Bhopal, Madhya Pradesh, India",2024-06-15T19:00:00,94.6,100.6,69.5,44.39,0.004,100,rain,0,0,13.4,7.2,254.6,1000,56.4,,90.1,0.3,1,,"Rain, Partially cloudy",rain,remote
"Bhopal, Madhya Pradesh, India",2024-06-15T20:00:00,86.2,89.6,67.8,54.32,0,0,,0,0,13.9,9.2,200,1003.3,54.6,3.2,11.2,0,0,,Partially cloudy,partly-cloudy-night,"VABP,42667099999"
"Bhopal, Madhya Pradesh, India",2024-06-15T21:00:00,89.5,95.9,71.1,54.88,0,0,,0,0,15,9.2,241.6,1002,86.7,,0,0,0,,Partially cloudy,partly-cloudy-night,remote
"Bhopal, Madhya Pradesh, India",2024-06-15T22:00:00,88.8,95.8,72.1,57.88,0,0,,0,0,15,10.1,240.9,1003,90,,0,0,0,,Partially cloudy,partly-cloudy-night,remote
"Bhopal, Madhya Pradesh, India",2024-06-15T23:00:00,84.2,89.3,71.2,65.05,0,0,,0,0,13.6,8.1,180,1004.2,63.9,3.2,0,0,0,,Partially cloudy,partly-cloudy-night,"VABP,42667099999"
"Bhopal, Madhya Pradesh, India",2024-06-16T00:00:00,86.6,94.4,73.5,65.06,0,0,,0,0,13.9,10.7,254.8,1003,83.1,,0,0,0,,Partially cloudy,partly-cloudy-night,remote
"Bhopal, Madhya Pradesh, India",2024-06-16T01:00:00,86.3,94.1,73.7,66.21,0,0,,0,0,19.5,10.7,258.7,1003,65,,0,0,0,,Partially cloudy,partly-cloudy-night,remote
"Bhopal, Madhya Pradesh, India",2024-06-16T02:00:00,81.8,85.9,70.8,69.43,0,0,,0,0,19.2,8.1,180,1001.5,80,2.5,0,0,0,,Partially cloudy,partly-cloudy-night,42667099999
"Bhopal, Madhya Pradesh, India",2024-06-16T03:00:00,85,91.6,72.8,66.88,0.004,100,rain,0,0,18.6,9.6,266.4,1003,47,,0,0,0,,"Rain, Partially cloudy",rain,remote
"Bhopal, Madhya Pradesh, India",2024-06-16T04:00:00,82.3,87,71.5,69.91,0,0,,0,0,16.8,7.8,270.6,1004,50,,0,0,0,,Partially cloudy,partly-cloudy-night,remote
"Bhopal, Madhya Pradesh, India",2024-06-16T05:00:00,80.8,85,71.7,73.74,0,0,,0,0,15.7,9.2,230,1004.5,63.9,3.2,0,0,0,,Partially cloudy,partly-cloudy-night,"VABP,42667099999"
"Bhopal, Madhya Pradesh, India",2024-06-16T06:00:00,83.9,89.4,71.9,67.16,0,0,,0,0,15.7,7.6,275.9,1005,50.2,,0,0,0,,Partially cloudy,partly-cloudy-day,remote
"Bhopal, Madhya Pradesh, India",2024-06-16T07:00:00,84.1,89.4,71.5,65.97,0,0,,0,0,14.5,6.9,267.3,1005,70,,28.1,0.1,0,,Partially cloudy,partly-cloudy-day,remote
"Bhopal, Madhya Pradesh, India",2024-06-16T08:00:00,86.5,93.6,72.8,63.74,0,0,,0,0,15.9,13.6,250,1005.5,27.3,3.2,159.9,0.6,2,,Partially cloudy,partly-cloudy-day,"VABP,42672099999,42667099999,42763099999"
"Bhopal, Madhya Pradesh, India",2024-06-16T09:00:00,85.9,92.2,72.1,63.42,0,0,,0,0,19.2,8.3,276.4,1005,1.6,,315.2,1.1,3,,Clear,clear-day,remote
"Bhopal, Madhya Pradesh, India",2024-06-16T10:00:00,86.8,93.5,72.2,62,0,0,,0,0,20.8,8.1,284.3,1005,8.9,,571.4,2.1,6,,Clear,clear-day,remote
"Bhopal, Madhya Pradesh, India",2024-06-16T11:00:00,95.7,100.3,67.6,40.08,0,0,,0,0,20.8,4.7,230,1004.8,27.5,3.1,724.4,2.6,7,,Partially cloudy,partly-cloudy-day,"VABP,42667099999,42763099999"
"Bhopal, Madhya Pradesh, India",2024-06-16T12:00:00,96.7,104.5,70.8,43.36,0,0,,0,0,19.9,6.3,294.2,1004,0,,872.1,3.1,9,,Clear,clear-day,remote
"Bhopal, Madhya Pradesh, India",2024-06-16T13:00:00,96.9,104.5,70.6,42.86,0,0,,0,0,16.1,5.4,293.5,1004,2.6,,909.4,3.3,9,,Clear,clear-day,remote
"Bhopal, Madhya Pradesh, India",2024-06-16T14:00:00,101.1,107,67.6,34.06,0,0,,0,0,14.8,2.2,45,1001.8,50,3.1,896.2,3.2,9,,Partially cloudy,partly-cloudy-day,"VABP,42667099999,42763099999"
"Bhopal, Madhya Pradesh, India",2024-06-16T15:00:00,102.1,111.5,71,37.05,0,0,,0,0,13.4,4,271.4,1002,32.7,,747.6,2.7,7,,Partially cloudy,partly-cloudy-day,remote
"Bhopal, Madhya Pradesh, India",2024-06-16T16:00:00,98.3,107.7,71.9,42.81,0,0,,0,0,12.3,3.6,276.6,1000,59.9,,612.5,2.2,6,,Partially cloudy,partly-cloudy-day,remote
"Bhopal, Madhya Pradesh, India",2024-06-16T17:00:00,89.2,95,70.4,53.99,0,0,,0,0,12.5,14.7,235,1002.1,88.4,2.9,487.6,1.8,5,,Partially cloudy,partly-cloudy-day,"VABP,42672099999,42667099999,42763099999"
"Bhopal, Madhya Pradesh, India",2024-06-16T18:00:00,97.2,105.9,71.5,43.71,0.012,100,rain,0,0,12.3,7.6,223.3,1001,82.3,,262.2,0.9,3,,"Rain, Partially cloudy",rain,remote
"Bhopal, Madhya Pradesh, India",2024-06-16T19:00:00,93.6,104.4,74.2,53.47,0.067,100,rain,0,0,15.9,3.6,212.3,1002,86.2,,73.8,0.3,1,,"Rain, Partially cloudy",rain,remote
"Bhopal, Madhya Pradesh, India",2024-06-16T20:00:00,86.9,94.7,73.4,64.27,0,0,,0,0,15.7,2.2,360,1003.9,84.3,3.2,7.9,0,0,,Partially cloudy,partly-cloudy-night,"VABP,42667099999"
"Bhopal, Madhya Pradesh, India",2024-06-16T21:00:00,89.3,98.5,74,60.82,0,0,,0,0,9.4,4.9,162.6,1004,67.6,,0,0,0,,Partially cloudy,partly-cloudy-night,remote
"Bhopal, Madhya Pradesh, India",2024-06-16T22:00:00,89.3,97.8,73.3,59.37,0,0,,0,0,8.5,5.1,171.8,1004,68.8,,0,0,0,,Partially cloudy,partly-cloudy-night,remote
"Bhopal, Madhya Pradesh, India",2024-06-16T23:00:00,86.1,95.6,75.5,70.73,0,0,,0,0,9.2,3.4,200,1002.4,60,2.5,0,0,0,,Partially cloudy,partly-cloudy-night,42667099999
"Bhopal, Madhya Pradesh, India",2024-06-17T00:00:00,88.2,96.7,73.7,62.18,0,0,,0,0,9.6,5.4,197.8,1004,48.2,,0,0,0,,Partially cloudy,partly-cloudy-night,remote
"Bhopal, Madhya Pradesh, India",2024-06-17T01:00:00,87.9,96.6,74,63.65,0.083,100,rain,0,0,10.7,4.7,200.6,1004,55.6,,0,0,0,,"Rain, Partially cloudy",rain,remote
"Bhopal, Madhya Pradesh, India",2024-06-17T02:00:00,83.9,91,74,72.23,0,0,,0,0,10.1,9.2,230,1001.5,60,2.5,0,0,0,,Partially cloudy,partly-cloudy-night,42667099999
"Bhopal, Madhya Pradesh, India",2024-06-17T03:00:00,86.1,94.2,74,67.4,0.024,100,rain,0,0,15.4,6,241.6,1003,62.2,,0,0,0,,"Rain, Partially cloudy",rain,remote
"Bhopal, Madhya Pradesh, India",2024-06-17T04:00:00,82.5,90.1,75.8,80.36,0,0,,0,0,17.2,9.4,267.5,1004,87.8,,0,0,0,,Partially cloudy,partly-cloudy-night,remote
"Bhopal, Madhya Pradesh, India",2024-06-17T05:00:00,85.1,94.7,76,74.24,0,0,,0,0,17.4,2.2,70,1005.1,84.3,3.2,0,0,0,,Partially cloudy,partly-cloudy-night,"VABP,42667099999"
"Bhopal, Madhya Pradesh, India",2024-06-17T06:00:00,83.7,91.5,74.9,74.87,0.004,100,rain,0,0,16.6,8.1,278.7,1004,61,,0,0,0,,"Rain, Partially cloudy",rain,remote
"Bhopal, Madhya Pradesh, India",2024-06-17T07:00:00,83.7,91.1,74.4,73.53,0.004,100,rain,0,0,15.7,6,264.3,1005,45.6,,28.4,0.1,0,,"Rain, Partially cloudy",rain,remote
"Bhopal, Madhya Pradesh, India",2024-06-17T08:00:00,84.8,95.6,77.3,78.3,0,0,,0,0,14.1,7.9,290,1007.1,89.1,2.8,133.6,0.5,1,,Partially cloudy,partly-cloudy-day,"VABP,42672099999,42667099999,42763099999"
"Bhopal, Madhya Pradesh, India",2024-06-17T09:00:00,84.6,92,73.8,70.15,0.004,100,rain,0,0,16.6,6.7,261.7,1006,44.6,,328.4,1.2,3,,"Rain, Partially cloudy",rain,remote
"Bhopal, Madhya Pradesh, India",2024-06-17T10:00:00,85.2,92.6,73.7,68.54,0,0,,0,0,18.8,7.4,275.5,1006,64.3,,534.3,1.9,5,,Partially cloudy,partly-cloudy-day,remote
"Bhopal, Madhya Pradesh, India",2024-06-17T11:00:00,85.1,94,75.4,72.82,0,0,,0,0,19,9.1,270,1006.6,88.9,2.8,591.7,2.1,6,,Partially cloudy,partly-cloudy-day,"VABP,42667099999,42763099999"
"Bhopal, Madhya Pradesh, India",2024-06-17T12:00:00,93.5,103.7,73.8,53.12,0,0,,0,0,18.6,6,284.6,1006,74.6,,716.1,2.6,7,,Partially cloudy,partly-cloudy-day,remote
"Bhopal, Madhya Pradesh, India",2024-06-17T13:00:00,93.8,104.2,73.8,52.53,0,0,,0,0,15.2,6.3,279.7,1005,62.3,,667.7,2.4,7,,Partially cloudy,partly-cloudy-day,remote
"Bhopal, Madhya Pradesh, India",2024-06-17T14:00:00,86.9,97.2,75.8,69.65,0,0,,0,0,15.4,8,241,1004.4,88.7,2.8,582,2.1,6,,Partially cloudy,partly-cloudy-day,"VABP,42667099999,42763099999"
"Bhopal, Madhya Pradesh, India",2024-06-17T15:00:00,96.5,107.9,74,48.64,0,0,,0,0,15.2,7.6,279.2,1003,58.7,,329.6,1.2,3,,Partially cloudy,partly-cloudy-day,remote
"Bhopal, Madhya Pradesh, India",2024-06-17T16:00:00,92.2,103.9,75.3,57.97,0,0,,0,0,15.2,5.4,274,1002,96.7,,366,1.3,4,,Overcast,cloudy,remote
"Bhopal, Madhya Pradesh, India",2024-06-17T17:00:00,91.7,103.1,75.2,58.8,0,0,,0,0,15.2,2.2,206,1001.9,89.1,3.1,321.3,1.2,3,,Partially cloudy,partly-cloudy-day,"VABP,42672099999,42667099999,42763099999"
"Bhopal, Madhya Pradesh, India",2024-06-17T18:00:00,92.6,104.3,75.3,57.32,0,0,,0,0,14.8,3.6,268.2,1002,96.9,,212.9,0.8,2,,Overcast,cloudy,remote
"Bhopal, Madhya Pradesh, India",2024-06-17T19:00:00,93.1,106,76,57.74,0,0,,0,0,11.6,2.7,228.8,1002,94.8,,105.5,0.4,1,,Overcast,cloudy,remote
"Bhopal, Madhya Pradesh, India",2024-06-17T20:00:00,87.5,99.4,77,71.23,0,0,,0,0,6.7,4.7,110,1003.6,54.6,3.2,12.3,0,0,,Partially cloudy,partly-cloudy-night,"VABP,42667099999"
"Bhopal, Madhya Pradesh, India",2024-06-17T21:00:00,86.3,94.2,73.8,66.61,0,0,,0,0,8.3,5.1,203.4,1003,86.1,,0,0,0,,Partially cloudy,partly-cloudy-night,remote
"Bhopal, Madhya Pradesh, India",2024-06-17T22:00:00,86.1,94.3,74.2,67.81,0,0,,0,0,8.9,6.3,205.6,1004,81.1,,0,0,0,,Partially cloudy,partly-cloudy-night,remote
"Bhopal, Madhya Pradesh, India",2024-06-17T23:00:00,84.3,90.5,72.6,68.17,0,0,,0,0,9.8,4.7,180,1005.2,54.6,3.2,0,0,0,,Partially cloudy,partly-cloudy-night,"VABP,42667099999"
"Bhopal, Madhya Pradesh, India",2024-06-18T00:00:00,85,92.2,73.5,68.52,0,0,,0,0,12.1,8.1,213.8,1004,68.3,,0,0,0,,Partially cloudy,partly-cloudy-night,remote
"Bhopal, Madhya Pradesh, India",2024-06-18T01:00:00,84.8,91.9,73.5,68.91,0,0,,0,0,16.3,9.4,221.8,1004,87.6,,0,0,0,,Partially cloudy,partly-cloudy-night,remote
"Bhopal, Madhya Pradesh, India",2024-06-18T02:00:00,82.5,88,72.8,72.53,0,0,,0,0,16.6,4.7,180,1002.4,60,2.5,0,0,0,,Partially cloudy,partly-cloudy-night,42667099999
"Bhopal, Madhya Pradesh, India",2024-06-18T03:00:00,84.3,91.1,73.5,70.12,0,0,,0,0,16.3,9.8,225.7,1003,95.9,,0,0,0,,Overcast,cloudy,remote
"Bhopal, Madhya Pradesh, India",2024-06-18T04:00:00,82.7,89.6,74.7,77.07,0,0,,0,0,14.5,8.7,228.8,1004,93.3,,0,0,0,,Overcast,cloudy,remote
"Bhopal, Madhya Pradesh, India",2024-06-18T05:00:00,80.8,88.8,78.8,93.51,0,0,,0,0,19.2,10.3,225,1003.4,54.6,3.2,0,0,0,,Partially cloudy,partly-cloudy-night,"VABP,42667099999"
"Bhopal, Madhya Pradesh, India",2024-06-18T06:00:00,82.8,91.8,77.1,82.82,0,0,,0,0,21.5,9.6,255.4,1003,77.4,,0,0,0,,Partially cloudy,partly-cloudy-day,remote
"Bhopal, Madhya Pradesh, India",2024-06-18T07:00:00,83.2,92,76.6,80.41,0,0,,0,0,17.9,8.5,264,1004,8.9,,23.8,0.1,0,,Clear,clear-day,remote
"Bhopal, Madhya Pradesh, India",2024-06-18T08:00:00,86.3,98.2,77.5,75.24,0,0,,0,0,16.6,11.2,230,1004.2,31.9,3.2,147.4,0.5,1,,Partially cloudy,partly-cloudy-day,"VABP,42672099999,42667099999,42763099999"
"Bhopal, Madhya Pradesh, India",2024-06-18T09:00:00,85.6,95,75.6,72.39,0,0,,0,0,19.9,11,276.1,1004,29.7,,307.8,1.1,3,,Partially cloudy,partly-cloudy-day,remote
"Bhopal, Madhya Pradesh, India",2024-06-18T10:00:00,85.6,94.1,74.7,70.25,0,0,,0,0,21.5,10.7,277.3,1004,42.2,,460.2,1.7,5,,Partially cloudy,partly-cloudy-day,remote
"Bhopal, Madhya Pradesh, India",2024-06-18T11:00:00,94.7,102.2,71.1,46.58,0,0,,0,0,22.8,13,250,1003.9,63.8,3.1,512.5,1.8,5,,Partially cloudy,partly-cloudy-day,"VABP,42667099999,42763099999"
"Bhopal, Madhya Pradesh, India",2024-06-18T12:00:00,92.6,104.1,75.1,56.98,0,0,,0,0,23.5,10.1,278.1,1004,37.1,,592.5,2.1,6,,Partially cloudy,partly-cloudy-day,remote
"Bhopal, Madhya Pradesh, India",2024-06-18T13:00:00,93.5,104.8,74.7,54.75,0,0,,0,0,22.1,9.8,278.5,1003,62.1,,798,2.9,8,,Partially cloudy,partly-cloudy-day,remote
"Bhopal, Madhya Pradesh, India",2024-06-18T14:00:00,96.8,107.3,73.3,47.06,0,0,,0,0,21.7,11.4,155,1000.5,63.9,3.1,786.1,2.8,8,,Partially cloudy,partly-cloudy-day,"VABP,42667099999,42763099999"
"Bhopal, Madhya Pradesh, India",2024-06-18T15:00:00,95.4,108.1,75.3,52.44,0,0,,0,0,20.4,8.7,269,1001,66.2,,587.7,2.1,6,,Partially cloudy,partly-cloudy-day,remote
"Bhopal, Madhya Pradesh, India",2024-06-18T16:00:00,93.6,102.9,72.9,51.25,0,0,,0,0,19.7,7.6,261.5,1000,83.1,,468.6,1.7,5,,Partially cloudy,partly-cloudy-day,remote
"Bhopal, Madhya Pradesh, India",2024-06-18T17:00:00,80.8,87.3,76.4,86.34,0.079,100,rain,0,0,28.9,16.9,320,1001.3,89.1,2.5,351.8,1.3,4,,"Rain, Partially cloudy",rain,"VABP,42672099999,42667099999,42763099999"
"Bhopal, Madhya Pradesh, India",2024-06-18T18:00:00,92,99.9,72.1,52.28,0,0,,0,0,16.3,5.4,255.4,1000,85.8,,281.5,1,3,,Partially cloudy,partly-cloudy-day,remote
"Bhopal, Madhya Pradesh, India",2024-06-18T19:00:00,91.1,99.9,73.1,55.77,0,0,,0,0,15,4.5,255.2,1000,74.4,,104,0.4,1,,Partially cloudy,partly-cloudy-day,remote
"Bhopal, Madhya Pradesh, India",2024-06-18T20:00:00,79.5,79.5,78,95.43,0,0,,0,0,15,3.4,121,1002.7,88.9,2.5,9.9,0,0,,Partially cloudy,partly-cloudy-night,"VABP,42667099999"
"Bhopal, Madhya Pradesh, India",2024-06-18T21:00:00,84.3,90.1,72.1,66.8,0,0,,0,0,13.9,3.6,235.5,1003,97.9,,0,0,0,,Overcast,cloudy,remote
"Bhopal, Madhya Pradesh, India",2024-06-18T22:00:00,82.7,87.4,71.3,68.68,0,0,,0,0,15.2,6,197.8,1003,97.1,,0,0,0,,Overcast,cloudy,remote
"Bhopal, Madhya Pradesh, India",2024-06-18T23:00:00,75.7,75.7,74.9,97.25,0.236,100,rain,0,0,17.2,4.7,360,1005.7,88.9,2.5,0,0,0,,"Rain, Partially cloudy",rain,"VABP,42667099999"
"Bhopal, Madhya Pradesh, India",2024-06-19T00:00:00,79.6,79.6,71,74.96,0,0,,0,0,18.1,7.2,201.6,1004,98.7,,0,0,0,,Overcast,cloudy,remote
"Bhopal, Madhya Pradesh, India",2024-06-19T01:00:00,78.9,78.9,71.1,77.22,0,0,,0,0,15.9,9.2,210.7,1003,100,,0,0,0,,Overcast,cloudy,remote
"Bhopal, Madhya Pradesh, India",2024-06-19T02:00:00,76.4,76.4,75.8,98.22,0.157,100,rain,0,0,17.2,5.8,250,1001.8,90,2.5,0,0,0,,"Rain, Partially cloudy",rain,42667099999
"Bhopal, Madhya Pradesh, India",2024-06-19T03:00:00,78.2,78.2,72.4,82.52,0,0,,0,0,17,9.6,227.5,1002,98.8,,0,0,0,,Overcast,cloudy,remote
"Bhopal, Madhya Pradesh, India",2024-06-19T04:00:00,76.4,76.4,73.7,91.38,0,0,,0,0,16.8,7.6,233.5,1002,87.3,,0,0,0,,Partially cloudy,partly-cloudy-night,remote
"Bhopal, Madhya Pradesh, India",2024-06-19T05:00:00,74.5,74.5,73.4,96.42,0,0,,0,0,16.6,3.4,200,1001.7,68.6,2.5,0,0,0,,Partially cloudy,partly-cloudy-night,"VABP,42667099999"
"Bhopal, Madhya Pradesh, India",2024-06-19T06:00:00,79.8,79.8,74.6,84.13,0,0,,0,0,16.1,8.1,251.2,1002,92,,0,0,0,,Overcast,cloudy,remote
"Bhopal, Madhya Pradesh, India",2024-06-19T07:00:00,79.8,79.8,74,82.62,0,0,,0,0,16.1,7.8,256,1002,90.2,,24.4,0.1,0,,Overcast,cloudy,remote
"Bhopal, Madhya Pradesh, India",2024-06-19T08:00:00,80.9,87.1,75.9,84.7,0.118,100,rain,0,0,17.2,9.9,230,1000.9,89.8,2.5,136.7,0.5,1,,"Rain, Partially cloudy",rain,"42672099999,42667099999,42763099999"
"Bhopal, Madhya Pradesh, India",2024-06-19T09:00:00,81.9,88,74.2,77.47,0,0,,0,0,19.7,9.4,267.9,1002,48.7,,280.7,1,3,,Partially cloudy,partly-cloudy-day,remote
"Bhopal, Madhya Pradesh, India",2024-06-19T10:00:00,82.1,88.3,74.2,77.02,0,0,,0,0,20.4,9.6,267.8,1002,22.5,,493.8,1.8,5,,Partially cloudy,partly-cloudy-day,remote
"Bhopal, Madhya Pradesh, India",2024-06-19T11:00:00,85.9,102.4,81,85.52,0,0,,0,0,20.8,9.1,230,1003.2,84.3,3.1,615.7,2.2,6,,Partially cloudy,partly-cloudy-day,"VABP,42667099999,42763099999"
"Bhopal, Madhya Pradesh, India",2024-06-19T12:00:00,89.9,99.3,74,59.8,0,0,,0,0,20.8,8.7,249.4,1002,80.6,,623.5,2.2,6,,Partially cloudy,partly-cloudy-day,remote
"Bhopal, Madhya Pradesh, India",2024-06-19T13:00:00,89.7,98.8,73.8,59.77,0,0,,0,0,19.9,8.5,241.2,1001,81.5,,592.6,2.1,6,,Partially cloudy,partly-cloudy-day,remote
"Bhopal, Madhya Pradesh, India",2024-06-19T14:00:00,93.9,104.7,74.2,53.09,0,0,,0,0,19.9,10.3,225,999.9,50,3.1,602.4,2.2,6,,Partially cloudy,partly-cloudy-day,"VABP,42667099999,42763099999"
"Bhopal, Madhya Pradesh, India",2024-06-19T15:00:00,92.6,102.8,74,54.96,0,0,,0,0,19.5,8.9,236.3,1000,96.3,,499.1,1.8,5,,Overcast,cloudy,remote
"Bhopal, Madhya Pradesh, India",2024-06-19T16:00:00,93.8,104.4,74,52.85,0,0,,0,0,19.5,8.3,233.5,998,81.2,,455.4,1.6,5,,Partially cloudy,partly-cloudy-day,remote
"Bhopal, Madhya Pradesh, India",2024-06-19T17:00:00,95.2,100.4,68.4,41.82,0,0,,0,0,19,9,161,997.6,50.2,3.2,381.6,1.4,4,,Partially cloudy,partly-cloudy-day,"VABP,42672099999,42667099999,42763099999"
"Bhopal, Madhya Pradesh, India",2024-06-19T18:00:00,93.8,105.1,74.6,53.82,0,0,,0,0,19.9,7.8,239.5,998,91.7,,269.8,1,3,,Overcast,cloudy,remote
"Bhopal, Madhya Pradesh, India",2024-06-19T19:00:00,94.2,105.5,74.6,53.22,0,0,,0,0,17.7,6.3,230.6,998,81.5,,85,0.3,1,,Partially cloudy,partly-cloudy-day,remote
"Bhopal, Madhya Pradesh, India",2024-06-19T20:00:00,88.8,93.8,69.6,53.21,0,0,,0,0,15.2,5.8,150,999.3,50,3.2,12.1,0,0,,Partially cloudy,partly-cloudy-night,"VABP,42667099999"
"Bhopal, Madhya Pradesh, India",2024-06-19T21:00:00,86.6,93.9,72.9,63.89,0,0,,0,0,13.9,6,210.3,1000,65.6,,0,0,0,,Partially cloudy,partly-cloudy-night,remote
"Bhopal, Madhya Pradesh, India",2024-06-19T22:00:00,86.4,93.8,73.1,64.65,0,0,,0,0,13.6,6.9,212,1000,44.2,,0,0,0,,Partially cloudy,partly-cloudy-night,remote
"Bhopal, Madhya Pradesh, India",2024-06-19T23:00:00,86.4,93.5,72.8,64.12,0,0,,0,0,14.5,9.2,180,1000.4,45.4,3.2,0,0,0,,Partially cloudy,partly-cloudy-night,"VABP,42667099999"
"Bhopal, Madhya Pradesh, India",2024-06-20T00:00:00,85.2,92.6,73.7,68.54,0,0,,0,0,15.9,9.2,223.5,1001,29.9,,0,0,0,,Partially cloudy,partly-cloudy-night,remote
"Bhopal, Madhya Pradesh, India",2024-06-20T01:00:00,84.5,91.3,73.3,69.29,0,0,,0,0,17.7,9.6,232,1000,26.8,,0,0,0,,Partially cloudy,partly-cloudy-night,remote
"Bhopal, Madhya Pradesh, India",2024-06-20T02:00:00,84.5,92.3,74.6,72.28,0,0,,0,0,17.9,10.3,220,997.6,40,2.5,0,0,0,,Partially cloudy,partly-cloudy-night,42667099999
"Bhopal, Madhya Pradesh, India",2024-06-20T03:00:00,82.8,88.8,73.1,72.57,0,0,,0,0,17.4,9.2,242.6,1000,36,,0,0,0,,Partially cloudy,partly-cloudy-night,remote
"Bhopal, Madhya Pradesh, India",2024-06-20T04:00:00,80.5,85.1,73.1,78.3,0,0,,0,0,16.8,8.1,240.4,1000,44.4,,0,0,0,,Partially cloudy,partly-cloudy-night,remote
"Bhopal, Madhya Pradesh, India",2024-06-20T05:00:00,80.9,86.4,74.6,81.22,0,0,,0,0,15.4,8.1,200,998.9,40,2.5,0,0,0,,Partially cloudy,partly-cloudy-night,42667099999
"Bhopal, Madhya Pradesh, India",2024-06-20T06:00:00,83.2,90.8,75.1,76.65,0,0,,0,0,14.8,7.8,242.5,1001,3,,0,0,0,,Clear,clear-day,remote
"Bhopal, Madhya Pradesh, India",2024-06-20T07:00:00,83,90.5,75.1,77.1,0,0,,0,0,15.2,8.5,240.5,1001,15.6,,32.2,0.1,0,,Clear,clear-day,remote
"Bhopal, Madhya Pradesh, India",2024-06-20T08:00:00,84.9,93.9,75.6,73.83,0,0,,0,0,20.4,7.9,200,1002.3,15.1,3.2,176.2,0.6,2,,Clear,clear-day,"VABP,42672099999,42667099999,42763099999"
"Bhopal, Madhya Pradesh, India",2024-06-20T09:00:00,84.6,92.9,74.9,72.74,0,0,,0,0,22.4,10.7,252.7,1002,35.7,,359.3,1.3,4,,Partially cloudy,partly-cloudy-day,remote
"Bhopal, Madhya Pradesh, India",2024-06-20T10:00:00,85.2,93.4,74.6,70.63,0,0,,0,0,22.4,9.4,254.1,1002,49.5,,518.2,1.9,5,,Partially cloudy,partly-cloudy-day,remote
"Bhopal, Madhya Pradesh, India",2024-06-20T11:00:00,91.9,105.2,76.6,61.01,0,0,,0,0,21.7,8,181,1002.1,45.3,3.1,610.2,2.2,6,,Partially cloudy,partly-cloudy-day,"VABP,42667099999,42763099999"
"Bhopal, Madhya Pradesh, India",2024-06-20T12:00:00,92.6,104.6,75.5,57.67,0,0,,0,0,21.3,8.3,244.1,1002,81.5,,596.4,2.1,6,,Partially cloudy,partly-cloudy-day,remote
"Bhopal, Madhya Pradesh, India",2024-06-20T13:00:00,92.7,104.8,75.5,57.35,0,0,,0,0,18.8,8.1,243.9,1001,13.3,,775.3,2.8,8,,Clear,clear-day,remote
"Bhopal, Madhya Pradesh, India",2024-06-20T14:00:00,97.3,101.8,66.9,37.24,0,0,,0,0,19.2,6.9,180,998.9,63.9,3.1,739.3,2.7,7,,Partially cloudy,partly-cloudy-day,"VABP,42667099999,42763099999"
"Bhopal, Madhya Pradesh, India",2024-06-20T15:00:00,98.1,111.2,74.9,47.71,0,0,,0,0,19.2,8.3,238.4,1000,8.3,,614.8,2.2,6,,Clear,clear-day,remote
"Bhopal, Madhya Pradesh, India",2024-06-20T16:00:00,94.9,105.8,74,51.12,0,0,,0,0,19.5,8.3,236.3,998,5.3,,656.2,2.4,7,,Clear,clear-day,remote
"Bhopal, Madhya Pradesh, India",2024-06-20T17:00:00,98.8,111.7,74.6,46.21,0,0,,0,0,19,7.8,201,994.1,78.3,2.6,440.8,1.6,4,,Partially cloudy,partly-cloudy-day,"42672099999,42667099999,42763099999"
"Bhopal, Madhya Pradesh, India",2024-06-20T18:00:00,93.6,104.6,74.4,53.79,0,0,,0,0,19.2,8.3,231.3,997,21.8,,157.7,0.6,2,,Partially cloudy,partly-cloudy-day,remote
"Bhopal, Madhya Pradesh, India",2024-06-20T19:00:00,93.6,103.7,73.7,52.51,0,0,,0,0,17.9,7.4,228.6,998,27,,109.1,0.4,1,,Partially cloudy,partly-cloudy-day,remote
"Bhopal, Madhya Pradesh, India",2024-06-20T20:00:00,91.6,98.4,71,51.08,0.039,100,rain,0,0,18.6,8.1,180,998.8,63.9,3.2,9.7,0,0,,"Rain, Partially cloudy",rain,"VABP,42667099999"
"Bhopal, Madhya Pradesh, India",2024-06-20T21:00:00,85.4,92.2,72.9,66.51,0,0,,0,0,16.6,5.8,225.1,1000,87,,0,0,0,,Partially cloudy,partly-cloudy-night,remote
"Bhopal, Madhya Pradesh, India",2024-06-20T22:00:00,85,92.3,73.7,68.93,0,0,,0,0,12.5,5.6,215.3,1001,95.1,,0,0,0,,Overcast,cloudy,remote
"Bhopal, Madhya Pradesh, India",2024-06-20T23:00:00,86.5,92.3,71.3,60.6,0,0,,0,0,12.1,5.8,175,1001.1,75,3.2,0,0,0,,Partially cloudy,partly-cloudy-night,"VABP,42667099999"
"Bhopal, Madhya Pradesh, India",2024-06-21T00:00:00,81.4,87.3,74.6,79.8,0,0,,0,0,13.4,5.6,230.6,1002,96.2,,0,0,0,,Overcast,cloudy,remote
"Bhopal, Madhya Pradesh, India",2024-06-21T01:00:00,81.2,87,74.6,80.27,0,0,,0,0,10.3,6,230.6,1002,98,,0,0,0,,Overcast,cloudy,remote
"Bhopal, Madhya Pradesh, India",2024-06-21T02:00:00,82.7,86,68.6,62.64,1.929,100,rain,0,0,11.9,6.9,230,998.3,60,2.5,0,0,0,,"Rain, Partially cloudy",rain,42667099999
"Bhopal, Madhya Pradesh, India",2024-06-21T03:00:00,79.6,79.6,74,83.11,0,0,,0,0,13,7.2,233.1,1002,99.3,,0,0,0,,Overcast,cloudy,remote
"Bhopal, Madhya Pradesh, India",2024-06-21T04:00:00,79.1,79.1,72.6,80.6,0,0,,0,0,13.4,5.8,233.3,1001,99.3,,0,0,0,,Overcast,cloudy,remote
"Bhopal, Madhya Pradesh, India",2024-06-21T05:00:00,72.7,72.7,72.3,98.6,2.795,100,rain,0,0,14.3,8.1,90,1002.7,88.9,1.6,0,0,0,,"Rain, Partially cloudy",rain,"VABP,42667099999"
"Bhopal, Madhya Pradesh, India",2024-06-21T06:00:00,80,80,73.7,81.15,0,0,,0,0,14.3,6,246.7,1002,99.9,,0,0,0,,Overcast,cloudy,remote
"Bhopal, Madhya Pradesh, India",2024-06-21T07:00:00,79.2,79.2,73.7,83.09,0,0,,0,0,14.5,5.8,242.4,1003,100,,26.4,0.1,0,,Overcast,cloudy,remote
"Bhopal, Madhya Pradesh, India",2024-06-21T08:00:00,73.7,73.7,73.3,98.58,0,0,,0,0,16.8,3.3,140,1004.7,89.1,1.6,126.5,0.5,1,,Partially cloudy,partly-cloudy-day,"VABP,42672099999,42667099999,42763099999"
"Bhopal, Madhya Pradesh, India",2024-06-21T09:00:00,79.1,79.1,73.3,82.58,0,0,,0,0,18.1,6.9,260.1,1004,82.6,,261.4,0.9,3,,Partially cloudy,partly-cloudy-day,remote
"Bhopal, Madhya Pradesh, India",2024-06-21T10:00:00,79.4,79.4,71.5,76.8,0,0,,0,0,19.9,6.9,270.7,1003,97.3,,479,1.7,5,,Overcast,cloudy,remote
"Bhopal, Madhya Pradesh, India",2024-06-21T11:00:00,82.4,94.1,80.6,94.21,0.039,100,rain,0,0,21,6.9,270,1002.7,54.6,3.1,661.6,2.4,7,,"Rain, Partially cloudy",rain,"VABP,42667099999,42763099999"
"Bhopal, Madhya Pradesh, India",2024-06-21T12:00:00,86.6,94.2,73.3,64.67,0,0,,0,0,20.4,6.9,266.6,1003,66,,819.1,2.9,8,,Partially cloudy,partly-cloudy-day,remote
"Bhopal, Madhya Pradesh, India",2024-06-21T13:00:00,87.3,94.7,72.8,62.07,0,0,,0,0,17.7,7.8,272.9,1002,44.4,,535.2,1.9,5,,Partially cloudy,partly-cloudy-day,remote
"Bhopal, Madhya Pradesh, India",2024-06-21T14:00:00,89.4,117.3,85.3,87.74,0,0,,0,0,19.2,15.9,270,998.5,79.6,2.5,768.3,2.8,8,,Partially cloudy,partly-cloudy-day,"42667099999,42763099999"
"Bhopal, Madhya Pradesh, India",2024-06-21T15:00:00,94,103.4,72.9,50.69,0,0,,0,0,18.1,6.9,269.6,1001,77.6,,500.6,1.8,5,,Partially cloudy,partly-cloudy-day,remote
"Bhopal, Madhya Pradesh, India",2024-06-21T16:00:00,80.7,86.1,74.7,82.19,0,0,,0,0,18.6,8.3,297.1,1000,96.7,,317.2,1.1,3,,Overcast,cloudy,remote
"Bhopal, Madhya Pradesh, India",2024-06-21T17:00:00,83.1,94.7,79.7,89.58,0,0,,0,0,18.8,6.8,180,1000.4,64.6,3.1,339,1.2,3,,Partially cloudy,partly-cloudy-day,"VABP,42672099999,42667099999,42763099999"
"Bhopal, Madhya Pradesh, India",2024-06-21T18:00:00,84.3,93.2,75.8,75.83,0,0,,0,0,14.3,6.3,313.4,1000,88.7,,217.5,0.8,2,,Partially cloudy,partly-cloudy-day,remote
"Bhopal, Madhya Pradesh, India",2024-06-21T19:00:00,85,93.8,75.3,72.77,0,0,,0,0,11.9,4.3,312.4,1000,81.7,,92.8,0.3,1,,Partially cloudy,partly-cloudy-day,remote
"Bhopal, Madhya Pradesh, India",2024-06-21T20:00:00,79.6,79.6,78.6,96.76,0,0,,0,0,6.7,6.5,161,1002.3,54.6,3.2,11.7,0,0,,Partially cloudy,partly-cloudy-night,"VABP,42667099999"
"Bhopal, Madhya Pradesh, India",2024-06-21T21:00:00,83.6,91.5,75.3,76.22,0,0,,0,0,7.6,2,227.7,1002,91.5,,0,0,0,,Overcast,cloudy,remote
"Bhopal, Madhya Pradesh, India",2024-06-21T22:00:00,83,90.9,75.6,78.5,0,0,,0,0,8.5,2.2,242.3,1002,88.8,,0,0,0,,Partially cloudy,partly-cloudy-night,remote
"Bhopal, Madhya Pradesh, India",2024-06-21T23:00:00,77.8,77.8,77.2,98.08,0,0,,0,0,8.3,5.8,180,1002.6,54.6,3.2,0,0,0,,Partially cloudy,partly-cloudy-night,"VABP,42667099999"
"Bhopal, Madhya Pradesh, India",2024-06-22T00:00:00,81.4,87.9,75.5,82.23,0,0,,0,0,7.6,1.8,242.6,1003,100,,0,0,0,,Overcast,cloudy,remote
"Bhopal, Madhya Pradesh, India",2024-06-22T01:00:00,80.7,86.3,75.1,83.18,0.024,100,rain,0,0,8.3,2.2,248.2,1002,99.3,,0,0,0,,"Rain, Overcast",rain,remote
"Bhopal, Madhya Pradesh, India",2024-06-22T02:00:00,77.6,77.6,76.7,97.07,0,0,,0,0,9.8,5.8,230,1000.7,60,2.5,0,0,0,,Partially cloudy,partly-cloudy-night,42667099999
"Bhopal, Madhya Pradesh, India",2024-06-22T03:00:00,78.3,78.3,74.9,89.27,0.059,100,rain,0,0,11.9,4,244.2,1001,100,,0,0,0,,"Rain, Overcast",rain,remote
"Bhopal, Madhya Pradesh, India",2024-06-22T04:00:00,77.6,77.6,77.1,98.23,0.067,100,rain,0,0,12.1,4.9,241.1,1001,100,,0,0,0,,"Rain, Overcast",rain,remote
"Bhopal, Madhya Pradesh, India",2024-06-22T05:00:00,77.3,77.3,77.3,100,0,0,,0,0,12.1,9.2,230,999.4,80,2.5,0,0,0,,Partially cloudy,partly-cloudy-night,42667099999
"Bhopal, Madhya Pradesh, India",2024-06-22T06:00:00,80,80,77.1,90.96,0.079,100,rain,0,0,12.3,5.8,235.3,1001,100,,0,0,0,,"Rain, Overcast",rain,remote
"Bhopal, Madhya Pradesh, India",2024-06-22T07:00:00,79.6,79.6,76.6,90.4,0.055,100,rain,0,0,12.5,6,234.6,1001,84.9,,8.5,0,0,,"Rain, Partially cloudy",rain,remote
"Bhopal, Madhya Pradesh, India",2024-06-22T08:00:00,82.4,91.6,77.9,86.33,0,0,,0,0,11.2,11.2,250,1002.4,49.7,3.2,39.9,0.1,0,,Partially cloudy,partly-cloudy-day,"VABP,42672099999,42667099999,42763099999"
"Bhopal, Madhya Pradesh, India",2024-06-22T09:00:00,80,80,76.4,88.81,0.031,100,rain,0,0,12.3,6.7,261.3,1002,69.7,,134.5,0.5,1,,"Rain, Partially cloudy",rain,remote
"Bhopal, Madhya Pradesh, India",2024-06-22T10:00:00,79.6,79.6,76,88.79,0.024,100,rain,0,0,13.2,7.2,281.5,1002,78.2,,187.1,0.7,2,,"Rain, Partially cloudy",rain,remote
"Bhopal, Madhya Pradesh, India",2024-06-22T11:00:00,89.6,103.8,77.9,68.54,0,0,,0,0,16.1,9.1,289,1001.3,54.6,3.1,325.8,1.2,3,,Partially cloudy,partly-cloudy-day,"VABP,42667099999,42763099999"
"Bhopal, Madhya Pradesh, India",2024-06-22T12:00:00,91.4,107.8,78.8,66.78,0,0,,0,0,19.5,9.2,340,1003,50,3.7,366.1,1.3,4,,Partially cloudy,partly-cloudy-day,"VABP,42667099999"
"Bhopal, Madhya Pradesh, India",2024-06-22T13:00:00,93.2,97.7,68,43.91,0,0,,0,0,19,6.9,320,1001,50,3.7,784.6,2.8,8,,Partially cloudy,partly-cloudy-day,"VABP,42667099999"
"Bhopal, Madhya Pradesh, India",2024-06-22T14:00:00,94.8,103.9,72.6,48.91,0,0,,0,0,16.8,11.4,319,998.7,54.8,3.1,438.1,1.6,4,,Partially cloudy,partly-cloudy-day,"VABP,42667099999,42763099999"
"Bhopal, Madhya Pradesh, India",2024-06-22T15:00:00,87.8,99.9,77,70.48,0,0,,0,0,14.5,13.9,120,1000,50,3.7,476.5,1.7,5,,Partially cloudy,partly-cloudy-day,"VABP,42667099999"
"Bhopal, Madhya Pradesh, India",2024-06-22T16:00:00,89.6,100.2,75.2,62.71,0,0,,0,0,14.3,11.4,150,1000,50,3.7,447.5,1.6,4,,Partially cloudy,partly-cloudy-day,"VABP,42667099999"
"Bhopal, Madhya Pradesh, India",2024-06-22T17:00:00,86.3,98.5,77.7,75.51,0,0,,0,0,13.6,11.2,180,998.2,54.6,3.1,408.5,1.5,4,,Partially cloudy,partly-cloudy-day,"VABP,42672099999,42667099999,42763099999"
"Bhopal, Madhya Pradesh, India",2024-06-22T18:00:00,82.4,92.4,78.8,88.92,0,0,,0,0,12.5,5.8,200,1001,50,3.7,226.6,0.8,2,,Partially cloudy,partly-cloudy-day,"VABP,42667099999"
"Bhopal, Madhya Pradesh, India",2024-06-22T19:00:00,89.3,100.9,76,64.98,0.008,100,rain,0,0,8.5,3.1,54.9,999,98,,84.2,0.3,1,,"Rain, Overcast",rain,remote
"Bhopal, Madhya Pradesh, India",2024-06-22T20:00:00,79.7,79.7,79.3,98.64,0,0,,0,0,7.6,4.7,90,1001.4,84.3,1.9,7.8,0,0,,Partially cloudy,partly-cloudy-night,"VABP,42667099999"
"Bhopal, Madhya Pradesh, India",2024-06-22T21:00:00,84.6,94.1,76.2,75.86,0,0,,0,0,3.4,5.6,121.2,1001,100,,0,0,0,,Overcast,cloudy,remote
"Bhopal, Madhya Pradesh, India",2024-06-22T22:00:00,83.7,93.3,76.9,79.97,0,0,,0,0,2.7,6,135.4,1001,98.6,,0,0,0,,Overcast,cloudy,remote
"Bhopal, Madhya Pradesh, India",2024-06-22T23:00:00,81.4,90.6,79.3,93.4,0,0,,0,0,4.9,8.1,90,1002.6,84.3,3.2,0,0,0,,Partially cloudy,partly-cloudy-night,"VABP,42667099999"
"Bhopal, Madhya Pradesh, India",2024-06-23T00:00:00,81.1,88,76.9,87.28,0,0,,0,0,6.7,4.5,175.5,1002,69.2,,0,0,0,,Partially cloudy,partly-cloudy-night,remote
"Bhopal, Madhya Pradesh, India",2024-06-23T01:00:00,80.7,87.3,76.9,88.31,0,0,,0,0,12.8,3.8,198.4,1002,91.6,,0,0,0,,Overcast,cloudy,remote
"Bhopal, Madhya Pradesh, India",2024-06-23T02:00:00,79.7,79.7,72.8,79.61,0,0,,0,0,11.9,9.2,191,1001.5,84.3,3.2,0,0,0,,Partially cloudy,partly-cloudy-night,"VABP,42667099999"
"Bhopal, Madhya Pradesh, India",2024-06-23T03:00:00,79.8,79.8,76.4,89.33,0,0,,0,0,12.8,3.4,220.1,1001,97.6,,0,0,0,,Overcast,cloudy,remote
"Bhopal, Madhya Pradesh, India",2024-06-23T04:00:00,78.2,78.2,76.9,95.92,0,0,,0,0,14.1,4,208.6,1002,100,,0,0,0,,Overcast,cloudy,remote
"Bhopal, Madhya Pradesh, India",2024-06-23T05:00:00,79.5,79.5,77.4,93.34,0,0,,0,0,13.9,5.5,170,1002,84.3,2.8,0,0,0,,Partially cloudy,partly-cloudy-night,"VABP,42667099999"
"Bhopal, Madhya Pradesh, India",2024-06-23T06:00:00,79.8,79.8,76.7,90.41,0,0,,0,0,9.8,3.1,274.3,1001,95.4,,0,0,0,,Overcast,cloudy,remote
"Bhopal, Madhya Pradesh, India",2024-06-23T07:00:00,79.8,79.8,76.7,90.41,0,0,,0,0,8.1,2.2,309.4,1002,92.3,,12.8,0,0,,Overcast,cloudy,remote
"Bhopal, Madhya Pradesh, India",2024-06-23T08:00:00,80.6,88.5,79.2,95.26,0,0,,0,0,8.9,2.2,320,1002.7,88.8,2.2,79.2,0.3,1,,Partially cloudy,partly-cloudy-day,"VABP,42672099999,42667099999,42763099999"
"Bhopal, Madhya Pradesh, India",2024-06-23T09:00:00,81.9,89.8,76.7,84.26,0,0,,0,0,8.7,2.5,17.4,1002,62.2,,207.8,0.7,2,,Partially cloudy,partly-cloudy-day,remote
"Bhopal, Madhya Pradesh, India",2024-06-23T10:00:00,82.5,90.4,76.2,81.33,0,0,,0,0,9.6,3.4,20.6,1002,57.6,,313.6,1.1,3,,Partially cloudy,partly-cloudy-day,remote
"Bhopal, Madhya Pradesh, India",2024-06-23T11:00:00,90.8,100.5,74.1,58.24,0,0,,0,0,13.9,6.9,20,999.7,90.1,2.5,469,1.7,5,,Overcast,cloudy,"42667099999,42763099999"
"Bhopal, Madhya Pradesh, India",2024-06-23T12:00:00,91.7,107.8,78.5,65.63,0,0,,0,0,14.8,4.5,41.2,1001,39.8,,594.8,2.1,6,,Partially cloudy,partly-cloudy-day,remote
"Bhopal, Madhya Pradesh, India",2024-06-23T13:00:00,91.7,105.6,77.1,62.59,0,0,,0,0,17,4.7,61,1001,53.2,,779.4,2.8,8,,Partially cloudy,partly-cloudy-day,remote
"Bhopal, Madhya Pradesh, India",2024-06-23T14:00:00,93.3,105.7,75.6,56.63,0,0,,0,0,16.8,6.9,320,998.9,64,3.1,640.7,2.3,6,,Partially cloudy,partly-cloudy-day,"VABP,42667099999,42763099999"
"Bhopal, Madhya Pradesh, India",2024-06-23T15:00:00,89.1,104.4,78.7,71.45,0,0,,0,0,16.6,4.7,72.8,999,41.8,,673,2.4,7,,Partially cloudy,partly-cloudy-day,remote
"Bhopal, Madhya Pradesh, India",2024-06-23T16:00:00,92.7,105.3,75.8,58.04,0,0,,0,0,16.3,3.4,46.7,997,100,,413.7,1.5,4,,Overcast,cloudy,remote
"Bhopal, Madhya Pradesh, India",2024-06-23T17:00:00,95.5,104.8,72.6,47.79,0,0,,0,0,15.9,3.3,50,996.7,32.3,3.2,324.9,1.2,3,,Partially cloudy,partly-cloudy-day,"VABP,42672099999,42667099999,42763099999"
"Bhopal, Madhya Pradesh, India",2024-06-23T18:00:00,92.2,108.8,78.7,64.92,0,0,,0,0,13.6,2.5,66.6,997,99.8,,230.9,0.8,2,,Overcast,cloudy,remote
"Bhopal, Madhya Pradesh, India",2024-06-23T19:00:00,90.8,109.5,80.3,71.61,0,0,,0,0,13,1.8,93.7,997,85.4,,100.6,0.4,1,,Partially cloudy,partly-cloudy-day,remote
"Bhopal, Madhya Pradesh, India",2024-06-23T20:00:00,80.1,87.5,79.9,99.18,0.02,100,rain,0,0,5.8,13.9,360,1000.5,88.9,1.9,8.9,0,0,,"Rain, Partially cloudy",rain,"VABP,42667099999"
"Bhopal, Madhya Pradesh, India",2024-06-23T21:00:00,82.7,94.3,80.1,92.13,0,0,,0,0,8.1,2.5,98.3,1000,100,,0,0,0,,Overcast,cloudy,remote
"Bhopal, Madhya Pradesh, India",2024-06-23T22:00:00,82.3,93,79.6,91.58,0,0,,0,0,11,2.9,109.8,1000,100,,0,0,0,,Overcast,cloudy,remote
"Bhopal, Madhya Pradesh, India",2024-06-23T23:00:00,74.1,74.1,72.5,94.92,1.516,100,rain,0,0,10.1,3.4,160,1001.7,88.9,1.9,0,0,0,,"Rain, Partially cloudy",rain,"VABP,42667099999"
"Bhopal, Madhya Pradesh, India",2024-06-24T00:00:00,79.6,79.6,77.1,92.03,0,0,,0,0,7.4,2,79.1,1001,97.8,,0,0,0,,Overcast,cloudy,remote
"Bhopal, Madhya Pradesh, India",2024-06-24T01:00:00,79.4,79.4,76.7,91.48,0,0,,0,0,7.8,0.2,65.4,1000,97.6,,0,0,0,,Overcast,cloudy,remote
"Bhopal, Madhya Pradesh, India",2024-06-24T02:00:00,74,74,73.7,98.8,0.157,100,rain,0,0,7.4,3.4,210,999.1,80,2.5,0,0,0,,"Rain, Partially cloudy",rain,42667099999
"Bhopal, Madhya Pradesh, India",2024-06-24T03:00:00,77.8,77.8,76.4,95.34,0,0,,0,0,8.3,2.5,117.2,1000,88.4,,0,0,0,,Partially cloudy,partly-cloudy-night,remote
"Bhopal, Madhya Pradesh, India",2024-06-24T04:00:00,77.4,77.4,75.5,93.64,0,0,,0,0,8.1,0.7,285.8,1000,82.6,,0,0,0,,Partially cloudy,partly-cloudy-night,remote
"Bhopal, Madhya Pradesh, India",2024-06-24T05:00:00,76,76,75.9,99.44,0,0,,0,0,4.5,2.2,140,999.7,54.6,3.2,0,0,0,,Partially cloudy,partly-cloudy-night,"VABP,42667099999"
"Bhopal, Madhya Pradesh, India",2024-06-24T06:00:00,80,80,75.8,87.23,0,0,,0,0,4,0.9,126.7,1000,96,,0,0,0,,Overcast,cloudy,remote
"Bhopal, Madhya Pradesh, India",2024-06-24T07:00:00,80.1,85.5,75.8,86.72,0,0,,0,0,4.7,0.9,69.9,1000,70.7,,23.2,0.1,0,,Partially cloudy,partly-cloudy-day,remote
"Bhopal, Madhya Pradesh, India",2024-06-24T08:00:00,81.5,89.7,78.1,89.5,0,0,,0,0,8.5,3.3,85,1001.2,54.6,2.9,86.5,0.3,1,,Partially cloudy,partly-cloudy-day,"VABP,42672099999,42667099999,42763099999"
"Bhopal, Madhya Pradesh, India",2024-06-24T09:00:00,82.3,91,77.4,85.29,0,0,,0,0,11.2,1.6,118.5,1001,57,,186.5,0.7,2,,Partially cloudy,partly-cloudy-day,remote
"Bhopal, Madhya Pradesh, India",2024-06-24T10:00:00,82.5,91.7,77.8,85.81,0,0,,0,0,13,1.8,123.5,1001,85.3,,374.4,1.3,4,,Partially cloudy,partly-cloudy-day,remote
"Bhopal, Madhya Pradesh, India",2024-06-24T11:00:00,87.8,108.9,82.7,84.87,0,0,,0,0,13.4,4.7,161,1000.3,63.8,3.1,494.2,1.8,5,,Partially cloudy,partly-cloudy-day,"VABP,42667099999,42763099999"
"Bhopal, Madhya Pradesh, India",2024-06-24T12:00:00,89.9,109,80.9,74.97,0,0,,0,0,14.1,2,117.6,1000,57.9,,754.8,2.7,8,,Partially cloudy,partly-cloudy-day,remote
"Bhopal, Madhya Pradesh, India",2024-06-24T13:00:00,90.6,105.9,78.3,67.49,0,0,,0,0,9.4,2.5,113.3,999,71.6,,593.7,2.1,6,,Partially cloudy,partly-cloudy-day,remote
"Bhopal, Madhya Pradesh, India",2024-06-24T14:00:00,85.1,101.4,81.5,89.07,0,0,,0,0,11.2,5.8,70,998.4,88.9,2.5,667.5,2.4,7,,Partially cloudy,partly-cloudy-day,"VABP,42667099999,42763099999"
"Bhopal, Madhya Pradesh, India",2024-06-24T15:00:00,89.5,106,79.4,72.34,0,0,,0,0,11.2,3.4,133.9,998,90.6,,457.1,1.6,5,,Overcast,cloudy,remote
"Bhopal, Madhya Pradesh, India",2024-06-24T16:00:00,90.2,103.3,76.9,65.08,0,0,,0,0,11.4,2.2,162.5,997,86.7,,470.4,1.7,5,,Partially cloudy,partly-cloudy-day,remote
"Bhopal, Madhya Pradesh, India",2024-06-24T17:00:00,88.1,103.8,79.5,75.84,0,0,,0,0,11.2,5.7,70,997.1,88.2,2.9,328.5,1.2,3,,Partially cloudy,partly-cloudy-day,"VABP,42672099999,42667099999,42763099999"
"Bhopal, Madhya Pradesh, India",2024-06-24T18:00:00,90.9,105.9,78,65.94,0,0,,0,0,9.6,2,218.9,997,100,,202.8,0.7,2,,Overcast,cloudy,remote
"Bhopal, Madhya Pradesh, India",2024-06-24T19:00:00,90.8,107,78.9,68.31,0,0,,0,0,9.4,2.5,244,997,98.4,,91.1,0.3,1,,Overcast,cloudy,remote
"Bhopal, Madhya Pradesh, India",2024-06-24T20:00:00,83.7,96.5,80,88.49,0,0,,0,0,5.6,6.9,165,999.1,63.9,2.8,10.3,0,0,,Partially cloudy,partly-cloudy-night,"VABP,42667099999"
"Bhopal, Madhya Pradesh, India",2024-06-24T21:00:00,85.2,97.4,78.3,80.08,0,0,,0,0,4.5,2.2,219.5,999,96.4,,0,0,0,,Overcast,cloudy,remote
"Bhopal, Madhya Pradesh, India",2024-06-24T22:00:00,85.2,97,78,79.13,0,0,,0,0,5.8,2,195.1,999,99.5,,0,0,0,,Overcast,cloudy,remote
"Bhopal, Madhya Pradesh, India",2024-06-24T23:00:00,81.3,90.1,79.2,93.39,0,0,,0,0,7.4,9.2,149,999.7,63.9,3.2,0,0,0,,Partially cloudy,partly-cloudy-night,"VABP,42667099999"
"Bhopal, Madhya Pradesh, India",2024-06-25T00:00:00,82.1,91.3,78.2,87.86,0.004,100,rain,0,0,9.2,5.4,164.8,1000,97.8,,0,0,0,,"Rain, Overcast",rain,remote
"Bhopal, Madhya Pradesh, India",2024-06-25T01:00:00,81.8,90.3,78,88.36,0.043,100,rain,0,0,13.6,5.1,165.8,999,96.8,,0,0,0,,"Rain, Overcast",rain,remote
"Bhopal, Madhya Pradesh, India",2024-06-25T02:00:00,80,80,76.7,89.88,0,0,,0,0,14.3,4.7,200,997.3,80,2.5,0,0,0,,Partially cloudy,partly-cloudy-night,42667099999
"Bhopal, Madhya Pradesh, India",2024-06-25T03:00:00,80.1,86.5,77.8,92.6,0.02,100,rain,0,0,13.6,4.3,151.2,999,100,,0,0,0,,"Rain, Overcast",rain,remote
"Bhopal, Madhya Pradesh, India",2024-06-25T04:00:00,78.9,78.9,77.8,96.51,0,0,,0,0,8.1,3.4,154.8,999,82.4,,0,0,0,,Partially cloudy,partly-cloudy-night,remote
"Bhopal, Madhya Pradesh, India",2024-06-25T05:00:00,79.4,79.4,78,95.37,0,0,,0,0,9.6,2.2,110,997.6,90,1.2,0,0,0,,Partially cloudy,partly-cloudy-night,42667099999
"Bhopal, Madhya Pradesh, India",2024-06-25T06:00:00,81.8,90.2,77.8,87.84,0,0,,0,0,10.1,3.4,152.4,999,100,,0,0,0,,Overcast,cloudy,remote
"Bhopal, Madhya Pradesh, India",2024-06-25T07:00:00,81.6,89.7,77.6,87.83,0,0,,0,0,11.4,4.5,169,999,89,,18.3,0.1,0,,Partially cloudy,partly-cloudy-day,remote
"Bhopal, Madhya Pradesh, India",2024-06-25T08:00:00,83.1,95,79.8,89.71,0,0,,0,0,14.3,6.7,110,998.2,89.3,1.4,64.9,0.2,1,,Partially cloudy,partly-cloudy-day,"42672099999,42667099999,42763099999"
"Bhopal, Madhya Pradesh, India",2024-06-25T09:00:00,82.1,91.4,78.3,88.38,0,0,,0,0,16.8,4.3,213.2,999,60.6,,153.2,0.6,2,,Partially cloudy,partly-cloudy-day,remote
"Bhopal, Madhya Pradesh, India",2024-06-25T10:00:00,82.1,91.6,78.5,88.9,0.004,100,rain,0,0,18.8,4.5,203.7,1000,91.3,,278.7,1,3,,"Rain, Overcast",rain,remote
"Bhopal, Madhya Pradesh, India",2024-06-25T11:00:00,89.9,103.9,77.7,67.52,0,0,,0,0,19.5,6.9,110,997.5,50,2.5,334.9,1.2,3,,Partially cloudy,partly-cloudy-day,"42667099999,42763099999"
"Bhopal, Madhya Pradesh, India",2024-06-25T12:00:00,90.1,110.6,81.6,76.32,0.008,100,rain,0,0,20.1,6,203.3,999,46.9,,574.8,2.1,6,,"Rain, Partially cloudy",rain,remote
"Bhopal, Madhya Pradesh, India",2024-06-25T13:00:00,90.9,111,81.1,72.9,0.004,100,rain,0,0,14.8,6.3,204.6,998,52.7,,731.9,2.6,7,,"Rain, Partially cloudy",rain,remote
"Bhopal, Madhya Pradesh, India",2024-06-25T14:00:00,93.8,109.4,77.7,59.63,0,0,,0,0,14.8,5.7,70,994.2,80,2.5,810.3,2.9,8,,Partially cloudy,partly-cloudy-day,"42667099999,42763099999"
"Bhopal, Madhya Pradesh, India",2024-06-25T15:00:00,93.1,113.9,80.9,67.76,0.024,100,rain,0,0,15,6.5,202.2,997,92,,668.4,2.4,7,,"Rain, Overcast",rain,remote
"Bhopal, Madhya Pradesh, India",2024-06-25T16:00:00,86.8,99.7,78,75.15,0.189,100,rain,0,0,15.2,5.4,204.6,997,97.4,,414.2,1.5,4,,"Rain, Overcast",rain,remote
"Bhopal, Madhya Pradesh, India",2024-06-25T17:00:00,95.4,109.1,76,53.86,0,0,,0,0,13.9,11,130,992.6,79.3,2.5,318.1,1.1,3,,Partially cloudy,partly-cloudy-day,"42672099999,42667099999,42763099999"
"Bhopal, Madhya Pradesh, India",2024-06-25T18:00:00,88.6,102.5,78,70.98,0,0,,0,0,12.8,3.6,227.9,996,72.7,,228.1,0.8,2,,Partially cloudy,partly-cloudy-day,remote
"Bhopal, Madhya Pradesh, India",2024-06-25T19:00:00,89.3,103,77.6,68.56,0,0,,0,0,11,2.7,234.5,997,62.9,,96,0.3,1,,Partially cloudy,partly-cloudy-day,remote
"Bhopal, Madhya Pradesh, India",2024-06-25T20:00:00,82.1,91.9,79,90.39,0,0,,0,0,7.4,9.2,205,999.2,68.6,3.2,12.3,0,0,,Partially cloudy,partly-cloudy-night,"VABP,42667099999"
"Bhopal, Madhya Pradesh, India",2024-06-25T21:00:00,83.2,92.8,77.4,82.85,0,0,,0,0,8.1,3.6,199.5,999,94.2,,0,0,0,,Overcast,cloudy,remote
"Bhopal, Madhya Pradesh, India",2024-06-25T22:00:00,83.4,93,77.3,81.88,0,0,,0,0,8.5,4.7,183,999,95.3,,0,0,0,,Overcast,cloudy,remote
"Bhopal, Madhya Pradesh, India",2024-06-25T23:00:00,82.4,93.1,79.6,91.27,0,0,,0,0,8.5,5.8,110,1000.4,54.6,3.2,0,0,0,,Partially cloudy,partly-cloudy-night,"VABP,42667099999"
"Bhopal, Madhya Pradesh, India",2024-06-26T00:00:00,83.9,94.9,78.2,82.89,0,0,,0,0,8.1,2.2,171.5,1000,88.4,,0,0,0,,Partially cloudy,partly-cloudy-night,remote
"Bhopal, Madhya Pradesh, India",2024-06-26T01:00:00,84.1,95,78,81.93,0.012,100,rain,0,0,7.4,2.7,170.2,999,93.9,,0,0,0,,"Rain, Overcast",rain,remote
"Bhopal, Madhya Pradesh, India",2024-06-26T02:00:00,81.8,91.1,78.9,91.02,0,0,,0,0,7.2,4.7,140,997,60,2.5,0,0,0,,Partially cloudy,partly-cloudy-night,42667099999
"Bhopal, Madhya Pradesh, India",2024-06-26T03:00:00,82.8,92.9,78.3,86.34,0.004,100,rain,0,0,8.1,2.9,193.6,999,94.5,,0,0,0,,"Rain, Overcast",rain,remote
"Bhopal, Madhya Pradesh, India",2024-06-26T04:00:00,81.4,90.2,78.9,92.09,0,0,,0,0,7.6,2.9,199,999,80.9,,0,0,0,,Partially cloudy,partly-cloudy-night,remote
"Bhopal, Madhya Pradesh, India",2024-06-26T05:00:00,80.7,88.6,79.2,95.19,0,0,,0,0,6.9,2.2,110,999.2,54.6,3.2,0,0,0,,Partially cloudy,partly-cloudy-night,"VABP,42667099999"
"Bhopal, Madhya Pradesh, India",2024-06-26T06:00:00,83.4,93.9,78.2,84.35,0,0,,0,0,5.1,1.8,283.1,999,47,,0,0,0,,Partially cloudy,partly-cloudy-day,remote
"Bhopal, Madhya Pradesh, India",2024-06-26T07:00:00,83.2,93.1,77.8,83.84,0.004,100,rain,0,0,4.3,0.7,306.3,999,37.8,,22.6,0.1,0,,"Rain, Partially cloudy",rain,remote
"Bhopal, Madhya Pradesh, India",2024-06-26T08:00:00,87.2,99.5,77.4,72.67,0,0,,0,0,4.9,5.6,90,997.4,48.9,2.6,106.9,0.4,1,,Partially cloudy,partly-cloudy-day,"42672099999,42667099999,42763099999"
"Bhopal, Madhya Pradesh, India",2024-06-26T09:00:00,84.6,95.8,77.8,80.04,0,0,,0,0,7.6,2.9,155.8,999,4.6,,257.4,0.9,3,,Clear,clear-day,remote
"Bhopal, Madhya Pradesh, India",2024-06-26T10:00:00,85.4,96,76.9,75.92,0.004,100,rain,0,0,11,4,166.7,999,40.4,,467.5,1.7,5,,"Rain, Partially cloudy",rain,remote
"Bhopal, Madhya Pradesh, India",2024-06-26T11:00:00,93.3,107.9,77.1,59.61,0,0,,0,0,13.2,5.8,109,999.5,79.8,2.5,624.4,2.2,6,,Partially cloudy,partly-cloudy-day,"42667099999,42763099999"
"Bhopal, Madhya Pradesh, India",2024-06-26T12:00:00,94.6,109.2,76.9,56.9,0,0,,0,0,13.4,4.5,178.3,999,88.7,,625.3,2.3,6,,Partially cloudy,partly-cloudy-day,remote
"Bhopal, Madhya Pradesh, India",2024-06-26T13:00:00,94.4,108.2,76.4,56.2,0,0,,0,0,13,4.5,176.5,998,97.5,,828.1,3,8,,Overcast,cloudy,remote
"Bhopal, Madhya Pradesh, India",2024-06-26T14:00:00,97.7,106.9,71.9,43.64,0,0,,0,0,13.4,11.3,110,996.8,64,3.1,838.2,3,8,,Partially cloudy,partly-cloudy-day,"VABP,42667099999,42763099999"
"Bhopal, Madhya Pradesh, India",2024-06-26T15:00:00,97.4,113.6,77.3,52.71,0,0,,0,0,13.6,5.4,169.2,998,98.2,,769.2,2.8,8,,Overcast,cloudy,remote
"Bhopal, Madhya Pradesh, India",2024-06-26T16:00:00,93.6,107.2,76.4,57.46,0,0,,0,0,13.4,6.3,169,996,94.7,,547.8,2,5,,Overcast,cloudy,remote
"Bhopal, Madhya Pradesh, India",2024-06-26T17:00:00,97.1,104,69.9,41.57,0,0,,0,0,12.1,10.1,110,995.5,63.9,3.2,381.4,1.4,4,,Partially cloudy,partly-cloudy-day,"VABP,42672099999,42667099999,42763099999"
"Bhopal, Madhya Pradesh, India",2024-06-26T18:00:00,94.6,108.2,76.2,55.56,0,0,,0,0,9.8,3.4,198.1,996,96,,260.6,0.9,3,,Overcast,cloudy,remote
"Bhopal, Madhya Pradesh, India",2024-06-26T19:00:00,93.5,107.3,76.6,58.13,0,0,,0,0,7.4,1.3,135.6,997,98.7,,110.4,0.4,1,,Overcast,cloudy,remote
"Bhopal, Madhya Pradesh, India",2024-06-26T20:00:00,87.3,100.8,78.2,74.44,0,0,,0,0,4.5,8.1,211,999.1,63.9,3.2,12.7,0,0,,Partially cloudy,partly-cloudy-night,"VABP,42667099999"
"Bhopal, Madhya Pradesh, India",2024-06-26T21:00:00,86.3,97.9,77.3,74.65,0,0,,0,0,6.5,3.1,147.2,999,99.7,,0,0,0,,Overcast,cloudy,remote
"Bhopal, Madhya Pradesh, India",2024-06-26T22:00:00,86.1,96.6,76.4,72.88,0.008,100,rain,0,0,9.8,3.1,161.9,1000,100,,0,0,0,,"Rain, Overcast",rain,remote
"Bhopal, Madhya Pradesh, India",2024-06-26T23:00:00,84.6,99.2,80.7,88.29,0,0,,0,0,9.8,8.1,59,1001.1,88.9,2.8,0,0,0,,Partially cloudy,partly-cloudy-night,"VABP,42667099999"
"Bhopal, Madhya Pradesh, India",2024-06-27T00:00:00,82.5,91.9,78,86.32,0,0,,0,0,9.8,2.7,156.3,1000,99,,0,0,0,,Overcast,cloudy,remote
"Bhopal, Madhya Pradesh, India",2024-06-27T01:00:00,81.9,90.6,77.8,87.33,0,0,,0,0,5.4,2.7,182.6,1000,99.1,,0,0,0,,Overcast,cloudy,remote
"Bhopal, Madhya Pradesh, India",2024-06-27T02:00:00,77.6,77.6,77.3,98.82,1.575,100,rain,0,0,5.1,6.9,290,998.9,90,2.5,0,0,0,,"Rain, Partially cloudy",rain,42667099999
"Bhopal, Madhya Pradesh, India",2024-06-27T03:00:00,80.1,86.2,77.3,90.96,0,0,,0,0,5.8,3.8,214.8,999,96.8,,0,0,0,,Overcast,cloudy,remote
"Bhopal, Madhya Pradesh, India",2024-06-27T04:00:00,81.2,88,76.2,84.72,0,0,,0,0,5.6,1.8,240.6,999,97.7,,0,0,0,,Overcast,cloudy,remote
"Bhopal, Madhya Pradesh, India",2024-06-27T05:00:00,77.7,77.7,76.7,96.73,0.157,100,rain,0,0,4.5,4.7,105,999.5,88.9,2.8,0,0,0,,"Rain, Partially cloudy",rain,"VABP,42667099999"
"Bhopal, Madhya Pradesh, India",2024-06-27T06:00:00,82.5,90.2,76,80.84,0,0,,0,0,4.3,2.2,106.5,1000,96.2,,0,0,0,,Overcast,cloudy,remote
"Bhopal, Madhya Pradesh, India",2024-06-27T07:00:00,82.8,90.5,75.5,78.48,0,0,,0,0,5.1,3.6,118.8,1000,98.1,,20.6,0.1,0,,Overcast,cloudy,remote
"Bhopal, Madhya Pradesh, India",2024-06-27T08:00:00,83.3,97.1,81.3,93.91,0,0,,0,0,8.5,7.9,70,1001.5,36.4,3.2,119.6,0.4,1,,Partially cloudy,partly-cloudy-day,"VABP,42672099999,42667099999,42763099999"
"Bhopal, Madhya Pradesh, India",2024-06-27T09:00:00,84.5,93,75.3,74.04,0,0,,0,0,12.3,4.7,166,1001,97,,297.8,1.1,3,,Overcast,cloudy,remote
"Bhopal, Madhya Pradesh, India",2024-06-27T10:00:00,83.9,92.8,76,77.17,0,0,,0,0,12.8,4,182.4,1001,78.8,,408.1,1.5,4,,Partially cloudy,partly-cloudy-day,remote
"Bhopal, Madhya Pradesh, India",2024-06-27T11:00:00,86,105.9,83.1,90.92,0,0,,0,0,12.5,5.8,360,1002.2,84.3,2.5,508.5,1.8,5,,Partially cloudy,partly-cloudy-day,"VABP,42667099999,42763099999"
"Bhopal, Madhya Pradesh, India",2024-06-27T12:00:00,89.7,102.3,76.7,65.8,0,0,,0,0,12.5,4,153.5,1001,98.4,,616.9,2.2,6,,Overcast,cloudy,remote
"Bhopal, Madhya Pradesh, India",2024-06-27T13:00:00,90.2,103.1,76.7,64.7,0,0,,0,0,12.3,4.5,143.2,1000,99.8,,550.5,2,6,,Overcast,cloudy,remote
"Bhopal, Madhya Pradesh, India",2024-06-27T14:00:00,90.1,114.7,83.5,81.1,0,0,,0,0,13.2,4.7,20,999,84.3,3.1,629.4,2.3,6,,Partially cloudy,partly-cloudy-day,"VABP,42667099999,42763099999"
"Bhopal, Madhya Pradesh, India",2024-06-27T15:00:00,92.2,106.6,77.3,61.91,0,0,,0,0,13.2,5.1,162.7,999,87,,528,1.9,5,,Partially cloudy,partly-cloudy-day,remote
"Bhopal, Madhya Pradesh, India",2024-06-27T16:00:00,88.4,99.8,76.2,67.25,0,0,,0,0,13,5.4,158,998,88.3,,557.4,2,6,,Partially cloudy,partly-cloudy-day,remote
"Bhopal, Madhya Pradesh, India",2024-06-27T17:00:00,77.8,77.8,76.7,96.64,1.732,100,rain,0,0,12.5,7.5,110,999.5,89.1,2.2,436.3,1.6,4,,"Rain, Partially cloudy",rain,"VABP,42672099999,42667099999,42763099999"
"Bhopal, Madhya Pradesh, India",2024-06-27T18:00:00,88.4,101,77.1,69.29,0,0,,0,0,10.5,4.3,195.9,998,96.7,,275.3,1,3,,Overcast,cloudy,remote
"Bhopal, Madhya Pradesh, India",2024-06-27T19:00:00,88.1,102.2,78.3,73.06,0,0,,0,0,8.9,3.6,205.2,999,95.9,,94.6,0.3,1,,Overcast,cloudy,remote
"Bhopal, Madhya Pradesh, India",2024-06-27T20:00:00,80.6,88,78.6,93.76,0,0,,0,0,6.7,5.8,155,1001.6,84.3,2.5,7.7,0,0,,Partially cloudy,partly-cloudy-night,"VABP,42667099999"
"Bhopal, Madhya Pradesh, India",2024-06-27T21:00:00,81.1,88.8,78.2,90.99,0,0,,0,0,6.7,3.8,183.6,1001,100,,0,0,0,,Overcast,cloudy,remote
"Bhopal, Madhya Pradesh, India",2024-06-27T22:00:00,80,80,77.8,93.15,0,0,,0,0,8.5,3.1,174.4,1002,100,,0,0,0,,Overcast,cloudy,remote
"Bhopal, Madhya Pradesh, India",2024-06-27T23:00:00,79.5,79.5,78.5,96.75,0,0,,0,0,8.7,5.9,230,1002.8,84.3,2.8,0,0,0,,Partially cloudy,partly-cloudy-night,"VABP,42667099999"
"Bhopal, Madhya Pradesh, India",2024-06-28T00:00:00,79.4,79.4,76.9,92.03,0,0,,0,0,8.7,2.2,169.7,1003,100,,0,0,0,,Overcast,cloudy,remote
"Bhopal, Madhya Pradesh, India",2024-06-28T01:00:00,79.2,79.2,77.1,93.13,0,0,,0,0,5.8,2.7,180.7,1002,100,,0,0,0,,Overcast,cloudy,remote
"Bhopal, Madhya Pradesh, India",2024-06-28T02:00:00,79,79,78.6,98.63,0,0,,0,0,6,2.2,250,1001.7,84.3,2.8,0,0,0,,Partially cloudy,partly-cloudy-night,"VABP,42667099999"
"Bhopal, Madhya Pradesh, India",2024-06-28T03:00:00,78.7,78.7,77.4,95.93,0,0,,0,0,6.5,3.4,200.2,1001,99.5,,0,0,0,,Overcast,cloudy,remote
"Bhopal, Madhya Pradesh, India",2024-06-28T04:00:00,79.4,79.4,77.6,94.25,0,0,,0,0,6.7,2,221.2,1001,100,,0,0,0,,Overcast,cloudy,remote
"Bhopal, Madhya Pradesh, India",2024-06-28T05:00:00,78.6,78.6,77,94.75,0,0,,0,0,6,2.2,210,1001.8,54.6,2.8,0,0,0,,Partially cloudy,partly-cloudy-night,"VABP,42667099999"
"Bhopal, Madhya Pradesh, India",2024-06-28T06:00:00,80.7,88,78.2,92.07,0,0,,0,0,7.6,4,209,1002,99,,0,0,0,,Overcast,cloudy,remote
"Bhopal, Madhya Pradesh, India",2024-06-28T07:00:00,80.5,87.3,77.8,91.52,0,0,,0,0,8.9,4.7,216.5,1002,98.8,,21.3,0.1,0,,Overcast,cloudy,remote
"Bhopal, Madhya Pradesh, India",2024-06-28T08:00:00,80.7,89.2,80,97.62,0,0,,0,0,11.9,5.7,141,1002.6,63.7,3.2,122.3,0.4,1,,Partially cloudy,partly-cloudy-day,"VABP,42672099999,42667099999,42763099999"
"Bhopal, Madhya Pradesh, India",2024-06-28T09:00:00,81.8,90.9,78.7,90.48,0,0,,0,0,13.2,5.8,245.5,1002,98.2,,284.4,1,3,,Overcast,cloudy,remote
"Bhopal, Madhya Pradesh, India",2024-06-28T10:00:00,81.6,90.6,78.9,91.55,0,0,,0,0,13.2,4.9,252,1002,100,,416.8,1.5,4,,Overcast,cloudy,remote
"Bhopal, Madhya Pradesh, India",2024-06-28T11:00:00,86.5,104.7,81.8,85.86,0,0,,0,0,12.5,8,155,1002.2,88.7,3.1,483.9,1.7,5,,Partially cloudy,partly-cloudy-day,"VABP,42667099999,42763099999"
"Bhopal, Madhya Pradesh, India",2024-06-28T12:00:00,86.8,101.1,79.1,77.87,0,0,,0,0,12.1,4.9,240.6,1002,100,,526.2,1.9,5,,Overcast,cloudy,remote
"Bhopal, Madhya Pradesh, India",2024-06-28T13:00:00,87.7,101.4,78.2,73.46,0,0,,0,0,11.9,3.8,233.4,1001,100,,409.2,1.5,4,,Overcast,cloudy,remote
"Bhopal, Madhya Pradesh, India",2024-06-28T14:00:00,89.7,109.1,81.1,75.99,0,0,,0,0,11,9.2,230,1000,88.9,3.2,535.6,1.9,5,,Partially cloudy,partly-cloudy-day,"VABP,42667099999"
"Bhopal, Madhya Pradesh, India",2024-06-28T15:00:00,85.9,98.4,78.2,77.79,0,0,,0,0,14.5,8.3,229.5,1000,100,,462.4,1.7,5,,Overcast,cloudy,remote
"Bhopal, Madhya Pradesh, India",2024-06-28T16:00:00,85.4,97.7,78.3,79.62,0,0,,0,0,19,7.2,227.7,999,99.8,,407.1,1.5,4,,Overcast,cloudy,remote
"Bhopal, Madhya Pradesh, India",2024-06-28T17:00:00,82.6,94.4,80.3,92.81,0.157,100,rain,0,0,20.4,7.9,290,998.5,89.1,2.8,228.4,0.8,2,,"Rain, Partially cloudy",rain,"VABP,42672099999,42667099999,42763099999"
"Bhopal, Madhya Pradesh, India",2024-06-28T18:00:00,86.1,99,78.3,77.81,0,0,,0,0,17,7.2,251.9,999,98.6,,67.7,0.2,1,,Overcast,cloudy,remote
"Bhopal, Madhya Pradesh, India",2024-06-28T19:00:00,87,100.7,78.5,76.06,0,0,,0,0,12.8,4.9,245.3,999,99.9,,36.6,0.1,0,,Overcast,cloudy,remote
"Bhopal, Madhya Pradesh, India",2024-06-28T20:00:00,80.5,87.6,78.5,93.63,0,0,,0,0,14.1,10.3,210,1001.3,88.9,3.2,4.8,0,0,,Partially cloudy,partly-cloudy-night,"VABP,42667099999"
"Bhopal, Madhya Pradesh, India",2024-06-28T21:00:00,83,92.1,77.1,82.34,0,0,,0,0,14.5,5.1,227.6,1001,100,,0,0,0,,Overcast,cloudy,remote
"Bhopal, Madhya Pradesh, India",2024-06-28T22:00:00,82.7,91.2,76.7,82.32,0,0,,0,0,14.3,5.4,224.7,1001,99.9,,0,0,0,,Overcast,cloudy,remote
"Bhopal, Madhya Pradesh, India",2024-06-28T23:00:00,79.5,79.5,78.5,96.75,0,0,,0,0,13.9,4.7,235,1001.8,84.3,3.2,0,0,0,,Partially cloudy,partly-cloudy-night,"VABP,42667099999"
"Bhopal, Madhya Pradesh, India",2024-06-29T00:00:00,80.9,87.3,76.4,86.24,0,0,,0,0,14.5,7.8,229.2,1001,100,,0,0,0,,Overcast,cloudy,remote
"Bhopal, Madhya Pradesh, India",2024-06-29T01:00:00,80.7,87,76.4,86.75,0,0,,0,0,15.7,8.5,237.8,1002,100,,0,0,0,,Overcast,cloudy,remote
"Bhopal, Madhya Pradesh, India",2024-06-29T02:00:00,79.4,79.4,79.1,98.83,0,0,,0,0,16.8,8.1,210,999.7,60,2.5,0,0,0,,Partially cloudy,partly-cloudy-night,42667099999
"Bhopal, Madhya Pradesh, India",2024-06-29T03:00:00,80.1,85.8,76.4,88.29,0,0,,0,0,17,9.2,252.2,1001,100,,0,0,0,,Overcast,cloudy,remote
"Bhopal, Madhya Pradesh, India",2024-06-29T04:00:00,79.8,79.8,74.9,85.15,0,0,,0,0,16.3,8.1,252.9,1001,100,,0,0,0,,Overcast,cloudy,remote
"Bhopal, Madhya Pradesh, India",2024-06-29T05:00:00,77.8,77.8,77.7,99.45,0,0,,0,0,16.3,11.4,230,1001.8,54.6,2.8,0,0,0,,Partially cloudy,partly-cloudy-night,"VABP,42667099999"
"Bhopal, Madhya Pradesh, India",2024-06-29T06:00:00,80.1,85.2,75.1,84.66,0,0,,0,0,16.6,8.5,251.8,1001,100,,0,0,0,,Overcast,cloudy,remote
"Bhopal, Madhya Pradesh, India",2024-06-29T07:00:00,80,80,74.9,84.65,0,0,,0,0,15.9,7.4,249.3,1002,100,,14.7,0.1,0,,Overcast,cloudy,remote
"Bhopal, Madhya Pradesh, India",2024-06-29T08:00:00,79.3,79.3,77.6,94.44,0,0,,0,0,17.2,11.2,230,1002.7,55.2,2.9,74.2,0.3,1,,Partially cloudy,partly-cloudy-day,"VABP,42672099999,42667099999,42763099999"
"Bhopal, Madhya Pradesh, India",2024-06-29T09:00:00,80.3,85.4,74.6,82.66,0,0,,0,0,22.4,9.2,260,1003,100,,191.3,0.7,2,,Overcast,cloudy,remote
"Bhopal, Madhya Pradesh, India",2024-06-29T10:00:00,80.5,85.8,74.7,82.67,0,0,,0,0,22.4,9.6,254,1003,100,,257.4,0.9,3,,Overcast,cloudy,remote
"Bhopal, Madhya Pradesh, India",2024-06-29T11:00:00,84.9,98.8,79.9,85.21,0,0,,0,0,22.8,13.8,230,1003.1,84.3,3.1,338.5,1.2,3,,Partially cloudy,partly-cloudy-day,"VABP,42667099999,42763099999"
"Bhopal, Madhya Pradesh, India",2024-06-29T12:00:00,85.9,97.1,77.1,75.07,0,0,,0,0,22.8,10.7,261.3,1002,100,,479,1.7,5,,Overcast,cloudy,remote
"Bhopal, Madhya Pradesh, India",2024-06-29T13:00:00,86.6,98.9,77.6,74.68,0,0,,0,0,21.5,10.3,261.9,1002,99.8,,444,1.6,4,,Overcast,cloudy,remote
"Bhopal, Madhya Pradesh, India",2024-06-29T14:00:00,84.1,97.8,80.4,88.66,0,0,,0,0,21,9.1,140,1001.4,89,2.5,442,1.6,4,,Partially cloudy,partly-cloudy-day,"VABP,42667099999,42763099999"
"Bhopal, Madhya Pradesh, India",2024-06-29T15:00:00,88.8,104.3,79.1,73.13,0,0,,0,0,19.9,7.6,241.2,1001,100,,318.4,1.1,3,,Overcast,cloudy,remote
"Bhopal, Madhya Pradesh, India",2024-06-29T16:00:00,84.1,94.5,77.4,80.48,0,0,,0,0,19.2,6.5,223.7,1000,99.2,,197.6,0.7,2,,Overcast,cloudy,remote
"Bhopal, Madhya Pradesh, India",2024-06-29T17:00:00,79.6,79.6,77.1,92.21,1.024,100,rain,0,0,19.5,6.7,180,999.4,88.5,2.6,326.6,1.2,3,,"Rain, Partially cloudy",rain,"42672099999,42667099999,42763099999"
"Bhopal, Madhya Pradesh, India",2024-06-29T18:00:00,82.7,92.2,78,85.82,0,0,,0,0,17.4,6.7,219.2,1001,100,,105.4,0.4,1,,Overcast,cloudy,remote
"Bhopal, Madhya Pradesh, India",2024-06-29T19:00:00,82.8,92.8,78.2,85.83,0,0,,0,0,13.9,6.9,228.4,1001,100,,31.8,0.1,0,,Overcast,cloudy,remote
"Bhopal, Madhya Pradesh, India",2024-06-29T20:00:00,80,80,76.7,89.88,0,0,,0,0,12.3,11.4,250,1001.3,90,2.5,4.2,0,0,,Partially cloudy,partly-cloudy-night,42667099999
"Bhopal, Madhya Pradesh, India",2024-06-29T21:00:00,79.1,79.1,77.1,93.68,0,0,,0,0,12.5,5.6,243.8,1003,100,,0,0,0,,Overcast,cloudy,remote
"Bhopal, Madhya Pradesh, India",2024-06-29T22:00:00,79.2,79.2,77.1,93.13,0,0,,0,0,12.5,5.4,247.2,1003,100,,0,0,0,,Overcast,cloudy,remote
"Bhopal, Madhya Pradesh, India",2024-06-29T23:00:00,79.4,79.4,74.9,86.16,0,0,,0,0,11.9,6.9,250,1001.9,90,2.5,0,0,0,,Partially cloudy,partly-cloudy-night,42667099999
"Bhopal, Madhya Pradesh, India",2024-06-30T00:00:00,78.2,78.2,77.1,96.49,0,0,,0,0,11,6.5,241,1004,100,,0,0,0,,Overcast,cloudy,remote
"Bhopal, Madhya Pradesh, India",2024-06-30T01:00:00,78.3,78.3,76.7,94.79,0,0,,0,0,15.7,6.9,239.6,1003,100,,0,0,0,,Overcast,cloudy,remote
"Bhopal, Madhya Pradesh, India",2024-06-30T02:00:00,76.1,76.1,75.3,97.25,0,0,,0,0,15.4,4.7,160,1002.7,88.9,3.2,0,0,0,,Partially cloudy,partly-cloudy-night,"VABP,42667099999"
"Bhopal, Madhya Pradesh, India",2024-06-30T03:00:00,77.1,77.1,75.8,95.9,0,0,,0,0,15.7,6.9,233.8,1002,100,,0,0,0,,Overcast,cloudy,remote
"Bhopal, Madhya Pradesh, India",2024-06-30T04:00:00,77.6,77.6,76,94.77,0,0,,0,0,12.8,6.3,246.8,1002,100,,0,0,0,,Overcast,cloudy,remote
"Bhopal, Madhya Pradesh, India",2024-06-30T05:00:00,77.1,77.1,75.8,95.9,0,0,,0,0,12.3,6.9,270,1001.5,90,2.5,0,0,0,,Partially cloudy,partly-cloudy-night,42667099999
"Bhopal, Madhya Pradesh, India",2024-06-30T06:00:00,78.9,78.9,76.2,91.46,0,0,,0,0,13.2,6.7,257.7,1002,100,,0,0,0,,Overcast,cloudy,remote
"Bhopal, Madhya Pradesh, India",2024-06-30T07:00:00,78.7,78.7,76,91.46,0,0,,0,0,13.4,6.3,259.9,1003,100,,10,0,0,,Overcast,cloudy,remote
"Bhopal, Madhya Pradesh, India",2024-06-30T08:00:00,79.5,79.5,77.1,92.49,0,0,,0,0,14.1,7.8,200,1001.7,90.4,2.5,60.2,0.2,1,,Overcast,cloudy,"42672099999,42667099999,42763099999"
"Bhopal, Madhya Pradesh, India",2024-06-30T09:00:00,79.2,79.2,76.6,91.48,0,0,,0,0,16.3,8.3,258.3,1003,100,,104.3,0.4,1,,Overcast,cloudy,remote
"Bhopal, Madhya Pradesh, India",2024-06-30T10:00:00,79.4,79.4,76.7,91.48,0,0,,0,0,17.7,9.2,251.7,1003,99.3,,184.4,0.7,2,,Overcast,cloudy,remote
"Bhopal, Madhya Pradesh, India",2024-06-30T11:00:00,82.7,94.3,80.1,92.03,0,0,,0,0,19.9,10.3,205,1003.5,89,2.8,367.2,1.3,4,,Partially cloudy,partly-cloudy-day,"VABP,42667099999,42763099999"
"Bhopal, Madhya Pradesh, India",2024-06-30T12:00:00,84.6,95.8,77.8,80.04,0,0,,0,0,23,9.6,244.5,1003,97.7,,443.5,1.6,4,,Overcast,cloudy,remote
"Bhopal, Madhya Pradesh, India",2024-06-30T13:00:00,85.2,96.4,77.4,77.74,0,0,,0,0,20.4,10.5,248.4,1003,90.7,,296.8,1.1,3,,Overcast,cloudy,remote
"Bhopal, Madhya Pradesh, India",2024-06-30T14:00:00,77.3,77.3,77.1,99.22,0.906,100,rain,0,0,21,6.9,160,1001.6,88.9,1.6,562.9,2,6,,"Rain, Partially cloudy",rain,"VABP,42667099999,42763099999"
"Bhopal, Madhya Pradesh, India",2024-06-30T15:00:00,83.4,92,76.2,79,0,0,,0,0,20.4,8.7,242,1001,98.4,,390.5,1.4,4,,Overcast,cloudy,remote
"Bhopal, Madhya Pradesh, India",2024-06-30T16:00:00,86.3,96.9,76.4,72.46,0,0,,0,0,19.7,10.3,235.5,1000,99.3,,418.3,1.5,4,,Overcast,cloudy,remote
"Bhopal, Madhya Pradesh, India",2024-06-30T17:00:00,84.3,98.8,80.8,89.13,0,0,,0,0,19.9,3.3,180,999.4,89,2.8,284.1,1,3,,Partially cloudy,partly-cloudy-day,"VABP,42672099999,42667099999,42763099999"
"Bhopal, Madhya Pradesh, India",2024-06-30T18:00:00,85.6,95.9,76.6,74.59,0,0,,0,0,18.8,9.2,235,1000,99.7,,100.3,0.4,1,,Overcast,cloudy,remote
"Bhopal, Madhya Pradesh, India",2024-06-30T19:00:00,85.6,95.7,76.4,74.14,0,0,,0,0,15.9,8.7,231.3,1000,100,,55.9,0.2,1,,Overcast,cloudy,remote
"Bhopal, Madhya Pradesh, India",2024-06-30T20:00:00,77,77,74.9,93.14,0.157,100,rain,0,0,17.7,6.9,180,1002.3,75,2.8,3.6,0,0,,"Rain, Partially cloudy",rain,"VABP,42667099999"
"Bhopal, Madhya Pradesh, India",2024-06-30T21:00:00,80,80,75.3,85.67,0,0,,0,0,18.8,8.5,219.2,1002,99.9,,0,0,0,,Overcast,cloudy,remote
"Bhopal, Madhya Pradesh, India",2024-06-30T22:00:00,79.8,79.8,75.1,85.66,0,0,,0,0,19.2,10.3,224.3,1002,100,,0,0,0,,Overcast,cloudy,remote
"Bhopal, Madhya Pradesh, India",2024-06-30T23:00:00,77.1,77.1,75.9,96.05,0,0,,0,0,19.9,9.2,211,1002.8,88.9,2.8,0,0,0,,Partially cloudy,partly-cloudy-night,"VABP,42667099999"
