name,datetime,temp,feelslike,dew,humidity,precip,precipprob,preciptype,snow,snowdepth,windgust,windspeed,winddir,sealevelpressure,cloudcover,visibility,solarradiation,solarenergy,uvindex,severerisk,conditions,icon,stations
"Bhopal, Madhya Pradesh, India",2024-04-01T00:00:00,78.9,78.9,51.9,39.07,0,0,,0,0,8.5,5.4,296.9,1011,33.1,,0,0,0,,Partially cloudy,partly-cloudy-night,remote
"Bhopal, Madhya Pradesh, India",2024-04-01T01:00:00,77.8,77.8,51.3,39.69,0,0,,0,0,9.4,5.8,294.4,1010,29.8,,0,0,0,,Partially cloudy,partly-cloudy-night,remote
"Bhopal, Madhya Pradesh, India",2024-04-01T02:00:00,75.8,75.8,51.5,42.66,0,0,,0,0,10.3,6.3,293.6,1010,17.3,,0,0,0,,Clear,clear-night,remote
"Bhopal, Madhya Pradesh, India",2024-04-01T03:00:00,75.5,75.5,51,42.33,0,0,,0,0,11.6,6.9,294.4,1010,34.9,,0,0,0,,Partially cloudy,partly-cloudy-night,remote
"Bhopal, Madhya Pradesh, India",2024-04-01T04:00:00,71.9,71.9,46.7,40.65,0,0,,0,0,12.8,7.4,299.6,1009,47.8,,0,0,0,,Partially cloudy,partly-cloudy-night,remote
"Bhopal, Madhya Pradesh, India",2024-04-01T05:00:00,69.7,69.7,40.9,35.1,0,0,,0,0,13,2.2,160,1011,25,3.7,0,0,0,,Partially cloudy,partly-cloudy-night,VABP
"Bhopal, Madhya Pradesh, India",2024-04-01T06:00:00,67.9,67.9,40.9,37.34,0,0,,0,0,12.5,1.1,250,1012,25,3.7,0,0,0,,Partially cloudy,partly-cloudy-night,VABP
"Bhopal, Madhya Pradesh, India",2024-04-01T07:00:00,73.3,73.3,40.9,31.07,0,0,,0,0,11.6,4.7,180,1013,25,3.7,2.7,0,0,,Partially cloudy,partly-cloudy-day,VABP
"Bhopal, Madhya Pradesh, India",2024-04-01T08:00:00,78.7,78.7,39.1,24.21,0,0,,0,0,12.1,8.1,220,1013,25,3.7,114.1,0.4,1,,Partially cloudy,partly-cloudy-day,VABP
"Bhopal, Madhya Pradesh, India",2024-04-01T09:00:00,78.2,78.2,53.3,42.18,0,0,,0,0,14.3,6,289.8,1012,98.8,,340.7,1.2,3,,Overcast,cloudy,remote
"Bhopal, Madhya Pradesh, India",2024-04-01T10:00:00,87.7,84.1,39.1,18.1,0,0,,0,0,15,5.8,160,1013,25,3.7,577.2,2.1,6,,Partially cloudy,partly-cloudy-day,VABP
"Bhopal, Madhya Pradesh, India",2024-04-01T11:00:00,91.3,87.1,37.3,15.06,0,0,,0,0,14.8,0,0,1013,25,3.7,776.4,2.8,8,,Partially cloudy,partly-cloudy-day,VABP
"Bhopal, Madhya Pradesh, India",2024-04-01T12:00:00,92.7,89.3,47.7,21.51,0,0,,0,0,14.5,4.9,279.6,1011,100,,906.6,3.3,9,,Overcast,cloudy,remote
"Bhopal, Madhya Pradesh, India",2024-04-01T13:00:00,94.9,90.1,28.3,9.39,0,0,,0,0,16.3,11.4,210,1011,100,3.7,958.3,3.4,10,,Overcast,cloudy,VABP
"Bhopal, Madhya Pradesh, India",2024-04-01T14:00:00,96.7,91.6,26.5,8.25,0,0,,0,0,18.3,13.9,180,1009,100,3.7,933,3.4,9,,Overcast,cloudy,VABP
"Bhopal, Madhya Pradesh, India",2024-04-01T15:00:00,96.7,91.6,28.3,8.88,0,0,,0,0,19.5,12.8,180,1009,50,3.7,832,3,8,,Partially cloudy,partly-cloudy-day,VABP
"Bhopal, Madhya Pradesh, India",2024-04-01T16:00:00,95.1,91.6,47.9,20.15,0,0,,0,0,19.9,7.4,269.3,1006,99.5,,589.8,2.1,6,,Overcast,cloudy,remote
"Bhopal, Madhya Pradesh, India",2024-04-01T17:00:00,95.1,90.5,37.5,13.49,0,0,,0,0,20.4,10.3,210,1008,50,3.7,464,1.7,5,,Partially cloudy,partly-cloudy-day,"VABP,42667099999"
"Bhopal, Madhya Pradesh, India",2024-04-01T18:00:00,91.5,87.3,37.5,15.09,0,0,,0,0,20.1,5.8,200,1009,50,3.7,254.4,0.9,3,,Partially cloudy,partly-cloudy-day,"VABP,42667099999"
"Bhopal, Madhya Pradesh, India",2024-04-01T19:00:00,86.1,82.7,33.9,15.51,0,0,,0,0,15.2,5.8,190,1010,27.3,3.7,67.1,0.2,0,,Partially cloudy,partly-cloudy-night,"VABP,42667099999"
"Bhopal, Madhya Pradesh, India",2024-04-01T20:00:00,84.1,81.2,30.1,14.19,0,0,,0,0,8.5,5.8,190,1010,96.3,3.7,0.1,0,0,,Overcast,cloudy,VABP
"Bhopal, Madhya Pradesh, India",2024-04-01T21:00:00,82.8,81.6,52.4,35.03,0,0,,0,0,8.3,5.8,292.4,1008,68.3,,0,0,0,,Partially cloudy,partly-cloudy-night,remote
"Bhopal, Madhya Pradesh, India",2024-04-01T22:00:00,80.5,78.7,30.1,15.95,0,0,,0,0,8.5,8.1,240,1011,44.5,3.7,0,0,0,,Partially cloudy,partly-cloudy-night,VABP
"Bhopal, Madhya Pradesh, India",2024-04-01T23:00:00,80.1,78.6,34,18.92,0,0,,0,0,8.3,8.1,245,1009.5,54.4,3.2,0,0,0,,Partially cloudy,partly-cloudy-night,"VABP,42667099999"
"Bhopal, Madhya Pradesh, India",2024-04-02T00:00:00,79.6,79.6,45.6,30.15,0,0,,0,0,8.3,6.3,278.8,1009,64.6,,0,0,0,,Partially cloudy,partly-cloudy-night,remote
"Bhopal, Madhya Pradesh, India",2024-04-02T01:00:00,78.7,78.7,45.6,31.06,0,0,,0,0,11.9,6.5,283.1,1009,64.6,,0,0,0,,Partially cloudy,partly-cloudy-night,remote
"Bhopal, Madhya Pradesh, India",2024-04-02T02:00:00,75.5,75.5,35.9,23.73,0,0,,0,0,11.6,5.8,250,1007.2,73,2.5,0,0,0,,Partially cloudy,partly-cloudy-night,42667099999
"Bhopal, Madhya Pradesh, India",2024-04-02T03:00:00,74,74,50.3,43.24,0,0,,0,0,11,6,294.3,1008,67.3,,0,0,0,,Partially cloudy,partly-cloudy-night,remote
"Bhopal, Madhya Pradesh, India",2024-04-02T04:00:00,71.7,71.7,47.2,41.73,0,0,,0,0,10.7,5.8,301.5,1007,38.3,,0,0,0,,Partially cloudy,partly-cloudy-night,remote
"Bhopal, Madhya Pradesh, India",2024-04-02T05:00:00,69.5,69.5,41.1,35.69,0,0,,0,0,11,3.4,140,1009.2,4.9,3.2,0,0,0,,Clear,clear-night,"VABP,42667099999"
"Bhopal, Madhya Pradesh, India",2024-04-02T06:00:00,68,68,37.4,32.46,0,0,,0,0,10.3,2.2,170,1010,0,3.7,0,0,0,,Clear,clear-night,"VABP,42667099999"
"Bhopal, Madhya Pradesh, India",2024-04-02T07:00:00,75.2,75.2,41,29.26,0,0,,0,0,8.9,0,0,1011,0,3.7,3.1,0,0,,Clear,clear-day,"VABP,42667099999"
"Bhopal, Madhya Pradesh, India",2024-04-02T08:00:00,78.5,78.5,44.1,29.61,0,0,,0,0,8.9,6.8,290,1010.6,29.8,3.2,120.3,0.4,1,,Partially cloudy,partly-cloudy-day,"VABP,42672099999,42667099999,42763099999"
"Bhopal, Madhya Pradesh, India",2024-04-02T09:00:00,82.4,80.3,41,23.1,0,0,,0,0,10.5,4.7,320,1012,0,3.7,349.5,1.3,3,,Clear,clear-day,"VABP,42667099999"
"Bhopal, Madhya Pradesh, India",2024-04-02T10:00:00,78.5,78.5,53.7,42.24,0,0,,0,0,11.2,3.6,3,1010,3.3,,581.5,2.1,6,,Clear,clear-day,remote
"Bhopal, Madhya Pradesh, India",2024-04-02T11:00:00,89.5,85.7,39.1,17.1,0,0,,0,0,11.2,3.4,50,1012,25,3.7,776.1,2.8,8,,Partially cloudy,partly-cloudy-day,VABP
"Bhopal, Madhya Pradesh, India",2024-04-02T12:00:00,93.1,88.7,37.3,14.24,0,0,,0,0,10.5,9.2,140,1011,12.8,3.7,915.4,3.3,9,,Clear,clear-day,VABP
"Bhopal, Madhya Pradesh, India",2024-04-02T13:00:00,94.9,90.5,39.1,14.46,0,0,,0,0,11,8.1,90,1009,25,3.7,978.2,3.5,10,,Partially cloudy,partly-cloudy-day,VABP
"Bhopal, Madhya Pradesh, India",2024-04-02T14:00:00,96.7,92,37.3,12.75,0,0,,0,0,12.8,8.1,180,1008,50,3.7,961.8,3.5,10,,Partially cloudy,partly-cloudy-day,VABP
"Bhopal, Madhya Pradesh, India",2024-04-02T15:00:00,98.5,93.8,39.1,12.95,0,0,,0,0,14.5,6.9,130,1008,50,3.7,889.3,3.2,9,,Partially cloudy,partly-cloudy-day,VABP
"Bhopal, Madhya Pradesh, India",2024-04-02T16:00:00,94.9,90.5,39.1,14.46,0,0,,0,0,15.9,8.1,210,1007,50,3.7,714.7,2.6,7,,Partially cloudy,partly-cloudy-day,VABP
"Bhopal, Madhya Pradesh, India",2024-04-02T17:00:00,94.9,90.4,37.3,13.47,0,0,,0,0,16.3,12.8,240,1007,50,3.7,485.6,1.7,5,,Partially cloudy,partly-cloudy-day,VABP
"Bhopal, Madhya Pradesh, India",2024-04-02T18:00:00,91.3,87.1,37.3,15.06,0,0,,0,0,16.3,4.7,200,1008,50,3.7,242.3,0.9,2,,Partially cloudy,partly-cloudy-day,VABP
"Bhopal, Madhya Pradesh, India",2024-04-02T19:00:00,87.7,84.1,39.1,18.1,0,0,,0,0,13,4.7,190,1009,50,3.7,64.1,0.2,0,,Partially cloudy,partly-cloudy-night,VABP
"Bhopal, Madhya Pradesh, India",2024-04-02T20:00:00,85.9,82.7,39.1,19.17,0,0,,0,0,8.5,4.7,190,1010,97.8,3.7,0.1,0,0,,Overcast,cloudy,VABP
"Bhopal, Madhya Pradesh, India",2024-04-02T21:00:00,84.1,81.5,40.9,21.78,0,0,,0,0,7.8,5.8,200,1010,97.9,3.7,0,0,0,,Overcast,cloudy,VABP
"Bhopal, Madhya Pradesh, India",2024-04-02T22:00:00,82.3,80.2,40.9,23.08,0,0,,0,0,7.6,3.4,160,1011,96.2,3.7,0,0,0,,Overcast,cloudy,VABP
"Bhopal, Madhya Pradesh, India",2024-04-02T23:00:00,78.7,78.7,42.7,27.83,0,0,,0,0,7.8,4.7,200,1011,92.5,3.7,0,0,0,,Overcast,cloudy,VABP
"Bhopal, Madhya Pradesh, India",2024-04-03T00:00:00,81.2,80.8,54.4,39.7,0,0,,0,0,8.1,4.9,308.8,1009,97.1,,0,0,0,,Overcast,cloudy,remote
"Bhopal, Madhya Pradesh, India",2024-04-03T01:00:00,80.1,80.1,54.2,40.85,0,0,,0,0,7.4,4.5,297.4,1009,100,,0,0,0,,Overcast,cloudy,remote
"Bhopal, Madhya Pradesh, India",2024-04-03T02:00:00,75.2,75.2,41,29.26,0,0,,0,0,6.7,4.7,260,1010,27.3,3.7,0,0,0,,Partially cloudy,partly-cloudy-night,"VABP,42667099999"
"Bhopal, Madhya Pradesh, India",2024-04-03T03:00:00,76.9,76.9,53,43.4,0,0,,0,0,8.3,5.4,301.5,1008,96.3,,0,0,0,,Overcast,cloudy,remote
"Bhopal, Madhya Pradesh, India",2024-04-03T04:00:00,74,74,50.6,43.82,0,0,,0,0,9.2,5.6,310.5,1008,88.8,,0,0,0,,Partially cloudy,partly-cloudy-night,remote
"Bhopal, Madhya Pradesh, India",2024-04-03T05:00:00,73.1,73.1,48.8,42.24,0,0,,0,0,10.1,4.7,250,1008.3,50,2.5,0,0,0,,Partially cloudy,partly-cloudy-night,42667099999
"Bhopal, Madhya Pradesh, India",2024-04-03T06:00:00,69.8,69.8,41,35.12,0,0,,0,0,10.3,2.2,220,1011,27.3,3.7,0,0,0,,Partially cloudy,partly-cloudy-night,"VABP,42667099999"
"Bhopal, Madhya Pradesh, India",2024-04-03T07:00:00,77,77,42.8,29.54,0,0,,0,0,10.1,2.2,280,1012,27.3,3.7,3.4,0,0,,Partially cloudy,partly-cloudy-day,"VABP,42667099999"
"Bhopal, Madhya Pradesh, India",2024-04-03T08:00:00,82.7,80.8,45.7,27.35,0,0,,0,0,11.2,5.7,275,1010.7,30,3.2,122.5,0.4,1,,Partially cloudy,partly-cloudy-day,"VABP,42672099999,42667099999,42763099999"
"Bhopal, Madhya Pradesh, India",2024-04-03T09:00:00,80.5,80.2,53.1,38.81,0,0,,0,0,13.2,5.4,312.5,1011,0,,354.5,1.3,4,,Clear,clear-day,remote
"Bhopal, Madhya Pradesh, India",2024-04-03T10:00:00,91.4,87.3,39.2,16.18,0,0,,0,0,14.1,6.9,260,1013,0,3.7,583.2,2.1,6,,Clear,clear-day,"VABP,42667099999"
"Bhopal, Madhya Pradesh, India",2024-04-03T11:00:00,94.4,90.3,42.6,16.8,0,0,,0,0,13.9,5.8,180,1010.8,39.9,3.1,771.7,2.8,8,,Partially cloudy,partly-cloudy-day,"VABP,42667099999,42763099999"
"Bhopal, Madhya Pradesh, India",2024-04-03T12:00:00,96.7,92.1,39.1,13.68,0,0,,0,0,12.3,9.2,140,1012,12.4,3.7,915.2,3.3,9,,Clear,clear-day,VABP
"Bhopal, Madhya Pradesh, India",2024-04-03T13:00:00,98.6,93.6,35.6,11.25,0,0,,0,0,15,9.2,190,1010,27.3,3.7,980.9,3.5,10,,Partially cloudy,partly-cloudy-day,"VABP,42667099999"
"Bhopal, Madhya Pradesh, India",2024-04-03T14:00:00,100.1,94.8,33.4,9.87,0,0,,0,0,16.6,8,180,1007.6,45.3,3.1,959.9,3.5,10,,Partially cloudy,partly-cloudy-day,"VABP,42667099999,42763099999"
"Bhopal, Madhya Pradesh, India",2024-04-03T15:00:00,98.6,93.5,33.8,10.47,0,0,,0,0,17.9,11.4,240,1009,50,3.7,884.2,3.2,9,,Partially cloudy,partly-cloudy-day,"VABP,42667099999"
"Bhopal, Madhya Pradesh, India",2024-04-03T16:00:00,98.6,93.8,37.4,12.08,0,0,,0,0,18.3,9.2,210,1008,0,3.7,733.2,2.6,7,,Clear,clear-day,"VABP,42667099999"
"Bhopal, Madhya Pradesh, India",2024-04-03T17:00:00,98.8,94.8,44.4,15.72,0,0,,0,0,18.3,12.5,211,1005.9,49.5,3.2,529.1,1.9,5,,Partially cloudy,partly-cloudy-day,"VABP,42672099999,42667099999,42763099999"
"Bhopal, Madhya Pradesh, India",2024-04-03T18:00:00,93.2,88.8,37.4,14.25,0,0,,0,0,17.4,5.8,210,1009,0,3.7,290.2,1,3,,Clear,clear-day,"VABP,42667099999"
"Bhopal, Madhya Pradesh, India",2024-04-03T19:00:00,91.4,87.5,42.8,18.59,0,0,,0,0,12.8,5.8,130,1010,0,3.7,75.7,0.3,0,,Clear,clear-night,"VABP,42667099999"
"Bhopal, Madhya Pradesh, India",2024-04-03T20:00:00,87.8,84.5,44.3,22.02,0,0,,0,0,8.5,3.4,140,1009,55.4,3.2,0.1,0,0,,Partially cloudy,partly-cloudy-night,"VABP,42667099999"
"Bhopal, Madhya Pradesh, India",2024-04-03T21:00:00,86,83,42.8,22.05,0,0,,0,0,8.5,6.7,160,1011,0,3.7,0,0,0,,Clear,clear-night,"VABP,42667099999"
"Bhopal, Madhya Pradesh, India",2024-04-03T22:00:00,86,82.8,39.2,19.18,0,0,,0,0,7.8,8.1,210,1011,0,3.7,0,0,0,,Clear,clear-night,"VABP,42667099999"
"Bhopal, Madhya Pradesh, India",2024-04-03T23:00:00,84.2,81.5,40,20.99,0,0,,0,0,8.1,6.9,225,1009.6,50,3.2,0,0,0,,Partially cloudy,partly-cloudy-night,"VABP,42667099999"
"Bhopal, Madhya Pradesh, India",2024-04-04T00:00:00,81.8,80.5,49,31.96,0,0,,0,0,8.9,6.5,268.8,1009,19.1,,0,0,0,,Clear,clear-night,remote
"Bhopal, Madhya Pradesh, India",2024-04-04T01:00:00,82.1,80.5,47.2,29.53,0,0,,0,0,12.1,7.2,287.2,1009,20.6,,0,0,0,,Partially cloudy,partly-cloudy-night,remote
"Bhopal, Madhya Pradesh, India",2024-04-04T02:00:00,82.5,80.8,47.9,29.99,0,0,,0,0,12.8,8.1,200,1007.1,64.4,2.5,0,0,0,,Partially cloudy,partly-cloudy-night,42667099999
"Bhopal, Madhya Pradesh, India",2024-04-04T03:00:00,79.6,79.6,48.6,33.84,0,0,,0,0,13.6,8.1,302.8,1009,86.7,,0,0,0,,Partially cloudy,partly-cloudy-night,remote
"Bhopal, Madhya Pradesh, India",2024-04-04T04:00:00,75.5,75.5,49.5,40.12,0,0,,0,0,13.9,8.7,307.8,1008,91.5,,0,0,0,,Overcast,cloudy,remote
"Bhopal, Madhya Pradesh, India",2024-04-04T05:00:00,75,75,40.7,29.05,0,0,,0,0,13.9,6.9,235,1009,27.3,3.2,0,0,0,,Partially cloudy,partly-cloudy-night,"VABP,42667099999"
"Bhopal, Madhya Pradesh, India",2024-04-04T06:00:00,75.2,75.2,41,29.26,0,0,,0,0,13.6,3.4,200,1011,36.6,3.7,0,0,0,,Partially cloudy,partly-cloudy-night,"VABP,42667099999"
"Bhopal, Madhya Pradesh, India",2024-04-04T07:00:00,78.8,78.8,41,25.98,0,0,,0,0,12.5,4.7,180,1011,50,3.7,4,0,0,,Partially cloudy,partly-cloudy-day,"VABP,42667099999"
"Bhopal, Madhya Pradesh, India",2024-04-04T08:00:00,83.5,81.2,45.1,26.16,0,0,,0,0,13.2,8.9,230,1010.7,44.9,3.2,127.2,0.5,1,,Partially cloudy,partly-cloudy-day,"VABP,42672099999,42667099999,42763099999"
"Bhopal, Madhya Pradesh, India",2024-04-04T09:00:00,80.9,80.5,54.1,39.64,0,0,,0,0,16.1,8.9,313.4,1011,33,,358.4,1.3,4,,Partially cloudy,partly-cloudy-day,remote
"Bhopal, Madhya Pradesh, India",2024-04-04T10:00:00,91.4,87.5,42.8,18.59,0,0,,0,0,18.8,9.2,270,1013,0,3.7,586.8,2.1,6,,Clear,clear-day,"VABP,42667099999"
"Bhopal, Madhya Pradesh, India",2024-04-04T11:00:00,93.2,89.2,42.8,17.6,0,0,,0,0,20.6,4.7,230,1011,30,3.1,769.8,2.8,8,,Partially cloudy,partly-cloudy-day,"VABP,42667099999,42763099999"
"Bhopal, Madhya Pradesh, India",2024-04-04T12:00:00,96.8,92.2,39.2,13.69,0,0,,0,0,20.6,11.4,230,1012,0,3.7,911.2,3.3,9,,Clear,clear-day,"VABP,42667099999"
"Bhopal, Madhya Pradesh, India",2024-04-04T13:00:00,96.8,92.2,39.2,13.69,0,0,,0,0,19.7,4.7,160,1011,0,3.7,958.1,3.4,10,,Clear,clear-day,"VABP,42667099999"
"Bhopal, Madhya Pradesh, India",2024-04-04T14:00:00,98.6,94,40.2,13.47,0,0,,0,0,20.8,10.3,186,1008,30.2,3.1,952.5,3.4,10,,Partially cloudy,partly-cloudy-day,"VABP,42667099999,42763099999"
"Bhopal, Madhya Pradesh, India",2024-04-04T15:00:00,96.8,92.1,37.4,12.76,0,0,,0,0,21.3,17.2,250,1009,27.3,3.7,871.2,3.1,9,,Partially cloudy,partly-cloudy-day,"VABP,42667099999"
"Bhopal, Madhya Pradesh, India",2024-04-04T16:00:00,96.8,92.1,37.4,12.76,0,0,,0,0,21.5,8.1,230,1009,27.3,3.7,718.1,2.6,7,,Partially cloudy,partly-cloudy-day,"VABP,42667099999"
"Bhopal, Madhya Pradesh, India",2024-04-04T17:00:00,95.9,91.9,44.6,17.32,0,0,,0,0,21.3,15.8,235,1007.1,39.8,3.2,515.5,1.9,5,,Partially cloudy,partly-cloudy-day,"VABP,42672099999,42667099999,42763099999"
"Bhopal, Madhya Pradesh, India",2024-04-04T18:00:00,91.4,87.4,41,17.35,0,0,,0,0,20.6,6.9,250,1010,0,3.7,274.6,1,3,,Clear,clear-day,"VABP,42667099999"
"Bhopal, Madhya Pradesh, India",2024-04-04T19:00:00,86,83,42.8,22.05,0,0,,0,0,16.8,4.7,260,1011,27.3,3.7,70.5,0.3,0,,Partially cloudy,partly-cloudy-night,"VABP,42667099999"
"Bhopal, Madhya Pradesh, India",2024-04-04T20:00:00,85.1,82.9,50,29.81,0,0,,0,0,10.1,2.2,275,1009.6,30,3.2,0.1,0,0,,Partially cloudy,partly-cloudy-night,"VABP,42667099999"
"Bhopal, Madhya Pradesh, India",2024-04-04T21:00:00,82.4,80.5,44.6,26.52,0,0,,0,0,9.4,3.4,280,1012,0,3.7,0,0,0,,Clear,clear-night,"VABP,42667099999"
"Bhopal, Madhya Pradesh, India",2024-04-04T22:00:00,82.4,80.5,44.6,26.52,0,0,,0,0,8.7,4.7,270,1012,0,3.7,0,0,0,,Clear,clear-night,"VABP,42667099999"
"Bhopal, Madhya Pradesh, India",2024-04-04T23:00:00,80.1,79.3,46.6,30.85,0,0,,0,0,8.1,5.8,245,1010.8,80.8,3.2,0,0,0,,Partially cloudy,partly-cloudy-night,"VABP,42667099999"
"Bhopal, Madhya Pradesh, India",2024-04-05T00:00:00,80,80,52.2,38.22,0,0,,0,0,8.3,4.5,311.7,1010,79.7,,0,0,0,,Partially cloudy,partly-cloudy-night,remote
"Bhopal, Madhya Pradesh, India",2024-04-05T01:00:00,78.7,78.7,51.5,38.79,0,0,,0,0,8.3,4.5,304.4,1010,74.6,,0,0,0,,Partially cloudy,partly-cloudy-night,remote
"Bhopal, Madhya Pradesh, India",2024-04-05T02:00:00,74,74,46.7,37.79,0,0,,0,0,7.6,3.4,250,1008.9,63.2,2.5,0,0,0,,Partially cloudy,partly-cloudy-night,42667099999
"Bhopal, Madhya Pradesh, India",2024-04-05T03:00:00,75.8,75.8,51.2,42.1,0,0,,0,0,8.5,5.1,297.8,1009,72.7,,0,0,0,,Partially cloudy,partly-cloudy-night,remote
"Bhopal, Madhya Pradesh, India",2024-04-05T04:00:00,72.8,72.8,52.1,48.22,0,0,,0,0,9.2,6.7,299.2,1009,77.8,,0,0,0,,Partially cloudy,partly-cloudy-night,remote
"Bhopal, Madhya Pradesh, India",2024-04-05T05:00:00,73.6,73.6,46.5,38.07,0,0,,0,0,9.4,6.9,225,1010.1,83.1,3.2,0,0,0,,Partially cloudy,partly-cloudy-night,"VABP,42667099999"
"Bhopal, Madhya Pradesh, India",2024-04-05T06:00:00,71.6,71.6,44.6,37.92,0,0,,0,0,9.4,3.4,220,1012,0,3.7,0,0,0,,Clear,clear-night,"VABP,42667099999"
"Bhopal, Madhya Pradesh, India",2024-04-05T07:00:00,77,77,46.4,33.88,0,0,,0,0,9.8,4.7,220,1012,0,3.7,4.4,0,0,,Clear,clear-day,"VABP,42667099999"
"Bhopal, Madhya Pradesh, India",2024-04-05T08:00:00,81.8,80.4,47.9,30.65,0,0,,0,0,13.2,3.3,230,1011.6,32,3.2,124.6,0.4,1,,Partially cloudy,partly-cloudy-day,"VABP,42672099999,42667099999,42763099999"
"Bhopal, Madhya Pradesh, India",2024-04-05T09:00:00,87.8,84.7,46.4,23.88,0,0,,0,0,17.4,9.2,240,1013,27.3,3.7,357.1,1.3,4,,Partially cloudy,partly-cloudy-day,"VABP,42667099999"
"Bhopal, Madhya Pradesh, India",2024-04-05T10:00:00,89.6,86.4,48.2,24.14,0,0,,0,0,20.4,10.3,240,1013,0,3.7,589.9,2.1,6,,Clear,clear-day,"VABP,42667099999"
"Bhopal, Madhya Pradesh, India",2024-04-05T11:00:00,91.9,88.7,48.9,23.02,0,0,,0,0,21.3,9.1,255,1010.4,10,3.1,780.1,2.8,8,,Clear,clear-day,"VABP,42667099999,42763099999"
"Bhopal, Madhya Pradesh, India",2024-04-05T12:00:00,93.2,89.6,46.4,20.16,0,0,,0,0,20.8,5.8,270,1011,0,3.7,917.5,3.3,9,,Clear,clear-day,"VABP,42667099999"
"Bhopal, Madhya Pradesh, India",2024-04-05T13:00:00,95,91.3,46.4,19.07,0,0,,0,0,17.4,4.7,260,1010,0,3.7,972.6,3.5,10,,Clear,clear-day,"VABP,42667099999"
"Bhopal, Madhya Pradesh, India",2024-04-05T14:00:00,96.1,92.3,45.7,17.95,0,0,,0,0,18.8,11.4,255,1006.8,40.1,3.1,956.2,3.4,10,,Partially cloudy,partly-cloudy-day,"VABP,42667099999,42763099999"
"Bhopal, Madhya Pradesh, India",2024-04-05T15:00:00,96.8,92.6,42.8,15.73,0,0,,0,0,20.1,10.3,290,1009,27.3,3.7,870.6,3.1,9,,Partially cloudy,partly-cloudy-day,"VABP,42667099999"
"Bhopal, Madhya Pradesh, India",2024-04-05T16:00:00,96.8,92.2,39.2,13.69,0,0,,0,0,20.4,10.3,220,1008,27.3,3.7,719.3,2.6,7,,Partially cloudy,partly-cloudy-day,"VABP,42667099999"
"Bhopal, Madhya Pradesh, India",2024-04-05T17:00:00,97.3,93.2,43.7,16.04,0,0,,0,0,20.1,13.6,225,1005.8,45.3,3.2,516.6,1.9,5,,Partially cloudy,partly-cloudy-day,"VABP,42672099999,42667099999,42763099999"
"Bhopal, Madhya Pradesh, India",2024-04-05T18:00:00,91.4,87.3,39.2,16.18,0,0,,0,0,19.5,9.2,250,1009,88.9,3.7,290.9,1,3,,Partially cloudy,partly-cloudy-day,"VABP,42667099999"
"Bhopal, Madhya Pradesh, India",2024-04-05T19:00:00,89.6,86.2,46.4,22.56,0,0,,0,0,16.3,6.9,280,1010,88.9,3.7,80,0.3,0,,Partially cloudy,partly-cloudy-night,"VABP,42667099999"
"Bhopal, Madhya Pradesh, India",2024-04-05T20:00:00,86.8,83.8,45.1,23.47,0,0,,0,0,10.1,6.9,270,1009.2,50,3.2,0.2,0,0,,Partially cloudy,partly-cloudy-night,"VABP,42667099999"
"Bhopal, Madhya Pradesh, India",2024-04-05T21:00:00,84.2,81.4,39.2,20.32,0,0,,0,0,9.2,5.8,240,1011,50,3.7,0,0,0,,Partially cloudy,partly-cloudy-night,"VABP,42667099999"
"Bhopal, Madhya Pradesh, India",2024-04-05T22:00:00,85.6,83.6,52.6,32.33,0,0,,0,0,8.3,4.7,321.4,1009,88.3,,0,0,0,,Partially cloudy,partly-cloudy-night,remote
"Bhopal, Madhya Pradesh, India",2024-04-05T23:00:00,80,78.9,41.1,25.04,0,0,,0,0,7.6,4.7,230,1009.9,50,3.2,0,0,0,,Partially cloudy,partly-cloudy-night,"VABP,42667099999"
"Bhopal, Madhya Pradesh, India",2024-04-06T00:00:00,80.3,80.2,54.2,40.61,0,0,,0,0,7.8,5.1,297.1,1009,93,,0,0,0,,Overcast,cloudy,remote
"Bhopal, Madhya Pradesh, India",2024-04-06T01:00:00,80,80,53.3,39.76,0,0,,0,0,9.2,5.6,292.1,1009,86.5,,0,0,0,,Partially cloudy,partly-cloudy-night,remote
"Bhopal, Madhya Pradesh, India",2024-04-06T02:00:00,77.3,77.3,41.6,27.99,0,0,,0,0,10.5,9.2,230,1008.8,50,2.5,0,0,0,,Partially cloudy,partly-cloudy-night,42667099999
"Bhopal, Madhya Pradesh, India",2024-04-06T03:00:00,79.4,79.4,52.4,39.16,0,0,,0,0,12.3,7.2,298.2,1009,80.6,,0,0,0,,Partially cloudy,partly-cloudy-night,remote
"Bhopal, Madhya Pradesh, India",2024-04-06T04:00:00,74.6,74.6,52.2,45.69,0,0,,0,0,13,7.6,300.9,1009,80.8,,0,0,0,,Partially cloudy,partly-cloudy-night,remote
"Bhopal, Madhya Pradesh, India",2024-04-06T05:00:00,73.2,73.2,42.6,33.29,0,0,,0,0,13,5.8,230,1010.1,50,3.2,0,0,0,,Partially cloudy,partly-cloudy-night,"VABP,42667099999"
"Bhopal, Madhya Pradesh, India",2024-04-06T06:00:00,73.4,73.4,42.8,33.32,0,0,,0,0,12.8,5.8,210,1011,50,3.7,0,0,0,,Partially cloudy,partly-cloudy-night,"VABP,42667099999"
"Bhopal, Madhya Pradesh, India",2024-04-06T07:00:00,78.5,78.5,53.3,41.69,0,0,,0,0,12.8,8.1,304.8,1009,12.5,,4.8,0,0,,Clear,clear-day,remote
"Bhopal, Madhya Pradesh, India",2024-04-06T08:00:00,79.7,79.7,47.1,31.8,0,0,,0,0,14.5,10.7,245,1010.7,54.5,3.2,118.2,0.4,1,,Partially cloudy,partly-cloudy-day,"VABP,42672099999,42667099999,42763099999"
"Bhopal, Madhya Pradesh, India",2024-04-06T09:00:00,86,83.1,44.6,23.62,0,0,,0,0,18.3,3.4,240,1013,50,3.7,346,1.2,3,,Partially cloudy,partly-cloudy-day,"VABP,42667099999"
"Bhopal, Madhya Pradesh, India",2024-04-06T10:00:00,89.6,85.8,41,18.35,0,0,,0,0,19.5,10.3,240,1013,88.9,3.7,587.6,2.1,6,,Partially cloudy,partly-cloudy-day,"VABP,42667099999"
"Bhopal, Madhya Pradesh, India",2024-04-06T11:00:00,92.2,88.3,42.8,18.13,0,0,,0,0,19.5,6.9,195,1009.9,74.8,3.1,774.1,2.8,8,,Partially cloudy,partly-cloudy-day,"VABP,42667099999,42763099999"
"Bhopal, Madhya Pradesh, India",2024-04-06T12:00:00,95,90.5,37.4,13.48,0,0,,0,0,19.7,4.7,200,1011,50,3.7,881,3.2,9,,Partially cloudy,partly-cloudy-day,"VABP,42667099999"
"Bhopal, Madhya Pradesh, India",2024-04-06T13:00:00,96.8,92,35.6,11.88,0,0,,0,0,18.6,13.9,250,1010,50,3.7,975.2,3.5,10,,Partially cloudy,partly-cloudy-day,"VABP,42667099999"
"Bhopal, Madhya Pradesh, India",2024-04-06T14:00:00,97.1,92.9,43.7,16.14,0,0,,0,0,19.5,14.9,225,1012.1,54.6,3.1,921.9,3.3,9,,Partially cloudy,partly-cloudy-day,"VABP,42667099999,42763099999"
"Bhopal, Madhya Pradesh, India",2024-04-06T15:00:00,95,90.5,37.4,13.48,0,0,,0,0,19.7,12.8,250,1008,50,3.7,861.6,3.1,9,,Partially cloudy,partly-cloudy-day,"VABP,42667099999"
"Bhopal, Madhya Pradesh, India",2024-04-06T16:00:00,95,90.5,37.4,13.48,0,0,,0,0,19.5,5.8,225,1008,27.3,3.7,666.7,2.4,7,,Partially cloudy,partly-cloudy-day,"VABP,42667099999"
"Bhopal, Madhya Pradesh, India",2024-04-06T17:00:00,94.2,90.1,42.9,17.09,0,0,,0,0,19.7,14.7,275,1005.9,36.9,3.2,512,1.8,5,,Partially cloudy,partly-cloudy-day,"VABP,42672099999,42667099999,42763099999"
"Bhopal, Madhya Pradesh, India",2024-04-06T18:00:00,89.6,85.7,37.4,15.95,0,0,,0,0,19.2,11.4,260,1009,50,3.7,278.3,1,3,,Partially cloudy,partly-cloudy-day,"VABP,42667099999"
"Bhopal, Madhya Pradesh, India",2024-04-06T19:00:00,86,82.7,35.6,16.65,0,0,,0,0,14.3,6.9,250,1009,50,3.7,77.8,0.3,0,,Partially cloudy,partly-cloudy-night,"VABP,42667099999"
"Bhopal, Madhya Pradesh, India",2024-04-06T20:00:00,84.1,81.5,41.9,22.63,0,0,,0,0,8.9,5.8,255,1008.3,45.4,3.2,0.2,0,0,,Partially cloudy,partly-cloudy-night,"VABP,42667099999"
"Bhopal, Madhya Pradesh, India",2024-04-06T21:00:00,84.2,81.6,42.8,23.36,0,0,,0,0,8.7,2.2,120,1011,50,3.7,0,0,0,,Partially cloudy,partly-cloudy-night,"VABP,42667099999"
"Bhopal, Madhya Pradesh, India",2024-04-06T22:00:00,84.3,82.5,51.2,31.92,0,0,,0,0,9.4,5.6,289.4,1008,20.1,,0,0,0,,Partially cloudy,partly-cloudy-night,remote
"Bhopal, Madhya Pradesh, India",2024-04-06T23:00:00,82.2,80.8,49.2,31.66,0,0,,0,0,10.7,0,0,1009.4,63.9,3.2,0,0,0,,Partially cloudy,partly-cloudy-night,"VABP,42667099999"
"Bhopal, Madhya Pradesh, India",2024-04-07T00:00:00,81.9,80.8,50.6,33.75,0,0,,0,0,11.4,4.5,287.6,1009,51,,0,0,0,,Partially cloudy,partly-cloudy-night,remote
"Bhopal, Madhya Pradesh, India",2024-04-07T01:00:00,80.7,80,50.3,34.69,0,0,,0,0,7.4,4.3,286.5,1008,49.8,,0,0,0,,Partially cloudy,partly-cloudy-night,remote
"Bhopal, Madhya Pradesh, India",2024-04-07T02:00:00,76.7,76.7,56.6,49.77,0,0,,0,0,6.9,3.4,230,1007.2,80,2.5,0,0,0,,Partially cloudy,partly-cloudy-night,42667099999
"Bhopal, Madhya Pradesh, India",2024-04-07T03:00:00,78.2,78.2,53.1,41.91,0,0,,0,0,6.9,4,280.4,1008,36.6,,0,0,0,,Partially cloudy,partly-cloudy-night,remote
"Bhopal, Madhya Pradesh, India",2024-04-07T04:00:00,75.3,75.3,52.8,45.5,0,0,,0,0,7.6,4.5,319.1,1007,32.6,,0,0,0,,Partially cloudy,partly-cloudy-night,remote
"Bhopal, Madhya Pradesh, India",2024-04-07T05:00:00,75.2,75.2,45.3,34.46,0,0,,0,0,10.1,3.4,270,1008.2,84.3,3.2,0,0,0,,Partially cloudy,partly-cloudy-night,"VABP,42667099999"
"Bhopal, Madhya Pradesh, India",2024-04-07T06:00:00,73.4,73.4,42.8,33.32,0,0,,0,0,11.9,11.4,300,1009,50,3.7,0,0,0,,Partially cloudy,partly-cloudy-night,"VABP,42667099999"
"Bhopal, Madhya Pradesh, India",2024-04-07T07:00:00,77,77,46.4,33.88,0,0,,0,0,12.1,2.2,220,1011,88.9,3.7,5.4,0,0,,Partially cloudy,partly-cloudy-day,"VABP,42667099999"
"Bhopal, Madhya Pradesh, India",2024-04-07T08:00:00,78,78,54.9,44.97,0,0,,0,0,9.6,3.3,141,1010.7,64.1,2.9,123.8,0.4,1,,Partially cloudy,partly-cloudy-day,"VABP,42672099999,42667099999,42763099999"
"Bhopal, Madhya Pradesh, India",2024-04-07T09:00:00,80.6,79.9,50,34.45,0,0,,0,0,10.1,4.7,190,1012,50,3.1,348.7,1.3,3,,Partially cloudy,partly-cloudy-day,"VABP,42667099999"
"Bhopal, Madhya Pradesh, India",2024-04-07T10:00:00,87.8,84.4,42.8,20.82,0,0,,0,0,10.7,3.4,310,1012,50,3.1,522.6,1.9,5,,Partially cloudy,partly-cloudy-day,"VABP,42667099999"
"Bhopal, Madhya Pradesh, India",2024-04-07T11:00:00,89.9,86.5,46.9,22.76,0,0,,0,0,11.4,5.7,315,1010.3,54.5,3.1,705.7,2.5,7,,Partially cloudy,partly-cloudy-day,"VABP,42667099999,42763099999"
"Bhopal, Madhya Pradesh, India",2024-04-07T12:00:00,89.6,85.9,42.8,19.67,0,0,,0,0,12.8,2.2,140,1011,50,3.7,759,2.7,8,,Partially cloudy,partly-cloudy-day,"VABP,42667099999"
"Bhopal, Madhya Pradesh, India",2024-04-07T13:00:00,93.2,89.2,42.8,17.58,0,0,,0,0,13,5.8,140,1010,50,3.7,850.3,3.1,9,,Partially cloudy,partly-cloudy-day,"VABP,42667099999"
"Bhopal, Madhya Pradesh, India",2024-04-07T14:00:00,92.3,88.1,39.2,15.77,0,0,,0,0,17.2,5.8,105,1007.3,74.8,3.1,912.4,3.3,9,,Partially cloudy,partly-cloudy-day,"VABP,42667099999,42763099999"
"Bhopal, Madhya Pradesh, India",2024-04-07T15:00:00,95,90.7,41,15.51,0,0,,0,0,19.5,6.9,190,1008,88.9,3.7,858.7,3.1,9,,Partially cloudy,partly-cloudy-day,"VABP,42667099999"
"Bhopal, Madhya Pradesh, India",2024-04-07T16:00:00,95,90.6,39.2,14.47,0,0,,0,0,20.4,6.9,200,1008,50,3.7,700.4,2.5,7,,Partially cloudy,partly-cloudy-day,"VABP,42667099999"
"Bhopal, Madhya Pradesh, India",2024-04-07T17:00:00,93.3,89.1,41.1,16.43,0,0,,0,0,20.8,9,270,1007.9,49.7,3.2,493.3,1.8,5,,Partially cloudy,partly-cloudy-day,"VABP,42672099999,42667099999,42763099999"
"Bhopal, Madhya Pradesh, India",2024-04-07T18:00:00,89.6,85.7,39.2,17.11,0,0,,0,0,21.3,8.1,270,1008,50,3.7,230,0.8,2,,Partially cloudy,partly-cloudy-day,"VABP,42667099999"
"Bhopal, Madhya Pradesh, India",2024-04-07T19:00:00,86.8,83.6,42.7,21.36,0,0,,0,0,12.5,6.9,137,1009,50,2.5,75.7,0.3,0,,Partially cloudy,partly-cloudy-night,"VABP,42667099999"
"Bhopal, Madhya Pradesh, India",2024-04-07T20:00:00,82.6,81.7,53.9,37.2,0,0,,0,0,7.4,6.9,90,1008.4,84.3,2.8,0.2,0,0,,Partially cloudy,partly-cloudy-night,"VABP,42667099999"
"Bhopal, Madhya Pradesh, India",2024-04-07T21:00:00,80.6,79.9,50,34.45,0,0,,0,0,7.6,5.8,100,1010,88.9,3.1,0,0,0,,Partially cloudy,partly-cloudy-night,"VABP,42667099999"
"Bhopal, Madhya Pradesh, India",2024-04-07T22:00:00,80.6,79.9,50,34.45,0,0,,0,0,6.7,4.7,70,1011,88.9,3.1,0,0,0,,Partially cloudy,partly-cloudy-night,"VABP,42667099999"
"Bhopal, Madhya Pradesh, India",2024-04-07T23:00:00,78.9,78.9,51.1,37.94,0,0,,0,0,8.3,4.7,355,1009.4,50,2.8,0,0,0,,Partially cloudy,partly-cloudy-night,"VABP,42667099999"
"Bhopal, Madhya Pradesh, India",2024-04-08T00:00:00,79.6,79.6,55.5,43.53,0,0,,0,0,9.2,5.6,193.6,1009,5.9,,0,0,0,,Clear,clear-night,remote
"Bhopal, Madhya Pradesh, India",2024-04-08T01:00:00,78.7,78.7,55.3,44.54,0,0,,0,0,8.3,5.4,200,1008,0.2,,0,0,0,,Clear,clear-night,remote
"Bhopal, Madhya Pradesh, India",2024-04-08T02:00:00,77.3,77.3,58.4,52.16,0,0,,0,0,6.9,5.8,360,1006.7,50,1.2,0,0,0,,Partially cloudy,partly-cloudy-night,42667099999
"Bhopal, Madhya Pradesh, India",2024-04-08T03:00:00,75.1,75.1,57.1,53.56,0,0,,0,0,4,3.4,335.3,1008,3.8,,0,0,0,,Clear,clear-night,remote
"Bhopal, Madhya Pradesh, India",2024-04-08T04:00:00,71.7,71.7,56.9,59.7,0,0,,0,0,6.9,1.1,12.5,1008,16.3,,0,0,0,,Clear,clear-night,remote
"Bhopal, Madhya Pradesh, India",2024-04-08T05:00:00,74.6,74.6,54.5,49.58,0,0,,0,0,7.4,5.8,70,1008.8,50,1.9,0,0,0,,Partially cloudy,partly-cloudy-night,"VABP,42667099999"
"Bhopal, Madhya Pradesh, India",2024-04-08T06:00:00,73.4,73.4,51.8,46.74,0,0,,0,0,5.6,5.8,90,1011,88.9,2.5,0,0,0,,Partially cloudy,partly-cloudy-night,"VABP,42667099999"
"Bhopal, Madhya Pradesh, India",2024-04-08T07:00:00,77,77,51.8,41.45,0,0,,0,0,5.6,6.9,80,1012,88.9,2.5,5.6,0,0,,Partially cloudy,partly-cloudy-day,"VABP,42667099999"
"Bhopal, Madhya Pradesh, India",2024-04-08T08:00:00,82.3,81.2,52.3,35.55,0,0,,0,0,8.5,7.9,51,1011.7,45.2,3.2,117.8,0.4,1,,Partially cloudy,partly-cloudy-day,"VABP,42672099999,42667099999,42763099999"
"Bhopal, Madhya Pradesh, India",2024-04-08T09:00:00,84.2,82.5,51.8,32.77,0,0,,0,0,9.6,9.2,50,1014,50,3.7,306.5,1.1,3,,Partially cloudy,partly-cloudy-day,"VABP,42667099999"
"Bhopal, Madhya Pradesh, India",2024-04-08T10:00:00,86,83.6,50,28.94,0,0,,0,0,12.8,10.3,50,1014,50,3.7,539.8,1.9,5,,Partially cloudy,partly-cloudy-day,"VABP,42667099999"
"Bhopal, Madhya Pradesh, India",2024-04-08T11:00:00,89.7,87.6,54.2,29.97,0,0,,0,0,14.5,6.9,70,1012,45.3,3.1,699.4,2.5,7,,Partially cloudy,partly-cloudy-day,"VABP,42667099999,42763099999"
"Bhopal, Madhya Pradesh, India",2024-04-08T12:00:00,93.2,88.9,39.2,15.29,0,0,,0,0,14.8,6.9,60,1013,50,3.7,859.2,3.1,9,,Partially cloudy,partly-cloudy-day,"VABP,42667099999"
"Bhopal, Madhya Pradesh, India",2024-04-08T13:00:00,93.2,89.6,46.4,20.16,0,0,,0,0,13.6,4.7,60,1012,50,3.7,801.9,2.9,8,,Partially cloudy,partly-cloudy-day,"VABP,42667099999"
"Bhopal, Madhya Pradesh, India",2024-04-08T14:00:00,93.9,91.1,51.7,24.04,0,0,,0,0,12.3,4.7,51,1008.9,49.9,3.1,972.2,3.5,10,,Partially cloudy,partly-cloudy-day,"VABP,42667099999,42763099999"
"Bhopal, Madhya Pradesh, India",2024-04-08T15:00:00,91.4,88.1,48.2,22.82,0,0,,0,0,12.3,3.4,40,1010,88.9,3.7,806.4,2.9,8,,Partially cloudy,partly-cloudy-day,"VABP,42667099999"
"Bhopal, Madhya Pradesh, India",2024-04-08T16:00:00,78.8,78.8,53.6,41.73,0,0,,0,0,12.1,10.3,260,1011,88.9,2.5,692.3,2.5,7,,Partially cloudy,partly-cloudy-day,"VABP,42667099999"
"Bhopal, Madhya Pradesh, India",2024-04-08T17:00:00,80.3,80.6,57.3,45.54,0.197,100,rain,0,0,12.5,6.8,26,1008.8,64.3,3.1,445.4,1.6,4,,"Rain, Partially cloudy",rain,"VABP,42672099999,42667099999,42763099999"
"Bhopal, Madhya Pradesh, India",2024-04-08T18:00:00,84.2,82.5,51.8,32.77,0,0,,0,0,13.2,3.4,20,1010,50,3.7,229.9,0.8,2,,Partially cloudy,partly-cloudy-day,"VABP,42667099999"
"Bhopal, Madhya Pradesh, India",2024-04-08T19:00:00,80.6,80.5,55.4,42,0,0,,0,0,11,8.1,80,1011,50,3.7,62.1,0.2,0,,Partially cloudy,partly-cloudy-night,"VABP,42667099999"
"Bhopal, Madhya Pradesh, India",2024-04-08T20:00:00,78.8,78.8,57.6,48.2,0,0,,0,0,7.6,5.8,55,1010.7,54.6,3.2,0.2,0,0,,Partially cloudy,partly-cloudy-night,"VABP,42667099999"
"Bhopal, Madhya Pradesh, India",2024-04-08T21:00:00,78.8,78.8,53.6,41.73,0,0,,0,0,8.9,8.1,70,1012,50,3.7,0,0,0,,Partially cloudy,partly-cloudy-night,"VABP,42667099999"
"Bhopal, Madhya Pradesh, India",2024-04-08T22:00:00,77,77,53.6,44.28,0,0,,0,0,10.3,11.4,80,1013,50,3.7,0,0,0,,Partially cloudy,partly-cloudy-night,"VABP,42667099999"
"Bhopal, Madhya Pradesh, India",2024-04-08T23:00:00,77,77,55.1,46.78,0,0,,0,0,12.3,13.9,70,1011.8,50,3.2,0,0,0,,Partially cloudy,partly-cloudy-night,"VABP,42667099999"
"Bhopal, Madhya Pradesh, India",2024-04-09T00:00:00,80.1,80.5,57.1,45.35,0,0,,0,0,13.4,7.6,126.2,1011,31,,0,0,0,,Partially cloudy,partly-cloudy-night,remote
"Bhopal, Madhya Pradesh, India",2024-04-09T01:00:00,79.2,79.2,55.5,44.05,0,0,,0,0,13.9,7.6,131.4,1010,52.9,,0,0,0,,Partially cloudy,partly-cloudy-night,remote
"Bhopal, Madhya Pradesh, India",2024-04-09T02:00:00,73.7,73.7,62.7,68.56,0,0,,0,0,13,9.2,70,1009.1,40,2.5,0,0,0,,Partially cloudy,partly-cloudy-night,42667099999
"Bhopal, Madhya Pradesh, India",2024-04-09T03:00:00,75.6,75.6,58.2,54.69,0,0,,0,0,12.3,6,139.2,1010,40.7,,0,0,0,,Partially cloudy,partly-cloudy-night,remote
"Bhopal, Madhya Pradesh, India",2024-04-09T04:00:00,74.9,74.9,60.9,61.68,0,0,,0,0,10.7,4.5,145.8,1009,36.3,,0,0,0,,Partially cloudy,partly-cloudy-night,remote
"Bhopal, Madhya Pradesh, India",2024-04-09T05:00:00,73.6,73.6,63.6,70.95,0,0,,0,0,9.8,8.1,110,1010.1,45.4,3.2,0,0,0,,Partially cloudy,partly-cloudy-night,"VABP,42667099999"
"Bhopal, Madhya Pradesh, India",2024-04-09T06:00:00,77.1,77.1,63.2,62.34,0,0,,0,0,10.1,6.3,157.8,1010,35.5,,0,0,0,,Partially cloudy,partly-cloudy-night,remote
"Bhopal, Madhya Pradesh, India",2024-04-09T07:00:00,77,77,60.8,57.39,0,0,,0,0,10.3,9.2,100,1013,0,3.1,5.7,0,0,,Clear,clear-day,"VABP,42667099999"
"Bhopal, Madhya Pradesh, India",2024-04-09T08:00:00,80.3,81.5,62.4,54.54,0,0,,0,0,12.5,13.3,111,1011,10.2,2.6,127.4,0.5,1,,Clear,clear-day,"42672099999,42667099999,42763099999"
"Bhopal, Madhya Pradesh, India",2024-04-09T09:00:00,78.2,78.2,61.8,57.19,0,0,,0,0,17,7.8,166.6,1012,2.7,,360.1,1.3,4,,Clear,clear-day,remote
"Bhopal, Madhya Pradesh, India",2024-04-09T10:00:00,79.8,79.8,62.7,55.97,0,0,,0,0,19.9,8.9,170.1,1012,2.3,,573,2.1,6,,Clear,clear-day,remote
"Bhopal, Madhya Pradesh, India",2024-04-09T11:00:00,91.7,91.7,60.9,35.96,0,0,,0,0,21,9.1,110,1012,1.9,3.1,747.5,2.7,7,,Clear,clear-day,"VABP,42667099999,42763099999"
"Bhopal, Madhya Pradesh, India",2024-04-09T12:00:00,91.1,92.6,63.8,40.44,0,0,,0,0,21.3,8.5,169.1,1012,12.3,,912.3,3.3,9,,Clear,clear-day,remote
"Bhopal, Madhya Pradesh, India",2024-04-09T13:00:00,91.7,92.5,62.5,38.04,0,0,,0,0,18.3,5.4,161.6,1011,39.8,,805,2.9,8,,Partially cloudy,partly-cloudy-day,remote
"Bhopal, Madhya Pradesh, India",2024-04-09T14:00:00,93.5,92.4,57.7,30.26,0,0,,0,0,14.8,8,85,1008.8,88.7,2.8,820.5,3,8,,Partially cloudy,partly-cloudy-day,"VABP,42667099999,42763099999"
"Bhopal, Madhya Pradesh, India",2024-04-09T15:00:00,94.4,94.3,60.2,32.21,0,0,,0,0,12.1,2.9,154.4,1009,60.3,,751.2,2.7,8,,Partially cloudy,partly-cloudy-day,remote
"Bhopal, Madhya Pradesh, India",2024-04-09T16:00:00,78.9,78.9,55.5,44.57,0,0,,0,0,11.2,9.2,320,1011,90,3.7,548.4,2,5,,Partially cloudy,partly-cloudy-day,42667099999
"Bhopal, Madhya Pradesh, India",2024-04-09T17:00:00,79.8,79.8,57.9,47.18,0.039,100,rain,0,0,10.1,3.3,355,1008.7,89.1,2.8,403.4,1.5,4,,"Rain, Partially cloudy",rain,"VABP,42672099999,42667099999,42763099999"
"Bhopal, Madhya Pradesh, India",2024-04-09T18:00:00,78.8,78.8,55.4,44.56,0,0,,0,0,11.6,16.1,60,1011,88.9,3.1,199.1,0.7,2,,Partially cloudy,partly-cloudy-day,"VABP,42667099999"
"Bhopal, Madhya Pradesh, India",2024-04-09T19:00:00,77,77,60.8,57.39,0,0,,0,0,9.8,10.3,90,1011,88.9,3.1,49.2,0.2,0,,Partially cloudy,partly-cloudy-night,"VABP,42667099999"
"Bhopal, Madhya Pradesh, India",2024-04-09T20:00:00,76.9,76.9,57.2,50.76,0,0,,0,0,9.6,10.3,105,1010.9,88.9,2.8,0.2,0,0,,Partially cloudy,partly-cloudy-night,"VABP,42667099999"
"Bhopal, Madhya Pradesh, India",2024-04-09T21:00:00,77,77,57.2,50.46,0,0,,0,0,6.7,9.2,50,1013,88.9,3.1,0,0,0,,Partially cloudy,partly-cloudy-night,"VABP,42667099999"
"Bhopal, Madhya Pradesh, India",2024-04-09T22:00:00,75.2,75.2,59,57.15,0,0,,0,0,10.7,11.4,90,1013,88.9,3.1,0,0,0,,Partially cloudy,partly-cloudy-night,"VABP,42667099999"
"Bhopal, Madhya Pradesh, India",2024-04-09T23:00:00,73.9,73.9,62.7,68.12,0,0,,0,0,14.3,10.3,90,1010.2,68.6,2.8,0,0,0,,Partially cloudy,partly-cloudy-night,"VABP,42667099999"
"Bhopal, Madhya Pradesh, India",2024-04-10T00:00:00,76.2,76.2,61.8,61.06,0,0,,0,0,14.8,9.4,139.7,1013,35.9,,0,0,0,,Partially cloudy,partly-cloudy-night,remote
"Bhopal, Madhya Pradesh, India",2024-04-10T01:00:00,75.5,75.5,62.7,64.56,0,0,,0,0,16.6,8.3,135.3,1012,32.3,,0,0,0,,Partially cloudy,partly-cloudy-night,remote
"Bhopal, Madhya Pradesh, India",2024-04-10T02:00:00,72.8,72.8,62.3,69.78,0,0,,0,0,13.9,11.4,140,1009.6,90,2.5,0,0,0,,Partially cloudy,partly-cloudy-night,42667099999
"Bhopal, Madhya Pradesh, India",2024-04-10T03:00:00,74.2,74.2,64.7,72.17,0,0,,0,0,14.8,8.5,144.1,1011,29.4,,0,0,0,,Partially cloudy,partly-cloudy-night,remote
"Bhopal, Madhya Pradesh, India",2024-04-10T04:00:00,72.1,72.1,65.4,79.58,0,0,,0,0,16.8,9.6,170.5,1011,48.3,,0,0,0,,Partially cloudy,partly-cloudy-night,remote
"Bhopal, Madhya Pradesh, India",2024-04-10T05:00:00,71.7,71.7,66.9,85.07,0,0,,0,0,16.3,10.3,110,1012.1,68.6,2.8,0,0,0,,Partially cloudy,partly-cloudy-night,"VABP,42667099999"
"Bhopal, Madhya Pradesh, India",2024-04-10T06:00:00,75.8,75.8,65.7,70.99,0,0,,0,0,14.3,7.2,188.8,1012,40.5,,0,0,0,,Partially cloudy,partly-cloudy-night,remote
"Bhopal, Madhya Pradesh, India",2024-04-10T07:00:00,75.2,75.2,69.8,83.34,0,0,,0,0,12.5,8.1,80,1013,88.9,3.1,6.1,0,0,,Partially cloudy,partly-cloudy-day,"VABP,42667099999"
"Bhopal, Madhya Pradesh, India",2024-04-10T08:00:00,77.8,77.8,65.6,66.15,0,0,,0,0,14.3,9,90,1012.7,30.1,3.2,120.5,0.4,1,,Partially cloudy,partly-cloudy-day,"VABP,42672099999,42667099999,42763099999"
"Bhopal, Madhya Pradesh, India",2024-04-10T09:00:00,79.1,79.1,64.8,61.81,0,0,,0,0,17,7.4,204.3,1013,30.7,,339.3,1.2,3,,Partially cloudy,partly-cloudy-day,remote
"Bhopal, Madhya Pradesh, India",2024-04-10T10:00:00,79.6,79.6,65,61.11,0,0,,0,0,18.8,6.9,210.9,1012,46.2,,568.9,2,6,,Partially cloudy,partly-cloudy-day,remote
"Bhopal, Madhya Pradesh, India",2024-04-10T11:00:00,90.4,91.8,63.7,41.26,0,0,,0,0,20.4,6.9,139,1012.2,30.6,3.1,710.7,2.6,7,,Partially cloudy,partly-cloudy-day,"VABP,42667099999,42763099999"
"Bhopal, Madhya Pradesh, India",2024-04-10T12:00:00,89,91.6,66.3,47.25,0,0,,0,0,20.6,5.4,240,1012,87.1,,709,2.6,7,,Partially cloudy,partly-cloudy-day,remote
"Bhopal, Madhya Pradesh, India",2024-04-10T13:00:00,89.9,92.2,65.6,44.8,0,0,,0,0,16.1,3.8,252.6,1011,57.4,,841.3,3,8,,Partially cloudy,partly-cloudy-day,remote
"Bhopal, Madhya Pradesh, India",2024-04-10T14:00:00,89.6,89.6,60.8,38.22,0,0,,0,0,13.9,2.2,200,1009.2,88.9,3.1,829.6,3,8,,Partially cloudy,partly-cloudy-day,"VABP,42667099999,42763099999"
"Bhopal, Madhya Pradesh, India",2024-04-10T15:00:00,82.5,85.5,68.1,61.85,0,0,,0,0,12.1,23,310,1011,90,2.5,638.6,2.3,6,,Partially cloudy,partly-cloudy-day,42667099999
"Bhopal, Madhya Pradesh, India",2024-04-10T16:00:00,76.7,76.7,69.2,77.52,0,0,,0,0,22.8,7.8,347.4,1011,97.3,,440.2,1.6,4,,Overcast,cloudy,remote
"Bhopal, Madhya Pradesh, India",2024-04-10T17:00:00,69.1,69.1,67.8,95.62,1.102,100,rain,0,0,23.3,10.1,231,1011.3,89.1,1.6,304.2,1.1,3,,"Rain, Partially cloudy",rain,"VABP,42672099999,42667099999,42763099999"
"Bhopal, Madhya Pradesh, India",2024-04-10T18:00:00,78.7,78.7,66.8,66.99,0,0,,0,0,18.3,4.7,36.5,1010,100,,133.2,0.5,1,,Overcast,cloudy,remote
"Bhopal, Madhya Pradesh, India",2024-04-10T19:00:00,80.5,82.9,67.2,63.95,0,0,,0,0,9.2,0.9,165.8,1010,99.8,,39.8,0.1,0,,Overcast,cloudy,remote
"Bhopal, Madhya Pradesh, India",2024-04-10T20:00:00,69.8,69.8,66.2,88.23,0,0,,0,0,8.7,11.4,115,1012.2,88.9,2.2,0.2,0,0,,Partially cloudy,partly-cloudy-night,"VABP,42667099999"
"Bhopal, Madhya Pradesh, India",2024-04-10T21:00:00,76,76,67,73.71,0,0,,0,0,8.1,4.3,182.9,1012,97.3,,0,0,0,,Overcast,cloudy,remote
"Bhopal, Madhya Pradesh, India",2024-04-10T22:00:00,75.5,75.5,67.4,75.98,0,0,,0,0,7.2,3.6,144,1012,95.8,,0,0,0,,Overcast,cloudy,remote
"Bhopal, Madhya Pradesh, India",2024-04-10T23:00:00,68.7,68.7,66.3,92.24,0,0,,0,0,5.8,5.8,110,1012.1,68.6,2.8,0,0,0,,Partially cloudy,partly-cloudy-night,"VABP,42667099999"
"Bhopal, Madhya Pradesh, India",2024-04-11T00:00:00,71.9,71.9,67.2,85.22,0.047,100,rain,0,0,5.4,7.4,155.2,1012,92.5,,0,0,0,,"Rain, Overcast",rain,remote
"Bhopal, Madhya Pradesh, India",2024-04-11T01:00:00,71.1,71.1,66.1,84.12,0,0,,0,0,13.2,6.5,154.5,1012,90.9,,0,0,0,,Overcast,cloudy,remote
"Bhopal, Madhya Pradesh, India",2024-04-11T02:00:00,67.8,67.8,66.3,94.79,0,0,,0,0,11.4,5.8,345,1012.2,40,2.8,0,0,0,,Partially cloudy,partly-cloudy-night,"VABP,42667099999"
"Bhopal, Madhya Pradesh, India",2024-04-11T03:00:00,70.1,70.1,63.8,80.44,0,0,,0,0,9.8,6,161.6,1011,99.3,,0,0,0,,Overcast,cloudy,remote
"Bhopal, Madhya Pradesh, India",2024-04-11T04:00:00,70.2,70.2,63.8,79.95,0,0,,0,0,11.2,5.4,166,1012,89.9,,0,0,0,,Partially cloudy,partly-cloudy-night,remote
"Bhopal, Madhya Pradesh, India",2024-04-11T05:00:00,67.4,67.4,65.2,92.6,0,0,,0,0,12.1,3.4,320,1012.3,45.4,2.8,0,0,0,,Partially cloudy,partly-cloudy-night,"VABP,42667099999"
"Bhopal, Madhya Pradesh, India",2024-04-11T06:00:00,68,68,68,100,0,0,,0,0,11.9,6.9,70,1014,50,1.9,0,0,0,,Partially cloudy,partly-cloudy-night,"VABP,42667099999"
"Bhopal, Madhya Pradesh, India",2024-04-11T07:00:00,71.6,71.6,71.6,100,0,0,,0,0,11.4,8.1,70,1014,50,1.9,7.1,0,0,,Partially cloudy,partly-cloudy-day,"VABP,42667099999"
"Bhopal, Madhya Pradesh, India",2024-04-11T08:00:00,73.4,73.4,69.4,87.31,0,0,,0,0,13.4,6.8,70,1014.1,45.3,2,128.8,0.5,1,,Partially cloudy,partly-cloudy-day,"VABP,42672099999,42667099999,42763099999"
"Bhopal, Madhya Pradesh, India",2024-04-11T09:00:00,75.2,75.2,75.2,100,0,0,,0,0,17.4,11.4,90,1015,50,3.1,317,1.1,3,,Partially cloudy,partly-cloudy-day,"VABP,42667099999"
"Bhopal, Madhya Pradesh, India",2024-04-11T10:00:00,77,77,77,100,0,0,,0,0,18.6,9.2,100,1016,88.9,3.1,444.2,1.6,4,,Partially cloudy,partly-cloudy-day,"VABP,42667099999"
"Bhopal, Madhya Pradesh, India",2024-04-11T11:00:00,80.7,87.2,76.9,88.49,0,0,,0,0,19,8,115,1013.8,88.9,2.8,646.2,2.3,6,,Partially cloudy,partly-cloudy-day,"VABP,42667099999,42763099999"
"Bhopal, Madhya Pradesh, India",2024-04-11T12:00:00,84.2,88.4,69.8,62.06,0,0,,0,0,19.5,9.2,110,1014,50,3.1,867.3,3.1,9,,Partially cloudy,partly-cloudy-day,"VABP,42667099999"
"Bhopal, Madhya Pradesh, India",2024-04-11T13:00:00,87.8,90.3,66.2,48.88,0,0,,0,0,17.9,10.3,130,1014,88.9,3.1,869.2,3.1,9,,Partially cloudy,partly-cloudy-day,"VABP,42667099999"
"Bhopal, Madhya Pradesh, India",2024-04-11T14:00:00,86,88.4,66.2,51.72,0,0,,0,0,16.1,8,135,1012.3,55.4,2.8,750,2.7,8,,Partially cloudy,partly-cloudy-day,"VABP,42667099999,42763099999"
"Bhopal, Madhya Pradesh, India",2024-04-11T15:00:00,87.8,90.3,66.2,48.88,0,0,,0,0,15.2,6.9,130,1013,50,3.1,761.7,2.7,8,,Partially cloudy,partly-cloudy-day,"VABP,42667099999"
"Bhopal, Madhya Pradesh, India",2024-04-11T16:00:00,86,88.4,66.2,51.76,0,0,,0,0,14.1,6.9,120,1012,27.3,3.7,686.8,2.5,7,,Partially cloudy,partly-cloudy-day,"VABP,42667099999"
"Bhopal, Madhya Pradesh, India",2024-04-11T17:00:00,86.9,88.8,65.1,48.41,0,0,,0,0,14.1,7.9,140,1009.4,41.2,3.2,498.7,1.8,5,,Partially cloudy,partly-cloudy-day,"VABP,42672099999,42667099999,42763099999"
"Bhopal, Madhya Pradesh, India",2024-04-11T18:00:00,84.2,86.5,66.2,54.83,0,0,,0,0,13.4,4.7,130,1012,27.3,3.7,207,0.7,2,,Partially cloudy,partly-cloudy-day,"VABP,42667099999"
"Bhopal, Madhya Pradesh, India",2024-04-11T19:00:00,82.4,85.4,68,61.84,0,0,,0,0,12.3,4.7,100,1012,0,3.7,59.9,0.2,0,,Clear,clear-night,"VABP,42667099999"
"Bhopal, Madhya Pradesh, India",2024-04-11T20:00:00,80.4,83.3,68.8,67.84,0,0,,0,0,13.2,8.1,85,1011.9,45.4,3.2,0.2,0,0,,Partially cloudy,partly-cloudy-night,"VABP,42667099999"
"Bhopal, Madhya Pradesh, India",2024-04-11T21:00:00,78.8,78.8,62.6,57.63,0,0,,0,0,7.4,9.2,80,1014,50,3.7,0,0,0,,Partially cloudy,partly-cloudy-night,"VABP,42667099999"
"Bhopal, Madhya Pradesh, India",2024-04-11T22:00:00,78.8,78.8,62.6,57.63,0,0,,0,0,7.2,6.9,100,1015,50,3.7,0,0,0,,Partially cloudy,partly-cloudy-night,"VABP,42667099999"
"Bhopal, Madhya Pradesh, India",2024-04-11T23:00:00,78.6,78.6,63,58.81,0,0,,0,0,8.9,4.7,110,1013,50,3.2,0,0,0,,Partially cloudy,partly-cloudy-night,"VABP,42667099999"
"Bhopal, Madhya Pradesh, India",2024-04-12T00:00:00,75.6,75.6,68.6,78.88,0,0,,0,0,12.3,3.6,123.2,1012,87.6,,0,0,0,,Partially cloudy,partly-cloudy-night,remote
"Bhopal, Madhya Pradesh, India",2024-04-12T01:00:00,75.6,75.6,67.2,75.06,0,0,,0,0,5.4,3.4,117.6,1012,88.9,,0,0,0,,Partially cloudy,partly-cloudy-night,remote
"Bhopal, Madhya Pradesh, India",2024-04-12T02:00:00,76.7,76.7,66.5,70.64,0.079,100,rain,0,0,6.3,5.8,180,1011,60,2.5,0,0,0,,"Rain, Partially cloudy",rain,42667099999
"Bhopal, Madhya Pradesh, India",2024-04-12T03:00:00,74.4,74.4,66.8,77.32,0,0,,0,0,7.8,4.5,152.5,1011,48.3,,0,0,0,,Partially cloudy,partly-cloudy-night,remote
"Bhopal, Madhya Pradesh, India",2024-04-12T04:00:00,73.7,73.7,66.5,78.23,0,0,,0,0,8.9,5.8,169.2,1012,35.4,,0,0,0,,Partially cloudy,partly-cloudy-night,remote
"Bhopal, Madhya Pradesh, India",2024-04-12T05:00:00,69.6,69.6,67.8,93.88,0,0,,0,0,9.2,0,0,1012.3,54.6,2.8,0,0,0,,Partially cloudy,partly-cloudy-night,"VABP,42667099999"
"Bhopal, Madhya Pradesh, India",2024-04-12T06:00:00,69.8,69.8,69.8,100,0,0,,0,0,8.9,2.2,300,1014,50,3.1,0,0,0,,Partially cloudy,partly-cloudy-night,"VABP,42667099999"
"Bhopal, Madhya Pradesh, India",2024-04-12T07:00:00,71.6,71.6,69.8,94.06,0,0,,0,0,8.1,3.4,300,1014,50,3.1,8.1,0,0,,Partially cloudy,partly-cloudy-day,"VABP,42667099999"
"Bhopal, Madhya Pradesh, India",2024-04-12T08:00:00,75.2,75.2,71.4,87.75,0,0,,0,0,11,9,115,1013.8,50,2.9,132.1,0.5,1,,Partially cloudy,partly-cloudy-day,"VABP,42672099999,42667099999,42763099999"
"Bhopal, Madhya Pradesh, India",2024-04-12T09:00:00,80.6,84.6,71.6,74.14,0,0,,0,0,13.9,9.2,130,1015,50,3.1,353,1.3,4,,Partially cloudy,partly-cloudy-day,"VABP,42667099999"
"Bhopal, Madhya Pradesh, India",2024-04-12T10:00:00,84.2,85.7,64.4,51.5,0,0,,0,0,16.6,10.3,130,1015,27.3,3.7,580.5,2.1,6,,Partially cloudy,partly-cloudy-day,"VABP,42667099999"
"Bhopal, Madhya Pradesh, India",2024-04-12T11:00:00,86.3,87.1,62.8,45.62,0,0,,0,0,18.1,9.1,115,1012.6,18.2,3.1,767.6,2.8,8,,Clear,clear-day,"VABP,42667099999,42763099999"
"Bhopal, Madhya Pradesh, India",2024-04-12T12:00:00,87.2,88.5,63.9,46.11,0,0,,0,0,18.6,6.7,167.5,1013,21.6,,881.3,3.2,9,,Partially cloudy,partly-cloudy-day,remote
"Bhopal, Madhya Pradesh, India",2024-04-12T13:00:00,89.6,89.5,60.8,38.21,0,0,,0,0,16.3,11.4,110,1013,27.3,3.7,939.7,3.4,9,,Partially cloudy,partly-cloudy-day,"VABP,42667099999"
"Bhopal, Madhya Pradesh, India",2024-04-12T14:00:00,91.4,92.1,62.3,38.14,0,0,,0,0,15.7,11.4,110,1010.1,36.6,3.1,841,3,8,,Partially cloudy,partly-cloudy-day,"VABP,42667099999,42763099999"
"Bhopal, Madhya Pradesh, India",2024-04-12T15:00:00,91.4,90.7,59,33.87,0,0,,0,0,15.4,9.2,140,1011,27.3,3.7,721.2,2.6,7,,Partially cloudy,partly-cloudy-day,"VABP,42667099999"
"Bhopal, Madhya Pradesh, India",2024-04-12T16:00:00,89.6,88.9,59,35.84,0,0,,0,0,15.2,10.3,130,1010,27.3,3.7,634.2,2.3,6,,Partially cloudy,partly-cloudy-day,"VABP,42667099999"
"Bhopal, Madhya Pradesh, India",2024-04-12T17:00:00,82.8,83.7,62.5,50.34,0.079,100,rain,0,0,14.3,6.9,143,1009.8,41.2,3.2,444.2,1.6,4,,"Rain, Partially cloudy",rain,"VABP,42672099999,42667099999,42763099999"
"Bhopal, Madhya Pradesh, India",2024-04-12T18:00:00,87.8,87.8,60.8,40.45,0,0,,0,0,15.9,8.1,100,1010,50,3.7,228.4,0.8,2,,Partially cloudy,partly-cloudy-day,"VABP,42667099999"
"Bhopal, Madhya Pradesh, India",2024-04-12T19:00:00,73.4,73.4,69.8,88.52,0,0,,0,0,13.4,9.2,350,1011,27.3,3.7,66.9,0.2,0,,Partially cloudy,partly-cloudy-night,"VABP,42667099999"
"Bhopal, Madhya Pradesh, India",2024-04-12T20:00:00,75,75,60.9,61.46,0,0,,0,0,12.1,4.7,20,1011,63.9,3.2,0.3,0,0,,Partially cloudy,partly-cloudy-night,"VABP,42667099999"
"Bhopal, Madhya Pradesh, India",2024-04-12T21:00:00,71.6,71.6,71.6,100,0,0,,0,0,12.5,8.1,200,1015,50,0.6,0,0,0,,Partially cloudy,fog,"VABP,42667099999"
"Bhopal, Madhya Pradesh, India",2024-04-12T22:00:00,69.8,69.8,69.8,100,0,0,,0,0,8.1,9.2,80,1014,50,1.9,0,0,0,,Partially cloudy,partly-cloudy-night,"VABP,42667099999"
"Bhopal, Madhya Pradesh, India",2024-04-12T23:00:00,69.9,69.9,68.6,95.8,0.236,100,rain,0,0,7.2,8.1,75,1013.3,68.6,2.8,0,0,0,,"Rain, Partially cloudy",rain,"VABP,42667099999"
"Bhopal, Madhya Pradesh, India",2024-04-13T00:00:00,73.1,73.1,67.6,82.69,0,0,,0,0,5.1,3.8,163.1,1011,31.8,,0,0,0,,Partially cloudy,partly-cloudy-night,remote
"Bhopal, Madhya Pradesh, India",2024-04-13T01:00:00,73.5,73.5,67.6,81.7,0,0,,0,0,6.7,4,157.6,1011,23.4,,0,0,0,,Partially cloudy,partly-cloudy-night,remote
"Bhopal, Madhya Pradesh, India",2024-04-13T02:00:00,69.9,69.9,69.5,98.78,0,0,,0,0,6.9,9.2,110,1011.5,90,2.5,0,0,0,,Partially cloudy,partly-cloudy-night,42667099999
"Bhopal, Madhya Pradesh, India",2024-04-13T03:00:00,73.3,73.3,67.9,83.22,0,0,,0,0,8.3,5.1,182.1,1010,21.3,,0,0,0,,Partially cloudy,partly-cloudy-night,remote
"Bhopal, Madhya Pradesh, India",2024-04-13T04:00:00,72.1,72.1,64.8,78.1,0,0,,0,0,9.8,5.8,177.7,1011,22.3,,0,0,0,,Partially cloudy,partly-cloudy-night,remote
"Bhopal, Madhya Pradesh, India",2024-04-13T05:00:00,69.8,69.8,68.5,95.79,0,0,,0,0,10.1,6.9,115,1011.2,9.7,2.8,0,0,0,,Clear,clear-night,"VABP,42667099999"
"Bhopal, Madhya Pradesh, India",2024-04-13T06:00:00,69.8,69.8,69.8,100,0,0,,0,0,9.8,10.3,130,1012,0,3.1,0,0,0,,Clear,clear-night,"VABP,42667099999"
"Bhopal, Madhya Pradesh, India",2024-04-13T07:00:00,71.6,71.6,71.6,100,0,0,,0,0,8.3,9.2,140,1013,27.3,3.1,8.8,0,0,,Partially cloudy,partly-cloudy-day,"VABP,42667099999"
"Bhopal, Madhya Pradesh, India",2024-04-13T08:00:00,76.4,76.4,70.9,83.27,0,0,,0,0,10.1,10.1,135,1012.8,74.7,2.9,125.8,0.5,1,,Partially cloudy,partly-cloudy-day,"VABP,42672099999,42667099999,42763099999"
"Bhopal, Madhya Pradesh, India",2024-04-13T09:00:00,80.6,86.2,75.2,83.68,0,0,,0,0,11.9,9.2,130,1014,88.9,3.7,318.3,1.1,3,,Partially cloudy,partly-cloudy-day,"VABP,42667099999"
"Bhopal, Madhya Pradesh, India",2024-04-13T10:00:00,82.4,89.5,75.2,78.92,0,0,,0,0,15,12.8,130,1014,50,3.7,554.8,2,6,,Partially cloudy,partly-cloudy-day,"VABP,42667099999"
"Bhopal, Madhya Pradesh, India",2024-04-13T11:00:00,84.7,90.9,72.5,66.91,0,0,,0,0,17.2,14.9,116,1011.6,18.2,3.1,725.8,2.6,7,,Clear,clear-day,"VABP,42667099999,42763099999"
"Bhopal, Madhya Pradesh, India",2024-04-13T12:00:00,86,93.4,73.4,66.18,0,0,,0,0,20.1,12.7,140,1013,27.3,3.7,749.3,2.7,7,,Partially cloudy,partly-cloudy-day,"VABP,42667099999"
"Bhopal, Madhya Pradesh, India",2024-04-13T13:00:00,89.6,98.2,73.4,59.04,0,0,,0,0,20.4,10.3,130,1012,27.3,3.7,891.3,3.2,9,,Partially cloudy,partly-cloudy-day,"VABP,42667099999"
"Bhopal, Madhya Pradesh, India",2024-04-13T14:00:00,89.7,94.9,69.7,51.83,0,0,,0,0,19.2,9.1,141,1009.2,45.4,3.1,828.2,3,8,,Partially cloudy,partly-cloudy-day,"VABP,42667099999,42763099999"
"Bhopal, Madhya Pradesh, India",2024-04-13T15:00:00,89.6,94.8,69.8,52.26,0,0,,0,0,17.2,4.7,130,1010,50,3.7,828.5,3,8,,Partially cloudy,partly-cloudy-day,"VABP,42667099999"
"Bhopal, Madhya Pradesh, India",2024-04-13T16:00:00,91.4,94.3,66.2,43.64,0,0,,0,0,15.7,8.1,130,1008,27.3,3.7,697.7,2.5,7,,Partially cloudy,partly-cloudy-day,"VABP,42667099999"
"Bhopal, Madhya Pradesh, India",2024-04-13T17:00:00,91.6,95.1,67.1,44.7,0,0,,0,0,14.3,7.9,160,1007.1,49.7,3.2,413,1.5,4,,Partially cloudy,partly-cloudy-day,"VABP,42672099999,42667099999,42763099999"
"Bhopal, Madhya Pradesh, India",2024-04-13T18:00:00,84.2,85,62.6,48.35,0,0,,0,0,13.9,15,90,1010,88.9,3.7,210.3,0.8,2,,Partially cloudy,partly-cloudy-day,"VABP,42667099999"
"Bhopal, Madhya Pradesh, India",2024-04-13T19:00:00,80.6,82.7,66.2,61.61,0,0,,0,0,14.1,10.3,90,1010,50,3.7,54.9,0.2,0,,Partially cloudy,partly-cloudy-night,"VABP,42667099999"
"Bhopal, Madhya Pradesh, India",2024-04-13T20:00:00,80.6,82.3,64.4,57.87,0,0,,0,0,10.5,10.3,110,1008.8,54.6,3.2,0.4,0,0,,Partially cloudy,partly-cloudy-night,"VABP,42667099999"
"Bhopal, Madhya Pradesh, India",2024-04-13T21:00:00,80.6,83.3,68,65.56,0,0,,0,0,6.5,4.7,100,1011,88.9,3.7,0,0,0,,Partially cloudy,partly-cloudy-night,"VABP,42667099999"
"Bhopal, Madhya Pradesh, India",2024-04-13T22:00:00,71.6,71.6,71.6,100,0,0,,0,0,3.8,11.4,320,1013,55.2,3.1,0,0,0,,Partially cloudy,partly-cloudy-night,"VABP,42667099999"
"Bhopal, Madhya Pradesh, India",2024-04-13T23:00:00,69.9,69.9,69,96.9,0.197,100,rain,0,0,7.6,10.3,20,1012.3,75,3.2,0,0,0,,"Rain, Partially cloudy",rain,"VABP,42667099999"
"Bhopal, Madhya Pradesh, India",2024-04-14T00:00:00,74.2,74.2,67.2,78.76,0.012,100,rain,0,0,10.5,2.5,124.3,1013,24.4,,0,0,0,,"Rain, Partially cloudy",rain,remote
"Bhopal, Madhya Pradesh, India",2024-04-14T01:00:00,73.8,73.8,67,79.23,0,0,,0,0,6,1.6,123.9,1012,30.8,,0,0,0,,Partially cloudy,partly-cloudy-night,remote
"Bhopal, Madhya Pradesh, India",2024-04-14T02:00:00,68.3,68.3,67.7,98.16,0,0,,0,0,5.6,11.4,320,1010.6,60,2.5,0,0,0,,Partially cloudy,partly-cloudy-night,42667099999
"Bhopal, Madhya Pradesh, India",2024-04-14T03:00:00,72.6,72.6,67.9,85.26,0,0,,0,0,3.6,1.8,167.8,1011,58.8,,0,0,0,,Partially cloudy,partly-cloudy-night,remote
"Bhopal, Madhya Pradesh, India",2024-04-14T04:00:00,70.6,70.6,68.8,94.04,0,0,,0,0,3.6,4,91,1012,83.7,,0,0,0,,Partially cloudy,partly-cloudy-night,remote
"Bhopal, Madhya Pradesh, India",2024-04-14T05:00:00,70.8,70.8,69.8,96.5,0,0,,0,0,6,13.9,20,1012.5,75,3.2,0,0,0,,Partially cloudy,partly-cloudy-night,"VABP,42667099999"
"Bhopal, Madhya Pradesh, India",2024-04-14T06:00:00,71.6,71.6,71.6,100,0,0,,0,0,7.8,12.8,100,1014,50,3.7,0,0,0,,Partially cloudy,partly-cloudy-night,"VABP,42667099999"
"Bhopal, Madhya Pradesh, India",2024-04-14T07:00:00,73.4,73.4,73.4,100,0,0,,0,0,9.4,4.7,100,1014,40.7,3.7,8.9,0,0,,Partially cloudy,partly-cloudy-day,"VABP,42667099999"
"Bhopal, Madhya Pradesh, India",2024-04-14T08:00:00,75.2,75.2,71.6,88.68,0,0,,0,0,11.9,9,85,1013.9,45.3,3.2,117.8,0.4,1,,Partially cloudy,partly-cloudy-day,"VABP,42672099999,42667099999,42763099999"
"Bhopal, Madhya Pradesh, India",2024-04-14T09:00:00,78.8,78.8,78.8,100,0,0,,0,0,14.1,8.1,110,1015,50,3.7,328.4,1.2,3,,Partially cloudy,partly-cloudy-day,"VABP,42667099999"
"Bhopal, Madhya Pradesh, India",2024-04-14T10:00:00,86,95.2,75.2,70.29,0,0,,0,0,16.6,8.1,150,1015,50,3.7,564.8,2,6,,Partially cloudy,partly-cloudy-day,"VABP,42667099999"
"Bhopal, Madhya Pradesh, India",2024-04-14T11:00:00,87.9,93,70.1,55.67,0,0,,0,0,17,8,145,1012.5,30,3.1,773.9,2.8,8,,Partially cloudy,partly-cloudy-day,"VABP,42667099999,42763099999"
"Bhopal, Madhya Pradesh, India",2024-04-14T12:00:00,91.4,93.2,64.4,40.99,0,0,,0,0,17,8.1,130,1013,0,3.7,885.3,3.2,9,,Clear,clear-day,"VABP,42667099999"
"Bhopal, Madhya Pradesh, India",2024-04-14T13:00:00,93.2,93.3,60.8,34.15,0,0,,0,0,16.8,9.2,150,1012,27.3,3.7,966.5,3.5,10,,Partially cloudy,partly-cloudy-day,"VABP,42667099999"
"Bhopal, Madhya Pradesh, India",2024-04-14T14:00:00,93.2,93,60,33.16,0,0,,0,0,16.1,4.7,135,1009.4,45.4,3.1,922.3,3.3,9,,Partially cloudy,partly-cloudy-day,"VABP,42667099999,42763099999"
"Bhopal, Madhya Pradesh, India",2024-04-14T15:00:00,95,94.5,59,30.3,0,0,,0,0,15.7,8.1,140,1011,27.3,3.7,845.6,3,8,,Partially cloudy,partly-cloudy-day,"VABP,42667099999"
"Bhopal, Madhya Pradesh, India",2024-04-14T16:00:00,95,93.2,55.4,26.61,0,0,,0,0,14.8,3.4,180,1010,27.3,3.7,649.3,2.3,6,,Partially cloudy,partly-cloudy-day,"VABP,42667099999"
"Bhopal, Madhya Pradesh, India",2024-04-14T17:00:00,94.5,93.4,57.5,29.14,0,0,,0,0,14.1,9,245,1008.1,41.3,3.2,387.3,1.4,4,,Partially cloudy,partly-cloudy-day,"VABP,42672099999,42667099999,42763099999"
"Bhopal, Madhya Pradesh, India",2024-04-14T18:00:00,93.2,91.9,57.2,30.03,0,0,,0,0,13.4,2.2,320,1011,27.3,3.7,193.2,0.7,2,,Partially cloudy,partly-cloudy-day,"VABP,42667099999"
"Bhopal, Madhya Pradesh, India",2024-04-14T19:00:00,87.8,87.8,60.8,40.45,0,0,,0,0,10.3,0,0,1012,50,3.7,56,0.2,0,,Partially cloudy,partly-cloudy-night,"VABP,42667099999"
"Bhopal, Madhya Pradesh, India",2024-04-14T20:00:00,87.8,87.9,61.3,41.17,0,0,,0,0,6.5,0,0,1011.2,30,3.2,0.5,0,0,,Partially cloudy,partly-cloudy-night,"VABP,42667099999"
"Bhopal, Madhya Pradesh, India",2024-04-14T21:00:00,86,86.7,62.6,45.64,0,0,,0,0,7.6,5.8,320,1013,0,3.7,0,0,0,,Clear,clear-night,"VABP,42667099999"
"Bhopal, Madhya Pradesh, India",2024-04-14T22:00:00,84.3,87.7,68.3,58.72,0,0,,0,0,8.1,5.4,319.9,1011,14.7,,0,0,0,,Clear,clear-night,remote
"Bhopal, Madhya Pradesh, India",2024-04-14T23:00:00,79.6,79.6,66.3,63.77,0,0,,0,0,7.6,4.7,290,1012.6,30,3.2,0,0,0,,Partially cloudy,partly-cloudy-night,"VABP,42667099999"
"Bhopal, Madhya Pradesh, India",2024-04-15T00:00:00,79.6,79.6,68.8,69.63,0,0,,0,0,6,5.4,356.8,1011,17.6,,0,0,0,,Clear,clear-night,remote
"Bhopal, Madhya Pradesh, India",2024-04-15T01:00:00,78.9,78.9,69.3,72.63,0,0,,0,0,7.2,4.9,358.6,1011,6.8,,0,0,0,,Clear,clear-night,remote
"Bhopal, Madhya Pradesh, India",2024-04-15T02:00:00,77.3,77.3,68.3,73.83,0,0,,0,0,6.7,5.8,320,1009.8,40,2.5,0,0,0,,Partially cloudy,partly-cloudy-night,42667099999
"Bhopal, Madhya Pradesh, India",2024-04-15T03:00:00,78.9,78.9,70.2,74.89,0,0,,0,0,6.9,4.3,334.3,1011,10.3,,0,0,0,,Clear,clear-night,remote
"Bhopal, Madhya Pradesh, India",2024-04-15T04:00:00,75.3,75.3,67,75.5,0,0,,0,0,7.6,3.4,325.9,1010,19.8,,0,0,0,,Clear,clear-night,remote
"Bhopal, Madhya Pradesh, India",2024-04-15T05:00:00,73.1,73.1,70.3,91.07,0,0,,0,0,7.6,4.7,265,1012,45.4,3.2,0,0,0,,Partially cloudy,partly-cloudy-night,"VABP,42667099999"
"Bhopal, Madhya Pradesh, India",2024-04-15T06:00:00,77.8,77.8,67.7,71.19,0,0,,0,0,7.4,2.9,337.4,1011,44.9,,0,0,0,,Partially cloudy,partly-cloudy-day,remote
"Bhopal, Madhya Pradesh, India",2024-04-15T07:00:00,75.2,75.2,75.2,100,0,0,,0,0,7.6,4.7,320,1015,50,3.1,10.3,0,0,,Partially cloudy,partly-cloudy-day,"VABP,42667099999"
"Bhopal, Madhya Pradesh, India",2024-04-15T08:00:00,80.6,83.3,68.1,65.89,0,0,,0,0,10.5,0,1,1013.8,10,2.9,146.7,0.5,1,,Clear,clear-day,"VABP,42672099999,42667099999,42763099999"
"Bhopal, Madhya Pradesh, India",2024-04-15T09:00:00,87.8,94.2,71.6,58.81,0,0,,0,0,11.6,0,0,1016,0,3.1,365.5,1.3,4,,Clear,clear-day,"VABP,42667099999"
"Bhopal, Madhya Pradesh, India",2024-04-15T10:00:00,91.4,93.2,64.4,40.99,0,0,,0,0,12.3,0,0,1016,0,3.7,593.8,2.1,6,,Clear,clear-day,"VABP,42667099999"
"Bhopal, Madhya Pradesh, India",2024-04-15T11:00:00,92.3,92.9,61.9,36.5,0,0,,0,0,12.1,4.7,111,1013.2,7.1,3.1,777.4,2.8,8,,Clear,clear-day,"VABP,42667099999,42763099999"
"Bhopal, Madhya Pradesh, India",2024-04-15T12:00:00,95,96.2,62.6,34.42,0,0,,0,0,11.6,4.7,130,1015,0,3.7,883.8,3.2,9,,Clear,clear-day,"VABP,42667099999"
"Bhopal, Madhya Pradesh, India",2024-04-15T13:00:00,96.8,95.8,57.2,26.88,0,0,,0,0,12.3,6.9,160,1013,50,3.7,959.3,3.5,10,,Partially cloudy,partly-cloudy-day,"VABP,42667099999"
"Bhopal, Madhya Pradesh, India",2024-04-15T14:00:00,96.8,96,57.6,27.25,0,0,,0,0,11.2,5.2,200,1010.9,39.9,3.1,921.6,3.3,9,,Partially cloudy,partly-cloudy-day,"VABP,42667099999,42763099999"
"Bhopal, Madhya Pradesh, India",2024-04-15T15:00:00,95,96.2,62.6,34.42,0,0,,0,0,11.4,4.7,130,1015,0,3.7,851.5,3.1,9,,Clear,clear-day,"VABP,42667099999"
"Bhopal, Madhya Pradesh, India",2024-04-15T16:00:00,98.6,97.1,55.4,23.84,0,0,,0,0,12.3,6.9,250,1011,27.3,3.7,640.7,2.3,6,,Partially cloudy,partly-cloudy-day,"VABP,42667099999"
"Bhopal, Madhya Pradesh, India",2024-04-15T17:00:00,98,96.4,55.2,24.06,0,0,,0,0,15.9,5.7,230,1008.6,32,3.2,486.4,1.8,5,,Partially cloudy,partly-cloudy-day,"VABP,42672099999,42667099999,42763099999"
"Bhopal, Madhya Pradesh, India",2024-04-15T18:00:00,93.2,91.9,57.2,30.03,0,0,,0,0,16.6,26.4,250,1011,27.3,3.7,204.2,0.7,2,,Partially cloudy,partly-cloudy-day,"VABP,42667099999"
"Bhopal, Madhya Pradesh, India",2024-04-15T19:00:00,94.7,97,64.5,37.09,0,0,,0,0,11,4,24.9,1010,44.9,,74.6,0.3,0,,Partially cloudy,partly-cloudy-night,remote
"Bhopal, Madhya Pradesh, India",2024-04-15T20:00:00,82.5,83.3,62,50.06,0,0,,0,0,12.8,5.8,355,1011.8,50,3.2,0.5,0,0,,Partially cloudy,partly-cloudy-night,"VABP,42667099999"
"Bhopal, Madhya Pradesh, India",2024-04-15T21:00:00,84.2,84.4,60.8,45.37,0,0,,0,0,15.2,2.2,70,1014,50,3.7,0,0,0,,Partially cloudy,partly-cloudy-night,"VABP,42667099999"
"Bhopal, Madhya Pradesh, India",2024-04-15T22:00:00,84.2,84.4,60.8,45.37,0,0,,0,0,14.8,3.4,90,1014,50,3.7,0,0,0,,Partially cloudy,partly-cloudy-night,"VABP,42667099999"
"Bhopal, Madhya Pradesh, India",2024-04-15T23:00:00,82.6,83.9,63.5,52.5,0,0,,0,0,12.8,3.4,105,1011.9,50,3.2,0,0,0,,Partially cloudy,partly-cloudy-night,"VABP,42667099999"
"Bhopal, Madhya Pradesh, India",2024-04-16T00:00:00,81.6,84.5,68.1,63.68,0,0,,0,0,9.8,4.5,34.4,1012,97.5,,0,0,0,,Overcast,cloudy,remote
"Bhopal, Madhya Pradesh, India",2024-04-16T01:00:00,80.9,83.6,68.1,65.19,0,0,,0,0,6.3,4.5,49.6,1011,99,,0,0,0,,Overcast,cloudy,remote
"Bhopal, Madhya Pradesh, India",2024-04-16T02:00:00,80.1,82.9,68.6,67.99,0,0,,0,0,5.8,4.5,51.1,1011,93.1,,0,0,0,,Overcast,cloudy,remote
"Bhopal, Madhya Pradesh, India",2024-04-16T03:00:00,78.9,78.9,68.6,70.86,0,0,,0,0,5.6,3.6,21.6,1010,93.7,,0,0,0,,Overcast,cloudy,remote
"Bhopal, Madhya Pradesh, India",2024-04-16T04:00:00,79.1,79.1,69,71.31,0,0,,0,0,4.7,3.6,24.1,1010,33.3,,0,0,0,,Partially cloudy,partly-cloudy-night,remote
"Bhopal, Madhya Pradesh, India",2024-04-16T05:00:00,76.9,76.9,68.8,76.11,0,0,,0,0,4.5,2.5,356.3,1010,3,,0,0,0,,Clear,clear-night,remote
"Bhopal, Madhya Pradesh, India",2024-04-16T06:00:00,75.6,75.6,69,79.86,0,0,,0,0,5.8,2.5,349.8,1010,0.2,,0,0,0,,Clear,clear-day,remote
"Bhopal, Madhya Pradesh, India",2024-04-16T07:00:00,76,76,69.9,81.37,0,0,,0,0,6.3,1.6,339.1,1011,0,,10.9,0,0,,Clear,clear-day,remote
"Bhopal, Madhya Pradesh, India",2024-04-16T08:00:00,79.8,79.8,68.6,68.8,0,0,,0,0,9.2,1.6,339.1,1011,0,,149.7,0.5,1,,Clear,clear-day,remote
"Bhopal, Madhya Pradesh, India",2024-04-16T09:00:00,86.1,88.6,66.5,52.1,0,0,,0,0,13.6,3.4,341,1012,0,,377.1,1.4,4,,Clear,clear-day,remote
"Bhopal, Madhya Pradesh, India",2024-04-16T10:00:00,89.3,91,64.5,43.88,0,0,,0,0,16.8,5.1,353.5,1012,0,,597.8,2.2,6,,Clear,clear-day,remote
"Bhopal, Madhya Pradesh, India",2024-04-16T11:00:00,91.7,92.2,62,37.33,0,0,,0,0,17,5.6,359.4,1012,0,,781.8,2.8,8,,Clear,clear-day,remote
"Bhopal, Madhya Pradesh, India",2024-04-16T12:00:00,93.6,94,61.1,34,0,0,,0,0,16.3,5.6,6.9,1012,0,,911.1,3.3,9,,Clear,clear-day,remote
"Bhopal, Madhya Pradesh, India",2024-04-16T13:00:00,95.4,95.9,60.9,31.96,0,0,,0,0,14.3,4.5,3,1011,5.1,,971.1,3.5,10,,Clear,clear-day,remote
"Bhopal, Madhya Pradesh, India",2024-04-16T14:00:00,96.2,96.1,59.6,29.89,0,0,,0,0,13.4,4.5,335,1010,5.4,,964.8,3.5,10,,Clear,clear-day,remote
"Bhopal, Madhya Pradesh, India",2024-04-16T15:00:00,97.6,97.1,58.2,27.17,0,0,,0,0,14.8,6.5,318.4,1009,13.3,,785.8,2.8,8,,Clear,clear-day,remote
"Bhopal, Madhya Pradesh, India",2024-04-16T16:00:00,95.3,93.6,55.7,26.65,0,0,,0,0,17.9,8.9,311.8,1008,37.7,,654.8,2.4,7,,Partially cloudy,partly-cloudy-day,remote
"Bhopal, Madhya Pradesh, India",2024-04-16T17:00:00,92.6,91,56.2,29.55,0,0,,0,0,18.1,9.4,313.1,1008,52.1,,474.8,1.7,5,,Partially cloudy,partly-cloudy-day,remote
"Bhopal, Madhya Pradesh, India",2024-04-16T18:00:00,91.7,91.3,59.8,34.58,0,0,,0,0,16.6,5.6,320.6,1008,29.4,,250.2,0.9,3,,Partially cloudy,partly-cloudy-day,remote
"Bhopal, Madhya Pradesh, India",2024-04-16T19:00:00,88.1,88.4,61.8,41.53,0,0,,0,0,10.5,5.1,329.3,1008,21.6,,76,0.3,0,,Partially cloudy,partly-cloudy-night,remote
"Bhopal, Madhya Pradesh, India",2024-04-16T20:00:00,85.6,86.9,63.9,48.55,0,0,,0,0,7.6,4.9,331.1,1009,16.3,,0.7,0,0,,Clear,clear-night,remote
"Bhopal, Madhya Pradesh, India",2024-04-16T21:00:00,84.1,84.9,62.3,48.03,0,0,,0,0,7.6,3.8,326.4,1009,10.8,,0,0,0,,Clear,clear-night,remote
"Bhopal, Madhya Pradesh, India",2024-04-16T22:00:00,83.6,84.4,62.5,49.19,0,0,,0,0,7.2,2.5,309.4,1010,12.2,,0,0,0,,Clear,clear-night,remote
"Bhopal, Madhya Pradesh, India",2024-04-16T23:00:00,83,83.6,61.4,48.18,0,0,,0,0,6.7,1.8,243.5,1010,0.2,,0,0,0,,Clear,clear-night,remote
"Bhopal, Madhya Pradesh, India",2024-04-17T00:00:00,82.5,82.9,60.5,47.49,0,0,,0,0,6,3.4,241.7,1009,0,,0,0,0,,Clear,clear-night,remote
"Bhopal, Madhya Pradesh, India",2024-04-17T01:00:00,79.4,79.4,60.9,53.15,0,0,,0,0,5.6,4.7,250.9,1009,1.8,,0,0,0,,Clear,clear-night,remote
"Bhopal, Madhya Pradesh, India",2024-04-17T02:00:00,77.1,77.1,61.6,58.89,0,0,,0,0,6.9,5.1,255.5,1009,0,,0,0,0,,Clear,clear-night,remote
"Bhopal, Madhya Pradesh, India",2024-04-17T03:00:00,75.1,75.1,61.4,62.5,0,0,,0,0,7.4,5.4,260,1008,0,,0,0,0,,Clear,clear-night,remote
"Bhopal, Madhya Pradesh, India",2024-04-17T04:00:00,75.1,75.1,62.1,64.1,0,0,,0,0,7.4,4.5,284.4,1008,0,,0,0,0,,Clear,clear-night,remote
"Bhopal, Madhya Pradesh, India",2024-04-17T05:00:00,76.4,76.4,61.6,60.31,0,0,,0,0,7.4,5.1,315.6,1009,0,,0,0,0,,Clear,clear-night,remote
"Bhopal, Madhya Pradesh, India",2024-04-17T06:00:00,76.2,76.2,60.2,57.65,0,0,,0,0,9.8,5.6,333.5,1009,0,,0,0,0,,Clear,clear-day,remote
"Bhopal, Madhya Pradesh, India",2024-04-17T07:00:00,76.2,76.2,59.8,56.92,0,0,,0,0,10.1,5.4,350.1,1009,0,,12.2,0,0,,Clear,clear-day,remote
"Bhopal, Madhya Pradesh, India",2024-04-17T08:00:00,78.9,78.9,59.8,52.06,0,0,,0,0,12.5,6.3,4.8,1010,0,,157.6,0.6,2,,Clear,clear-day,remote
"Bhopal, Madhya Pradesh, India",2024-04-17T09:00:00,88.2,86.7,56.2,33.83,0,0,,0,0,14.3,6.3,18.5,1011,0,,384.7,1.4,4,,Clear,clear-day,remote
"Bhopal, Madhya Pradesh, India",2024-04-17T10:00:00,91.7,90,56.2,30.38,0,0,,0,0,16.8,6.9,30.4,1011,0,,607.8,2.2,6,,Clear,clear-day,remote
"Bhopal, Madhya Pradesh, India",2024-04-17T11:00:00,92.9,91.2,55.8,28.84,0,0,,0,0,17.4,6.7,34.4,1011,0,,793.7,2.9,8,,Clear,clear-day,remote
"Bhopal, Madhya Pradesh, India",2024-04-17T12:00:00,93.8,92.2,56,28.23,0,0,,0,0,16.8,4.9,28.8,1011,0,,922.9,3.3,9,,Clear,clear-day,remote
"Bhopal, Madhya Pradesh, India",2024-04-17T13:00:00,94.9,93.6,56.7,28.02,0,0,,0,0,13.2,3.6,6.2,1010,0,,984.1,3.5,10,,Clear,clear-day,remote
"Bhopal, Madhya Pradesh, India",2024-04-17T14:00:00,96.2,95.2,57.5,27.67,0,0,,0,0,12.5,4,339.1,1009,0,,971.3,3.5,10,,Clear,clear-day,remote
"Bhopal, Madhya Pradesh, India",2024-04-17T15:00:00,97.4,95.9,55.7,24.95,0,0,,0,0,14.3,5.6,322.6,1008,36.6,,886.2,3.2,9,,Partially cloudy,partly-cloudy-day,remote
"Bhopal, Madhya Pradesh, India",2024-04-17T16:00:00,99.1,98,56.4,24.38,0,0,,0,0,15.4,6.7,325.5,1007,33.3,,735.5,2.6,7,,Partially cloudy,partly-cloudy-day,remote
"Bhopal, Madhya Pradesh, India",2024-04-17T17:00:00,98.5,97.1,55.7,24.14,0,0,,0,0,15.9,7.4,324.6,1007,6.9,,532.3,1.9,5,,Clear,clear-day,remote
"Bhopal, Madhya Pradesh, India",2024-04-17T18:00:00,96.5,95.4,56.9,26.84,0,0,,0,0,15.7,6,339.6,1006,7.2,,305.9,1.1,3,,Clear,clear-day,remote
"Bhopal, Madhya Pradesh, India",2024-04-17T19:00:00,93.1,92.7,59.6,32.85,0,0,,0,0,11.6,5.8,349,1007,26.7,,91,0.3,0,,Partially cloudy,partly-cloudy-night,remote
"Bhopal, Madhya Pradesh, India",2024-04-17T20:00:00,91.1,90.6,59.6,34.94,0,0,,0,0,9.8,5.8,357.8,1008,72.3,,0.8,0,0,,Partially cloudy,partly-cloudy-night,remote
"Bhopal, Madhya Pradesh, India",2024-04-17T21:00:00,86.1,85.2,57.8,38.41,0,0,,0,0,9.4,5.4,4.4,1008,76.2,,0,0,0,,Partially cloudy,partly-cloudy-night,remote
"Bhopal, Madhya Pradesh, India",2024-04-17T22:00:00,84.6,83.9,57.5,39.71,0,0,,0,0,8.9,5.4,8.2,1009,25.4,,0,0,0,,Partially cloudy,partly-cloudy-night,remote
"Bhopal, Madhya Pradesh, India",2024-04-17T23:00:00,83.4,83,57.8,41.89,0,0,,0,0,8.7,5.4,10.6,1009,3.8,,0,0,0,,Clear,clear-night,remote
"Bhopal, Madhya Pradesh, India",2024-04-18T00:00:00,80.7,81.1,58.4,46.62,0,0,,0,0,8.7,5.1,12.8,1009,3,,0,0,0,,Clear,clear-night,remote
"Bhopal, Madhya Pradesh, India",2024-04-18T01:00:00,79.6,79.6,57.6,47.06,0,0,,0,0,8.7,5.1,18.3,1009,3.8,,0,0,0,,Clear,clear-night,remote
"Bhopal, Madhya Pradesh, India",2024-04-18T02:00:00,77.8,77.8,57.8,50.26,0,0,,0,0,7.8,5.4,30,1009,2.3,,0,0,0,,Clear,clear-night,remote
"Bhopal, Madhya Pradesh, India",2024-04-18T03:00:00,77.6,77.6,57.3,49.58,0,0,,0,0,7.8,5.1,43.2,1008,0,,0,0,0,,Clear,clear-night,remote
"Bhopal, Madhya Pradesh, India",2024-04-18T04:00:00,77.3,77.3,56.9,49.53,0,0,,0,0,7.8,5.8,51.5,1008,0,,0,0,0,,Clear,clear-night,remote
"Bhopal, Madhya Pradesh, India",2024-04-18T05:00:00,76.6,76.6,58,52.74,0,0,,0,0,8.1,6.5,49.4,1008,0,,0,0,0,,Clear,clear-night,remote
"Bhopal, Madhya Pradesh, India",2024-04-18T06:00:00,77.3,77.3,59.4,54.22,0,0,,0,0,7.8,6,21.9,1008,0,,0,0,0,,Clear,clear-day,remote
"Bhopal, Madhya Pradesh, India",2024-04-18T07:00:00,77.3,77.3,61.8,58.91,0,0,,0,0,7.2,4.3,359,1009,0,,13.3,0,0,,Clear,clear-day,remote
"Bhopal, Madhya Pradesh, India",2024-04-18T08:00:00,79.4,79.4,59.8,51.14,0,0,,0,0,7.6,3.4,4.1,1010,0,,163.7,0.6,2,,Clear,clear-day,remote
"Bhopal, Madhya Pradesh, India",2024-04-18T09:00:00,84.3,83.6,57.5,40.17,0,0,,0,0,8.5,2.9,36.7,1011,0,,394.2,1.4,4,,Clear,clear-day,remote
"Bhopal, Madhya Pradesh, India",2024-04-18T10:00:00,88.2,86.7,56.2,33.83,0,0,,0,0,10.7,4,74.8,1011,0,,619.7,2.2,6,,Clear,clear-day,remote
"Bhopal, Madhya Pradesh, India",2024-04-18T11:00:00,90.8,88.8,54.8,29.66,0,0,,0,0,12.1,4.3,96.6,1010,12.7,,806.8,2.9,8,,Clear,clear-day,remote
"Bhopal, Madhya Pradesh, India",2024-04-18T12:00:00,96.5,94.8,55.3,25.31,0,0,,0,0,12.1,2,125.8,1010,60.4,,936.1,3.4,9,,Partially cloudy,partly-cloudy-day,remote
"Bhopal, Madhya Pradesh, India",2024-04-18T13:00:00,98,96.2,54.8,23.75,0,0,,0,0,10.1,2.2,273,1009,77.4,,992.4,3.6,10,,Partially cloudy,partly-cloudy-day,remote
"Bhopal, Madhya Pradesh, India",2024-04-18T14:00:00,99.2,97.5,54.4,22.56,0,0,,0,0,13.4,5.1,293.4,1008,95.2,,951.9,3.4,10,,Overcast,cloudy,remote
"Bhopal, Madhya Pradesh, India",2024-04-18T15:00:00,99.6,97.5,53.3,21.45,0,0,,0,0,15.7,6.7,299.6,1007,84.6,,872,3.1,9,,Partially cloudy,partly-cloudy-day,remote
"Bhopal, Madhya Pradesh, India",2024-04-18T16:00:00,100.5,98.5,53.5,21.02,0,0,,0,0,16.1,7.2,300.1,1005,93.1,,719.6,2.6,7,,Overcast,cloudy,remote
"Bhopal, Madhya Pradesh, India",2024-04-18T17:00:00,100.5,98.3,52.8,20.47,0,0,,0,0,15.9,6.9,302.4,1004,85.1,,523.2,1.9,5,,Partially cloudy,partly-cloudy-day,remote
"Bhopal, Madhya Pradesh, India",2024-04-18T18:00:00,98.1,96.8,56,24.73,0,0,,0,0,14.3,3.8,320.7,1004,48.9,,284.3,1,3,,Partially cloudy,partly-cloudy-day,remote
"Bhopal, Madhya Pradesh, India",2024-04-18T19:00:00,94.2,93.6,58.9,30.96,0,0,,0,0,8.1,4.7,356.6,1005,12,,88.8,0.3,0,,Clear,clear-night,remote
"Bhopal, Madhya Pradesh, India",2024-04-18T20:00:00,89.9,88.9,58.2,34.52,0,0,,0,0,7.6,3.6,37.6,1005,3.5,,0.9,0,0,,Clear,clear-night,remote
"Bhopal, Madhya Pradesh, India",2024-04-18T21:00:00,89,87.6,56.7,33.72,0,0,,0,0,6.9,2.7,103.1,1006,9.8,,0,0,0,,Clear,clear-night,remote
"Bhopal, Madhya Pradesh, India",2024-04-18T22:00:00,85.6,84.9,58.2,39.59,0,0,,0,0,5.1,2.5,177.9,1007,7.6,,0,0,0,,Clear,clear-night,remote
"Bhopal, Madhya Pradesh, India",2024-04-18T23:00:00,83.9,83.7,59.1,43.07,0,0,,0,0,5.4,4.7,243.7,1007,19.8,,0,0,0,,Clear,clear-night,remote
"Bhopal, Madhya Pradesh, India",2024-04-19T00:00:00,80.7,81.3,59.4,48.45,0,0,,0,0,7.2,4.7,270.9,1007,13.2,,0,0,0,,Clear,clear-night,remote
"Bhopal, Madhya Pradesh, India",2024-04-19T01:00:00,81.2,81.3,57.6,44.64,0,0,,0,0,11.6,6.9,292.4,1007,20,,0,0,0,,Clear,clear-night,remote
"Bhopal, Madhya Pradesh, India",2024-04-19T02:00:00,80.1,80,53,39.01,0,0,,0,0,18.1,10.1,311.3,1007,8.7,,0,0,0,,Clear,clear-night,remote
"Bhopal, Madhya Pradesh, India",2024-04-19T03:00:00,81.1,80.2,50.4,34.52,0,0,,0,0,19.5,10.5,325.9,1007,7.2,,0,0,0,,Clear,clear-night,remote
"Bhopal, Madhya Pradesh, India",2024-04-19T04:00:00,79.4,79.4,54.1,41.55,0,0,,0,0,18.1,7.6,330.2,1007,25,,0,0,0,,Partially cloudy,partly-cloudy-night,remote
"Bhopal, Madhya Pradesh, India",2024-04-19T05:00:00,78.9,78.9,53.7,41.74,0,0,,0,0,15.7,4.7,270,1005.8,30,2.5,0,0,0,,Partially cloudy,partly-cloudy-night,42667099999
"Bhopal, Madhya Pradesh, India",2024-04-19T06:00:00,82.8,82.6,57.8,42.63,0,0,,0,0,14.3,6.5,336.7,1007,31.2,,0,0,0,,Partially cloudy,partly-cloudy-day,remote
"Bhopal, Madhya Pradesh, India",2024-04-19T07:00:00,82.1,81.8,56.7,41.97,0,0,,0,0,12.5,6.3,341.6,1007,21.6,,11.2,0,0,,Partially cloudy,partly-cloudy-day,remote
"Bhopal, Madhya Pradesh, India",2024-04-19T08:00:00,86.1,85.5,58.7,39.5,0,0,,0,0,11.9,7.7,340,1006.6,40,2.6,140.4,0.5,1,,Partially cloudy,partly-cloudy-day,"42672099999,42667099999,42763099999"
"Bhopal, Madhya Pradesh, India",2024-04-19T09:00:00,91.5,88.2,48.3,22.83,0,0,,0,0,13,6.9,350,1011,30,3.7,394.2,1.4,4,,Partially cloudy,partly-cloudy-day,42667099999
"Bhopal, Madhya Pradesh, India",2024-04-19T10:00:00,95.1,91.4,46.5,19.08,0,0,,0,0,13.2,6.9,330,1010,30,3.7,571.3,2.1,6,,Partially cloudy,partly-cloudy-day,42667099999
"Bhopal, Madhya Pradesh, India",2024-04-19T11:00:00,97.5,93.3,43.6,15.9,0,0,,0,0,15.4,2.2,270,1005.5,40,2.5,769.7,2.8,8,,Partially cloudy,partly-cloudy-day,"42667099999,42763099999"
"Bhopal, Madhya Pradesh, India",2024-04-19T12:00:00,100.5,96.4,44.7,15.12,0,0,,0,0,17.9,13.9,250,1009,50,3.7,836.9,3,8,,Partially cloudy,partly-cloudy-day,42667099999
"Bhopal, Madhya Pradesh, India",2024-04-19T13:00:00,99.1,97.2,54.2,22.54,0,0,,0,0,19.2,8.5,312.4,1007,19.8,,908.8,3.3,9,,Clear,clear-day,remote
"Bhopal, Madhya Pradesh, India",2024-04-19T14:00:00,100.4,96.4,44.7,15.17,0,0,,0,0,20.1,9.1,290,1004.9,54.5,3.1,908.7,3.3,9,,Partially cloudy,partly-cloudy-day,"VABP,42667099999,42763099999"
"Bhopal, Madhya Pradesh, India",2024-04-19T15:00:00,102.1,100.5,54.2,20.55,0,0,,0,0,23,12.3,281.4,1006,58.1,,824.3,3,8,,Partially cloudy,partly-cloudy-day,remote
"Bhopal, Madhya Pradesh, India",2024-04-19T16:00:00,98.6,94.6,44.6,15.96,0,0,,0,0,23.9,13.9,260,1006,50,3.7,643.9,2.3,6,,Partially cloudy,partly-cloudy-day,"VABP,42667099999"
"Bhopal, Madhya Pradesh, India",2024-04-19T17:00:00,99.3,95.3,44.7,15.67,0,0,,0,0,20.4,11.2,270,1003.7,49.9,3.2,412.7,1.5,4,,Partially cloudy,partly-cloudy-day,"VABP,42672099999,42667099999,42763099999"
"Bhopal, Madhya Pradesh, India",2024-04-19T18:00:00,95,91.3,46.4,19.07,0,0,,0,0,17.2,8.1,250,1006,50,3.7,268.2,1,3,,Partially cloudy,partly-cloudy-day,"VABP,42667099999"
"Bhopal, Madhya Pradesh, India",2024-04-19T19:00:00,97.1,98.7,62.7,32.41,0,0,,0,0,11,5.4,306.1,1005,20.2,,71.8,0.3,0,,Partially cloudy,partly-cloudy-night,remote
"Bhopal, Madhya Pradesh, India",2024-04-19T20:00:00,87.5,84.8,49.6,27.19,0,0,,0,0,7.6,3.4,270,1006.4,54.6,3.2,0.8,0,0,,Partially cloudy,partly-cloudy-night,"VABP,42667099999"
"Bhopal, Madhya Pradesh, India",2024-04-19T21:00:00,86,83.6,50,28.94,0,0,,0,0,7.6,4.7,240,1009,50,3.7,0,0,0,,Partially cloudy,partly-cloudy-night,"VABP,42667099999"
"Bhopal, Madhya Pradesh, India",2024-04-19T22:00:00,88.4,87.8,59.1,37.31,0,0,,0,0,7.6,4.9,299.3,1007,4.5,,0,0,0,,Clear,clear-night,remote
"Bhopal, Madhya Pradesh, India",2024-04-19T23:00:00,87.2,86.1,57.5,36.64,0,0,,0,0,7.8,9.2,230,1005.5,40,2.5,0,0,0,,Partially cloudy,partly-cloudy-night,42667099999
"Bhopal, Madhya Pradesh, India",2024-04-20T00:00:00,85.6,85.1,59.1,40.89,0,0,,0,0,9.6,8.9,289,1007,4.2,,0,0,0,,Clear,clear-night,remote
"Bhopal, Madhya Pradesh, India",2024-04-20T01:00:00,86.3,85.6,58.6,39.19,0,0,,0,0,17,9.4,292.3,1007,9.1,,0,0,0,,Clear,clear-night,remote
"Bhopal, Madhya Pradesh, India",2024-04-20T02:00:00,85.4,85,59.3,41.39,0,0,,0,0,17.2,11.4,290,1004.7,40,2.5,0,0,0,,Partially cloudy,partly-cloudy-night,42667099999
"Bhopal, Madhya Pradesh, India",2024-04-20T03:00:00,85,84.2,57.5,39.25,0,0,,0,0,17.7,9.8,299.7,1006,33.7,,0,0,0,,Partially cloudy,partly-cloudy-night,remote
"Bhopal, Madhya Pradesh, India",2024-04-20T04:00:00,80.3,80.5,56.4,43.93,0,0,,0,0,17.7,9.2,305.4,1006,33.6,,0,0,0,,Partially cloudy,partly-cloudy-night,remote
"Bhopal, Madhya Pradesh, India",2024-04-20T05:00:00,77.2,77.2,58.7,52.75,0,0,,0,0,17,3.4,290,1006.8,32,3.2,0,0,0,,Partially cloudy,partly-cloudy-night,"VABP,42667099999"
"Bhopal, Madhya Pradesh, India",2024-04-20T06:00:00,78.8,78.8,53.6,41.73,0,0,,0,0,15.7,4.7,280,1008,50,3.7,0,0,0,,Partially cloudy,partly-cloudy-day,"VABP,42667099999"
"Bhopal, Madhya Pradesh, India",2024-04-20T07:00:00,82.4,81.5,53.6,37.1,0,0,,0,0,13.2,5.8,260,1009,50,3.7,10.2,0,0,,Partially cloudy,partly-cloudy-day,"VABP,42667099999"
"Bhopal, Madhya Pradesh, India",2024-04-20T08:00:00,86.6,86.2,59.8,40.59,0,0,,0,0,12.5,8.8,230,1006.6,30.2,2.6,135.3,0.5,1,,Partially cloudy,partly-cloudy-day,"42672099999,42667099999,42763099999"
"Bhopal, Madhya Pradesh, India",2024-04-20T09:00:00,89.6,87.8,55.4,31.48,0,0,,0,0,14.1,10.3,260,1011,27.3,3.7,333.7,1.2,3,,Partially cloudy,partly-cloudy-day,"VABP,42667099999"
"Bhopal, Madhya Pradesh, India",2024-04-20T10:00:00,93.2,90.5,51.8,24.66,0,0,,0,0,17.9,9.2,260,1010,27.3,3.7,520.3,1.9,5,,Partially cloudy,partly-cloudy-day,"VABP,42667099999"
"Bhopal, Madhya Pradesh, India",2024-04-20T11:00:00,95.3,93.5,55.3,26.28,0,0,,0,0,18.8,11.4,270,1007.9,28.6,3.1,733.5,2.6,7,,Partially cloudy,partly-cloudy-day,"VABP,42667099999,42763099999"
"Bhopal, Madhya Pradesh, India",2024-04-20T12:00:00,95,91.9,50,21.82,0,0,,0,0,19.5,10.3,250,1009,0,3.7,886.8,3.2,9,,Clear,clear-day,"VABP,42667099999"
"Bhopal, Madhya Pradesh, India",2024-04-20T13:00:00,98.6,95.2,48.2,18.28,0,0,,0,0,20.8,10.3,230,1008,0,3.7,820.1,3,8,,Clear,clear-day,"VABP,42667099999"
"Bhopal, Madhya Pradesh, India",2024-04-20T14:00:00,98.9,95.5,48.5,18.33,0,0,,0,0,22.1,11.4,200,1004.8,45.3,3.1,875.1,3.2,9,,Partially cloudy,partly-cloudy-day,"VABP,42667099999,42763099999"
"Bhopal, Madhya Pradesh, India",2024-04-20T15:00:00,101,100.2,56.4,22.96,0,0,,0,0,23.3,11.4,275.5,1004,21.5,,699.6,2.5,7,,Partially cloudy,partly-cloudy-day,remote
"Bhopal, Madhya Pradesh, India",2024-04-20T16:00:00,98.3,98.6,59.8,28.17,0,0,,0,0,25.3,11.9,283.4,1003,43.5,,659.9,2.4,7,,Partially cloudy,partly-cloudy-day,remote
"Bhopal, Madhya Pradesh, India",2024-04-20T17:00:00,97.9,95.1,50.8,20.58,0,0,,0,0,25.7,12.5,225,1003.7,49.9,3.2,515.4,1.9,5,,Partially cloudy,partly-cloudy-day,"VABP,42672099999,42667099999,42763099999"
"Bhopal, Madhya Pradesh, India",2024-04-20T18:00:00,99.1,99.1,59.1,26.86,0,0,,0,0,24.4,10.3,251.9,1004,14.5,,265.2,1,3,,Clear,clear-day,remote
"Bhopal, Madhya Pradesh, India",2024-04-20T19:00:00,99.1,98.9,58.7,26.52,0,0,,0,0,17.4,6.3,238.8,1004,18.7,,86.6,0.3,0,,Clear,clear-night,remote
"Bhopal, Madhya Pradesh, India",2024-04-20T20:00:00,91.4,88.4,50,24.4,0,0,,0,0,12.1,8.1,225,1006.4,45.4,3.2,1.1,0,0,,Partially cloudy,partly-cloudy-night,"VABP,42667099999"
"Bhopal, Madhya Pradesh, India",2024-04-20T21:00:00,89.6,85.9,42.8,19.67,0,0,,0,0,14.8,8.1,220,1009,50,3.7,0,0,0,,Partially cloudy,partly-cloudy-night,"VABP,42667099999"
"Bhopal, Madhya Pradesh, India",2024-04-20T22:00:00,86,82.9,41,20.57,0,0,,0,0,16.8,9.2,230,1009,27.3,3.7,0,0,0,,Partially cloudy,partly-cloudy-night,"VABP,42667099999"
"Bhopal, Madhya Pradesh, India",2024-04-20T23:00:00,86.1,83.1,44.2,23.18,0,0,,0,0,17,11.4,230,1007.4,18,3.2,0,0,0,,Clear,clear-night,"VABP,42667099999"
"Bhopal, Madhya Pradesh, India",2024-04-21T00:00:00,84.2,81.4,39.2,20.32,0,0,,0,0,17.9,11.4,230,1009,34.3,3.7,0,0,0,,Partially cloudy,partly-cloudy-night,"VABP,42667099999"
"Bhopal, Madhya Pradesh, India",2024-04-21T01:00:00,85,82.8,49.4,29.18,0,0,,0,0,20.4,11.2,280.8,1007,75.8,,0,0,0,,Partially cloudy,partly-cloudy-night,remote
"Bhopal, Madhya Pradesh, India",2024-04-21T02:00:00,77.1,77.1,46.7,34.13,0,0,,0,0,20.4,8.1,250,1006.3,10,2.5,0,0,0,,Clear,clear-night,42667099999
"Bhopal, Madhya Pradesh, India",2024-04-21T03:00:00,81.4,80.4,50.6,34.34,0,0,,0,0,19.7,11,289.6,1007,74.6,,0,0,0,,Partially cloudy,partly-cloudy-night,remote
"Bhopal, Madhya Pradesh, India",2024-04-21T04:00:00,77.3,77.3,53.5,43.74,0,0,,0,0,19,10.7,299.9,1007,30.1,,0,0,0,,Partially cloudy,partly-cloudy-night,remote
"Bhopal, Madhya Pradesh, India",2024-04-21T05:00:00,72.5,72.5,48.4,42.51,0,0,,0,0,18.6,5.8,180,1008.1,30,3.2,0,0,0,,Partially cloudy,partly-cloudy-night,"VABP,42667099999"
"Bhopal, Madhya Pradesh, India",2024-04-21T06:00:00,80.5,80.8,57.3,45.11,0,0,,0,0,17.2,8.7,312.4,1007,0.7,,0,0,0,,Clear,clear-day,remote
"Bhopal, Madhya Pradesh, India",2024-04-21T07:00:00,79.6,79.6,57.1,46.16,0,0,,0,0,14.1,7.2,311.2,1008,9.2,,16.1,0.1,0,,Clear,clear-day,remote
"Bhopal, Madhya Pradesh, India",2024-04-21T08:00:00,80.9,79.9,47.9,31.55,0,0,,0,0,11.2,6.8,275,1009.6,50,3.2,171.8,0.6,2,,Partially cloudy,partly-cloudy-day,"VABP,42672099999,42667099999,42763099999"
"Bhopal, Madhya Pradesh, India",2024-04-21T09:00:00,81.9,81.5,56,41.13,0,0,,0,0,13,6.7,319.6,1010,97,,383.4,1.4,4,,Overcast,cloudy,remote
"Bhopal, Madhya Pradesh, India",2024-04-21T10:00:00,81.9,81.3,54.8,39.29,0,0,,0,0,14.1,6.5,322.7,1010,93.9,,578.6,2.1,6,,Overcast,cloudy,remote
"Bhopal, Madhya Pradesh, India",2024-04-21T11:00:00,91.9,88.5,47.3,21.68,0,0,,0,0,16.3,4.7,290,1009.4,36.6,3.1,718.5,2.6,7,,Partially cloudy,partly-cloudy-day,"VABP,42667099999,42763099999"
"Bhopal, Madhya Pradesh, India",2024-04-21T12:00:00,93.2,89.2,42.8,17.58,0,0,,0,0,17.9,5.8,200,1011,27.3,3.7,873.3,3.1,9,,Partially cloudy,partly-cloudy-day,"VABP,42667099999"
"Bhopal, Madhya Pradesh, India",2024-04-21T13:00:00,94.7,92.7,54.4,25.89,0,0,,0,0,19.7,8.5,308.8,1008,97,,959.3,3.5,10,,Overcast,cloudy,remote
"Bhopal, Madhya Pradesh, India",2024-04-21T14:00:00,96.8,93,45.5,17.42,0,0,,0,0,19.7,5.8,231,1006.8,49.9,3.1,927.8,3.3,9,,Partially cloudy,partly-cloudy-day,"VABP,42667099999,42763099999"
"Bhopal, Madhya Pradesh, India",2024-04-21T15:00:00,98.5,96.9,54.9,23.52,0,0,,0,0,19.2,8.7,294.6,1006,88.9,,774.5,2.8,8,,Partially cloudy,partly-cloudy-day,remote
"Bhopal, Madhya Pradesh, India",2024-04-21T16:00:00,96.8,92.6,42.8,15.73,0,0,,0,0,19,9.2,260,1007,50,3.7,575.5,2.1,6,,Partially cloudy,partly-cloudy-day,"VABP,42667099999"
"Bhopal, Madhya Pradesh, India",2024-04-21T17:00:00,95.7,92.2,48,19.84,0,0,,0,0,19,7.9,255,1005.1,54.8,3.1,481,1.7,5,,Partially cloudy,partly-cloudy-day,"VABP,42672099999,42667099999,42763099999"
"Bhopal, Madhya Pradesh, India",2024-04-21T18:00:00,96.5,95.9,58.2,28.08,0,0,,0,0,17.7,6.3,286.8,1005,98.5,,245.5,0.9,2,,Overcast,cloudy,remote
"Bhopal, Madhya Pradesh, India",2024-04-21T19:00:00,91.4,87.7,44.6,19.92,0,0,,0,0,13.6,2.2,260,1009,50,3.7,71.5,0.3,0,,Partially cloudy,partly-cloudy-night,"VABP,42667099999"
"Bhopal, Madhya Pradesh, India",2024-04-21T20:00:00,86,84.5,55.2,35.07,0,0,,0,0,8.7,8.1,135,1007.7,63.9,3.2,1,0,0,,Partially cloudy,partly-cloudy-night,"VABP,42667099999"
"Bhopal, Madhya Pradesh, India",2024-04-21T21:00:00,84.2,83.1,55.4,37.38,0,0,,0,0,8.9,9.2,130,1010,50,3.7,0,0,0,,Partially cloudy,partly-cloudy-night,"VABP,42667099999"
"Bhopal, Madhya Pradesh, India",2024-04-21T22:00:00,84.2,83.5,57.2,39.9,0,0,,0,0,8.7,6.9,130,1010,50,3.7,0,0,0,,Partially cloudy,partly-cloudy-night,"VABP,42667099999"
"Bhopal, Madhya Pradesh, India",2024-04-21T23:00:00,84.2,84.9,62.3,47.79,0,0,,0,0,8.9,8.1,140,1007,54.6,3.2,0,0,0,,Partially cloudy,partly-cloudy-night,"VABP,42667099999"
"Bhopal, Madhya Pradesh, India",2024-04-22T00:00:00,86.4,86,59.4,40.24,0,0,,0,0,9.6,7.6,251.5,1008,36.3,,0,0,0,,Partially cloudy,partly-cloudy-night,remote
"Bhopal, Madhya Pradesh, India",2024-04-22T01:00:00,85.4,85.2,59.8,42.19,0,0,,0,0,13.6,8.1,240.1,1008,34.8,,0,0,0,,Partially cloudy,partly-cloudy-night,remote
"Bhopal, Madhya Pradesh, India",2024-04-22T02:00:00,83.6,85.2,64.7,53.06,0,0,,0,0,15.2,5.8,270,1006.5,60,2.5,0,0,0,,Partially cloudy,partly-cloudy-night,42667099999
"Bhopal, Madhya Pradesh, India",2024-04-22T03:00:00,80.9,81.8,61.4,51.68,0,0,,0,0,15,6.7,231.9,1008,79.6,,0,0,0,,Partially cloudy,partly-cloudy-night,remote
"Bhopal, Madhya Pradesh, India",2024-04-22T04:00:00,79.1,79.1,61.2,54.47,0.016,100,rain,0,0,13.4,8.1,216.1,1008,89.6,,0,0,0,,"Rain, Partially cloudy",rain,remote
"Bhopal, Madhya Pradesh, India",2024-04-22T05:00:00,77.6,77.6,57.3,49.58,0,0,,0,0,14.1,3.4,110,1006.8,40,2.5,0,0,0,,Partially cloudy,partly-cloudy-night,42667099999
"Bhopal, Madhya Pradesh, India",2024-04-22T06:00:00,77,77,60.8,57.39,0,0,,0,0,11.9,3.4,160,1011,50,3.7,0,0,0,,Partially cloudy,partly-cloudy-day,"VABP,42667099999"
"Bhopal, Madhya Pradesh, India",2024-04-22T07:00:00,80.6,81.1,59,47.82,0,0,,0,0,11.9,3.4,170,1012,50,3.7,10.2,0,0,,Partially cloudy,partly-cloudy-day,"VABP,42667099999"
"Bhopal, Madhya Pradesh, India",2024-04-22T08:00:00,85,84.3,58,40.04,0,0,,0,0,11.9,3.3,200,1010.7,54.5,3.2,135.9,0.5,1,,Partially cloudy,partly-cloudy-day,"VABP,42672099999,42667099999,42763099999"
"Bhopal, Madhya Pradesh, India",2024-04-22T09:00:00,79.2,79.2,66.1,64.2,0,0,,0,0,11.4,6.5,198.6,1011,86.2,,319.9,1.2,3,,Partially cloudy,partly-cloudy-day,remote
"Bhopal, Madhya Pradesh, India",2024-04-22T10:00:00,80.7,82.1,63.2,55.39,0,0,,0,0,12.5,7.6,232.9,1011,99,,484.6,1.7,5,,Overcast,cloudy,remote
"Bhopal, Madhya Pradesh, India",2024-04-22T11:00:00,88.6,87.5,57.6,35.2,0,0,,0,0,14.1,6.9,110,1011.3,68.5,2.8,574.3,2.1,6,,Partially cloudy,partly-cloudy-day,"VABP,42667099999,42763099999"
"Bhopal, Madhya Pradesh, India",2024-04-22T12:00:00,91.4,90.1,57.2,31.76,0,0,,0,0,18.8,4.7,150,1012,50,,823.2,3,8,,Partially cloudy,partly-cloudy-day,"VABP,42667099999"
"Bhopal, Madhya Pradesh, India",2024-04-22T13:00:00,91.4,89.5,55.4,29.75,0,0,,0,0,18.8,8.1,160,1011,50,3.1,739.8,2.7,7,,Partially cloudy,partly-cloudy-day,"VABP,42667099999"
"Bhopal, Madhya Pradesh, India",2024-04-22T14:00:00,89.6,88.1,56.5,32.79,0,0,,0,0,19.2,11.4,146,1008.5,64.2,3.1,868.4,3.1,9,,Partially cloudy,partly-cloudy-day,"VABP,42667099999,42763099999"
"Bhopal, Madhya Pradesh, India",2024-04-22T15:00:00,89.6,87.8,55.4,31.48,0,0,,0,0,20.4,10.3,160,1010,50,3.7,795.9,2.9,8,,Partially cloudy,partly-cloudy-day,"VABP,42667099999"
"Bhopal, Madhya Pradesh, India",2024-04-22T16:00:00,89.6,87.8,55.4,31.48,0,0,,0,0,21.7,8.1,160,1009,50,3.7,670.9,2.4,7,,Partially cloudy,partly-cloudy-day,"VABP,42667099999"
"Bhopal, Madhya Pradesh, India",2024-04-22T17:00:00,90.4,89.7,59.1,35.02,0,0,,0,0,22.6,6.8,155,1007.1,54.6,3.2,449.7,1.6,4,,Partially cloudy,partly-cloudy-day,"VABP,42672099999,42667099999,42763099999"
"Bhopal, Madhya Pradesh, India",2024-04-22T18:00:00,91.4,90.7,59,33.87,0,0,,0,0,22.1,6.9,150,1009,50,3.7,236.8,0.9,2,,Partially cloudy,partly-cloudy-day,"VABP,42667099999"
"Bhopal, Madhya Pradesh, India",2024-04-22T19:00:00,84.2,83.9,59,42.56,0,0,,0,0,20.6,6.9,140,1010,27.3,3.7,75.4,0.3,0,,Partially cloudy,partly-cloudy-night,"VABP,42667099999"
"Bhopal, Madhya Pradesh, India",2024-04-22T20:00:00,83.2,83.8,61.6,48.14,0,0,,0,0,16.1,8.1,135,1008.6,27.3,3.2,0.8,0,0,,Partially cloudy,partly-cloudy-night,"VABP,42667099999"
"Bhopal, Madhya Pradesh, India",2024-04-22T21:00:00,83.9,85.3,63.9,51.14,0,0,,0,0,8.5,5.4,202.4,1008,21.8,,0,0,0,,Partially cloudy,partly-cloudy-night,remote
"Bhopal, Madhya Pradesh, India",2024-04-22T22:00:00,80.6,81.5,60.8,50.99,0,0,,0,0,9.4,5.8,140,1011,0,3.7,0,0,0,,Clear,clear-night,"VABP,42667099999"
"Bhopal, Madhya Pradesh, India",2024-04-22T23:00:00,80.8,82.4,63.9,56.48,0,0,,0,0,10.3,8.1,140,1009.5,7.2,3.2,0,0,0,,Clear,clear-night,"VABP,42667099999"
"Bhopal, Madhya Pradesh, India",2024-04-23T00:00:00,81.9,83.5,64.3,55.21,0,0,,0,0,10.5,7.8,193.8,1009,4.4,,0,0,0,,Clear,clear-night,remote
"Bhopal, Madhya Pradesh, India",2024-04-23T01:00:00,82.1,83.5,63.8,53.86,0,0,,0,0,13.6,7.6,196.9,1009,2.5,,0,0,0,,Clear,clear-night,remote
"Bhopal, Madhya Pradesh, India",2024-04-23T02:00:00,75.9,75.9,63.5,65.59,0,0,,0,0,13.2,4.7,180,1008,0,3.2,0,0,0,,Clear,clear-night,"VABP,42667099999"
"Bhopal, Madhya Pradesh, India",2024-04-23T03:00:00,79.4,79.4,63.4,58.08,0,0,,0,0,12.5,6.7,215.9,1008,0,,0,0,0,,Clear,clear-night,remote
"Bhopal, Madhya Pradesh, India",2024-04-23T04:00:00,77.1,77.1,63.1,61.95,0,0,,0,0,11.2,5.1,215.2,1008,14.1,,0,0,0,,Clear,clear-night,remote
"Bhopal, Madhya Pradesh, India",2024-04-23T05:00:00,75.7,75.7,62.9,64.51,0,0,,0,0,10.7,4.7,160,1008.8,45.4,3.2,0,0,0,,Partially cloudy,partly-cloudy-night,"VABP,42667099999"
"Bhopal, Madhya Pradesh, India",2024-04-23T06:00:00,80.3,82.2,65,59.68,0,0,,0,0,10.1,4.3,220.7,1008,2.9,,0,0,0,,Clear,clear-day,remote
"Bhopal, Madhya Pradesh, India",2024-04-23T07:00:00,80.1,81.9,64.5,58.92,0,0,,0,0,8.7,4.9,213.8,1009,0,,17,0.1,0,,Clear,clear-day,remote
"Bhopal, Madhya Pradesh, India",2024-04-23T08:00:00,83.3,84.2,62.4,49.38,0,0,,0,0,11.4,6.8,180,1009.8,27.3,3.2,170.6,0.6,2,,Partially cloudy,partly-cloudy-day,"VABP,42672099999,42667099999,42763099999"
"Bhopal, Madhya Pradesh, India",2024-04-23T09:00:00,82.1,82.9,61.6,49.92,0,0,,0,0,14.8,6.3,229.9,1010,0,,397.8,1.4,4,,Clear,clear-day,remote
"Bhopal, Madhya Pradesh, India",2024-04-23T10:00:00,82.1,82.5,60.2,47.44,0,0,,0,0,18.6,6.7,246.1,1009,0,,621.3,2.2,6,,Clear,clear-day,remote
"Bhopal, Madhya Pradesh, India",2024-04-23T11:00:00,93.4,90.7,52.1,24.71,0,0,,0,0,20.8,11.4,200,1008.9,0,3.1,807.8,2.9,8,,Clear,clear-day,"VABP,42667099999,42763099999"
"Bhopal, Madhya Pradesh, India",2024-04-23T12:00:00,93.6,92,56,28.39,0,0,,0,0,22.1,9.2,249.8,1009,1.5,,937.1,3.4,9,,Clear,clear-day,remote
"Bhopal, Madhya Pradesh, India",2024-04-23T13:00:00,94.7,93.1,56,27.46,0,0,,0,0,23,9.8,253,1008,0,,995.4,3.6,10,,Clear,clear-day,remote
"Bhopal, Madhya Pradesh, India",2024-04-23T14:00:00,99.4,95.8,47.2,17.15,0,0,,0,0,23.5,13.8,200,1005.8,27.3,3.1,980.3,3.5,10,,Partially cloudy,partly-cloudy-day,"VABP,42667099999,42763099999"
"Bhopal, Madhya Pradesh, India",2024-04-23T15:00:00,99.2,97.2,53.5,21.83,0,0,,0,0,23.5,10.5,261.2,1006,0,,886.8,3.2,9,,Clear,clear-day,remote
"Bhopal, Madhya Pradesh, India",2024-04-23T16:00:00,98.6,93.8,37.4,12.08,0,0,,0,0,23.3,9.2,230,1006,27.3,3.7,729.4,2.6,7,,Partially cloudy,partly-cloudy-day,"VABP,42667099999"
"Bhopal, Madhya Pradesh, India",2024-04-23T17:00:00,97.7,93.6,44.3,16.21,0,0,,0,0,21.7,11.2,245,1003.8,30,3.2,544.2,2,5,,Partially cloudy,partly-cloudy-day,"VABP,42672099999,42667099999,42763099999"
"Bhopal, Madhya Pradesh, India",2024-04-23T18:00:00,95,90.3,33.8,11.69,0,0,,0,0,20.4,10.3,240,1006,0,3.7,319.2,1.1,3,,Clear,clear-day,"VABP,42667099999"
"Bhopal, Madhya Pradesh, India",2024-04-23T19:00:00,87.8,84.1,33.8,14.64,0,0,,0,0,15.2,5.8,260,1007,0,3.7,99.9,0.4,0,,Clear,clear-night,"VABP,42667099999"
"Bhopal, Madhya Pradesh, India",2024-04-23T20:00:00,87.6,84,37.4,16.97,0,0,,0,0,8.5,5.8,255,1006.4,0.9,3.2,1.4,0,0,,Clear,clear-night,"VABP,42667099999"
"Bhopal, Madhya Pradesh, India",2024-04-23T21:00:00,86,82.7,33.8,15.5,0,0,,0,0,8.5,5.8,250,1008,0,3.7,0,0,0,,Clear,clear-night,"VABP,42667099999"
"Bhopal, Madhya Pradesh, India",2024-04-23T22:00:00,84.2,81.3,35.6,17.64,0,0,,0,0,9.4,3.4,220,1009,0,3.7,0,0,0,,Clear,clear-night,"VABP,42667099999"
"Bhopal, Madhya Pradesh, India",2024-04-23T23:00:00,82.2,80.5,45.6,27.7,0,0,,0,0,9.8,5.8,230,1007.7,0,3.2,0,0,0,,Clear,clear-night,"VABP,42667099999"
"Bhopal, Madhya Pradesh, India",2024-04-24T00:00:00,81.6,80.5,49.9,33.24,0,0,,0,0,9.8,4.5,234.1,1007,0,,0,0,0,,Clear,clear-night,remote
"Bhopal, Madhya Pradesh, India",2024-04-24T01:00:00,81.2,80.2,49.4,32.97,0,0,,0,0,7.8,4.7,239.5,1007,0,,0,0,0,,Clear,clear-night,remote
"Bhopal, Madhya Pradesh, India",2024-04-24T02:00:00,80.3,80.2,53.9,40.08,0,0,,0,0,7.4,11.4,270,1005.4,40,2.5,0,0,0,,Partially cloudy,partly-cloudy-night,42667099999
"Bhopal, Madhya Pradesh, India",2024-04-24T03:00:00,77.6,77.6,50.8,39.14,0,0,,0,0,7.6,4.7,257.5,1006,0.7,,0,0,0,,Clear,clear-night,remote
"Bhopal, Madhya Pradesh, India",2024-04-24T04:00:00,74.4,74.4,54.9,50.74,0,0,,0,0,7.6,4.5,255.8,1006,47.7,,0,0,0,,Partially cloudy,partly-cloudy-night,remote
"Bhopal, Madhya Pradesh, India",2024-04-24T05:00:00,76.6,76.6,59.5,55.49,0,0,,0,0,7.8,7.8,211,1006.8,45.4,2.8,0,0,0,,Partially cloudy,partly-cloudy-night,"VABP,42667099999"
"Bhopal, Madhya Pradesh, India",2024-04-24T06:00:00,73.4,73.4,62.6,68.97,0,0,,0,0,7.8,3.4,160,1009,50,3.1,0,0,0,,Partially cloudy,partly-cloudy-day,"VABP,42667099999"
"Bhopal, Madhya Pradesh, India",2024-04-24T07:00:00,80.6,80.3,53.6,39.34,0,0,,0,0,7.6,3.4,160,1010,50,3.1,18.6,0.1,0,,Partially cloudy,partly-cloudy-day,"VABP,42667099999"
"Bhopal, Madhya Pradesh, India",2024-04-24T08:00:00,83.8,82.9,55.9,38.54,0,0,,0,0,9.8,5.7,160,1009.3,49.8,3.2,177.8,0.6,2,,Partially cloudy,partly-cloudy-day,"VABP,42672099999,42667099999,42763099999"
"Bhopal, Madhya Pradesh, India",2024-04-24T09:00:00,89.6,86.1,44.6,21.07,0,0,,0,0,11.6,6.9,260,1011,36.6,3.7,407.3,1.5,4,,Partially cloudy,partly-cloudy-day,"VABP,42667099999"
"Bhopal, Madhya Pradesh, India",2024-04-24T10:00:00,95,91.3,46.4,19.07,0,0,,0,0,13.2,4.7,140,1011,0,3.7,629.6,2.3,6,,Clear,clear-day,"VABP,42667099999"
"Bhopal, Madhya Pradesh, India",2024-04-24T11:00:00,91.3,88,48.7,23.36,0,0,,0,0,13.9,9.1,160,1008.7,40,3.1,813.7,2.9,8,,Partially cloudy,partly-cloudy-day,"VABP,42667099999,42763099999"
"Bhopal, Madhya Pradesh, India",2024-04-24T12:00:00,96.8,92.6,42.8,15.73,0,0,,0,0,14.1,6.9,190,1010,27.3,3.7,940.8,3.4,9,,Partially cloudy,partly-cloudy-day,"VABP,42667099999"
"Bhopal, Madhya Pradesh, India",2024-04-24T13:00:00,98.6,94.1,41,13.9,0,0,,0,0,19.5,8.1,180,1009,27.3,3.7,988.5,3.6,10,,Partially cloudy,partly-cloudy-day,"VABP,42667099999"
"Bhopal, Madhya Pradesh, India",2024-04-24T14:00:00,100.9,97.3,47.4,16.55,0,0,,0,0,21,11.4,180,1005.6,27.3,3.1,882.4,3.2,9,,Partially cloudy,partly-cloudy-day,"VABP,42667099999,42763099999"
"Bhopal, Madhya Pradesh, India",2024-04-24T15:00:00,100.4,95.6,39.2,12.27,0,0,,0,0,22.1,16.1,210,1007,27.3,3.7,875.2,3.2,9,,Partially cloudy,partly-cloudy-day,"VABP,42667099999"
"Bhopal, Madhya Pradesh, India",2024-04-24T16:00:00,100.4,95.4,37.4,11.44,0,0,,0,0,22.1,11.4,190,1006,27.3,3.7,727.9,2.6,7,,Partially cloudy,partly-cloudy-day,"VABP,42667099999"
"Bhopal, Madhya Pradesh, India",2024-04-24T17:00:00,99.4,94.4,36,11.15,0,0,,0,0,21,11.2,205,1003.8,27.3,3.2,543.7,2,5,,Partially cloudy,partly-cloudy-day,"VABP,42672099999,42667099999,42763099999"
"Bhopal, Madhya Pradesh, India",2024-04-24T18:00:00,100.1,98.6,54.8,22.25,0,0,,0,0,19.5,6.7,289.3,1003,23.2,,318,1.1,3,,Partially cloudy,partly-cloudy-day,remote
"Bhopal, Madhya Pradesh, India",2024-04-24T19:00:00,91.4,88.1,48.2,22.82,0,0,,0,0,14.5,4.7,140,1007,27.3,3.7,99.9,0.4,0,,Partially cloudy,partly-cloudy-night,"VABP,42667099999"
"Bhopal, Madhya Pradesh, India",2024-04-24T20:00:00,87.8,85.4,51.6,29.03,0,0,,0,0,8.7,4.7,145,1006.6,18,3.2,1.5,0,0,,Clear,clear-night,"VABP,42667099999"
"Bhopal, Madhya Pradesh, India",2024-04-24T21:00:00,86,83.9,51.8,30.93,0,0,,0,0,8.5,4.7,160,1009,27.3,3.7,0,0,0,,Partially cloudy,partly-cloudy-night,"VABP,42667099999"
"Bhopal, Madhya Pradesh, India",2024-04-24T22:00:00,84.2,82.2,50,30.66,0,0,,0,0,7.4,4.7,200,1010,0,3.7,0,0,0,,Clear,clear-night,"VABP,42667099999"
"Bhopal, Madhya Pradesh, India",2024-04-24T23:00:00,82.6,81.9,55,38.7,0,0,,0,0,7.2,4.7,185,1008.4,6.7,3.2,0,0,0,,Clear,clear-night,"VABP,42667099999"
"Bhopal, Madhya Pradesh, India",2024-04-25T00:00:00,82.7,81.9,55.3,39.15,0,0,,0,0,7.8,4.9,234.4,1007,6,,0,0,0,,Clear,clear-night,remote
"Bhopal, Madhya Pradesh, India",2024-04-25T01:00:00,82.5,81.9,55.8,40.15,0,0,,0,0,7.6,5.1,258.1,1007,8.3,,0,0,0,,Clear,clear-night,remote
"Bhopal, Madhya Pradesh, India",2024-04-25T02:00:00,80.6,80.5,55.2,41.75,0,0,,0,0,8.1,4.7,185,1007.6,0.9,3.2,0,0,0,,Clear,clear-night,"VABP,42667099999"
"Bhopal, Madhya Pradesh, India",2024-04-25T03:00:00,80,80,56,43.87,0,0,,0,0,8.3,5.6,306.3,1006,0.1,,0,0,0,,Clear,clear-night,remote
"Bhopal, Madhya Pradesh, India",2024-04-25T04:00:00,74.6,74.6,53,46.92,0,0,,0,0,8.3,4.5,305.1,1006,8,,0,0,0,,Clear,clear-night,remote
"Bhopal, Madhya Pradesh, India",2024-04-25T05:00:00,73.5,73.5,51.9,46.75,0,0,,0,0,7.6,4.7,175,1007.8,19.4,3.2,0,0,0,,Clear,clear-night,"VABP,42667099999"
"Bhopal, Madhya Pradesh, India",2024-04-25T06:00:00,75.2,75.2,44.6,33.6,0,0,,0,0,7.6,4.7,240,1009,27.3,3.7,0,0,0,,Partially cloudy,partly-cloudy-day,"VABP,42667099999"
"Bhopal, Madhya Pradesh, India",2024-04-25T07:00:00,84.2,81.6,42.8,23.36,0,0,,0,0,8.5,3.4,210,1010,0,3.7,19.2,0.1,0,,Clear,clear-day,"VABP,42667099999"
"Bhopal, Madhya Pradesh, India",2024-04-25T08:00:00,87.4,84.8,50.2,27.87,0,0,,0,0,11.9,6.9,205,1009.3,40,3.1,174,0.6,2,,Partially cloudy,partly-cloudy-day,"VABP,42667099999,42763099999"
"Bhopal, Madhya Pradesh, India",2024-04-25T09:00:00,84.1,83.2,56.4,38.86,0,0,,0,0,13.6,5.4,315.3,1009,0,,402.5,1.4,4,,Clear,clear-day,remote
"Bhopal, Madhya Pradesh, India",2024-04-25T10:00:00,85.7,84.4,55.8,36.18,0,0,,0,0,15.7,5.4,322.1,1009,2,,636.7,2.3,6,,Clear,clear-day,remote
"Bhopal, Madhya Pradesh, India",2024-04-25T11:00:00,98.4,94.7,46.6,17.31,0,0,,0,0,16.3,6.9,270,1008.6,11.1,3.1,804.6,2.9,8,,Clear,clear-day,"VABP,42667099999,42763099999"
"Bhopal, Madhya Pradesh, India",2024-04-25T12:00:00,100.4,96,42.8,14.11,0,0,,0,0,16.8,11.4,240,1010,0,3.7,935.6,3.4,9,,Clear,clear-day,"VABP,42667099999"
"Bhopal, Madhya Pradesh, India",2024-04-25T13:00:00,100.4,96,42.8,14.11,0,0,,0,0,17.2,10.3,210,1009,27.3,3.7,913.9,3.3,9,,Partially cloudy,partly-cloudy-day,"VABP,42667099999"
"Bhopal, Madhya Pradesh, India",2024-04-25T14:00:00,102.2,98.5,46.9,15.59,0,0,,0,0,18.3,5.8,230,1005.6,49.9,3.1,913.4,3.3,9,,Partially cloudy,partly-cloudy-day,"VABP,42667099999,42763099999"
"Bhopal, Madhya Pradesh, India",2024-04-25T15:00:00,102.2,97.8,42.8,13.36,0,0,,0,0,18.6,5.8,190,1007,50,3.7,772.9,2.8,8,,Partially cloudy,partly-cloudy-day,"VABP,42667099999"
"Bhopal, Madhya Pradesh, India",2024-04-25T16:00:00,100.4,95.8,41,13.16,0,0,,0,0,18.8,9.2,260,1007,50,3.7,625.7,2.3,6,,Partially cloudy,partly-cloudy-day,"VABP,42667099999"
"Bhopal, Madhya Pradesh, India",2024-04-25T17:00:00,101.1,96.7,43.1,14,0,0,,0,0,19.5,11.2,250,1004.6,50,3.2,458,1.6,5,,Partially cloudy,partly-cloudy-day,"VABP,42672099999,42667099999,42763099999"
"Bhopal, Madhya Pradesh, India",2024-04-25T18:00:00,95,90.7,41,15.51,0,0,,0,0,17.9,6.9,260,1007,50,3.7,307.3,1.1,3,,Partially cloudy,partly-cloudy-day,"VABP,42667099999"
"Bhopal, Madhya Pradesh, India",2024-04-25T19:00:00,91.4,87.5,42.8,18.59,0,0,,0,0,12.8,5.8,250,1008,50,3.7,79.7,0.3,0,,Partially cloudy,partly-cloudy-night,"VABP,42667099999"
"Bhopal, Madhya Pradesh, India",2024-04-25T20:00:00,91.5,87.6,43,18.72,0,0,,0,0,7.8,8.1,250,1006.3,45.4,3.2,1.3,0,0,,Partially cloudy,partly-cloudy-night,"VABP,42667099999"
"Bhopal, Madhya Pradesh, India",2024-04-25T21:00:00,87.7,94,71.5,58.8,0,0,,0,0,8.5,5.8,250,1009,50,3.7,0,0,0,,Partially cloudy,partly-cloudy-night,"VABP,42667099999"
"Bhopal, Madhya Pradesh, India",2024-04-25T22:00:00,85.9,83.3,48.1,27.05,0,0,,0,0,8.9,1.1,140,1009,50,3.7,0,0,0,,Partially cloudy,partly-cloudy-night,VABP
"Bhopal, Madhya Pradesh, India",2024-04-25T23:00:00,86.3,85,56.4,36.26,0,0,,0,0,8.7,6.9,230,1005.9,40,2.5,0,0,0,,Partially cloudy,partly-cloudy-night,42667099999
"Bhopal, Madhya Pradesh, India",2024-04-26T00:00:00,85.6,84.1,55.1,35.45,0,0,,0,0,8.9,7.2,276.4,1007,15.4,,0,0,0,,Clear,clear-night,remote
"Bhopal, Madhya Pradesh, India",2024-04-26T01:00:00,85.2,83.7,54.6,35.16,0,0,,0,0,12.8,6.9,282.8,1006,19.2,,0,0,0,,Clear,clear-night,remote
"Bhopal, Madhya Pradesh, India",2024-04-26T02:00:00,83.4,83.3,59.1,43.82,0,0,,0,0,12.5,8.1,250,1008.7,30,2.5,0,0,0,,Partially cloudy,partly-cloudy-night,42667099999
"Bhopal, Madhya Pradesh, India",2024-04-26T03:00:00,82.8,82.1,55.7,39.43,0,0,,0,0,11.4,6,288.4,1006,9.8,,0,0,0,,Clear,clear-night,remote
"Bhopal, Madhya Pradesh, India",2024-04-26T04:00:00,79.8,79.8,55.8,43.84,0,0,,0,0,10.3,4.9,293.1,1006,7.1,,0,0,0,,Clear,clear-night,remote
"Bhopal, Madhya Pradesh, India",2024-04-26T05:00:00,78.8,78.8,64.1,60.67,0,0,,0,0,9.4,4.7,140,1007.6,45.4,3.2,0,0,0,,Partially cloudy,partly-cloudy-night,"VABP,42667099999"
"Bhopal, Madhya Pradesh, India",2024-04-26T06:00:00,78.8,78.8,57.2,47.55,0,0,,0,0,8.5,4.7,150,1009,27.3,3.7,0,0,0,,Partially cloudy,partly-cloudy-day,"VABP,42667099999"
"Bhopal, Madhya Pradesh, India",2024-04-26T07:00:00,82.4,82.1,57.2,42.28,0,0,,0,0,7.6,4.7,160,1010,27.3,3.7,18,0.1,0,,Partially cloudy,partly-cloudy-day,"VABP,42667099999"
"Bhopal, Madhya Pradesh, India",2024-04-26T08:00:00,88,87.3,58.9,37.55,0,0,,0,0,9.4,9,235,1009.4,49.9,3.2,172.7,0.6,2,,Partially cloudy,partly-cloudy-day,"VABP,42672099999,42667099999,42763099999"
"Bhopal, Madhya Pradesh, India",2024-04-26T09:00:00,91.4,88.4,50,24.4,0,0,,0,0,11.4,16.1,270,1012,50,3.7,398.8,1.4,4,,Partially cloudy,partly-cloudy-day,"VABP,42667099999"
"Bhopal, Madhya Pradesh, India",2024-04-26T10:00:00,91.4,88.7,51.8,26.08,0,0,,0,0,13.2,13.9,290,1012,88.9,3.7,592.5,2.1,6,,Partially cloudy,partly-cloudy-day,"VABP,42667099999"
"Bhopal, Madhya Pradesh, India",2024-04-26T11:00:00,89.9,88.2,56,31.87,0,0,,0,0,14.3,16,295,1009.6,84.1,3.1,803.3,2.9,8,,Partially cloudy,partly-cloudy-day,"VABP,42667099999,42763099999"
"Bhopal, Madhya Pradesh, India",2024-04-26T12:00:00,93.2,90.5,51.8,24.66,0,0,,0,0,14.5,15,270,1011,50,3.7,888.2,3.2,9,,Partially cloudy,partly-cloudy-day,"VABP,42667099999"
"Bhopal, Madhya Pradesh, India",2024-04-26T13:00:00,93.2,90.5,51.8,24.66,0,0,,0,0,13.6,18.3,270,1010,50,3.7,952.8,3.4,10,,Partially cloudy,partly-cloudy-day,"VABP,42667099999"
"Bhopal, Madhya Pradesh, India",2024-04-26T14:00:00,92.5,90.4,54.3,27.62,0,0,,0,0,15.2,13.8,290,1007.1,54.6,3.1,813.8,2.9,8,,Partially cloudy,partly-cloudy-day,"VABP,42667099999,42763099999"
"Bhopal, Madhya Pradesh, India",2024-04-26T15:00:00,93.2,90.5,51.8,24.66,0,0,,0,0,19.9,9.2,290,1009,27.3,3.7,613.2,2.2,6,,Partially cloudy,partly-cloudy-day,"VABP,42667099999"
"Bhopal, Madhya Pradesh, India",2024-04-26T16:00:00,91.4,88.4,50,24.4,0,0,,0,0,27.5,11.4,290,1009,88.9,3.7,510.5,1.8,5,,Partially cloudy,partly-cloudy-day,"VABP,42667099999"
"Bhopal, Madhya Pradesh, India",2024-04-26T17:00:00,92.1,90,54.4,28.05,0,0,,0,0,26.8,16.9,285,1007,83.6,3.1,363.9,1.3,4,,Partially cloudy,partly-cloudy-day,"VABP,42672099999,42667099999,42763099999"
"Bhopal, Madhya Pradesh, India",2024-04-26T18:00:00,86,84.5,55.4,35.29,0,0,,0,0,21.5,12.8,290,1010,88.9,3.7,219.8,0.8,2,,Partially cloudy,partly-cloudy-day,"VABP,42667099999"
"Bhopal, Madhya Pradesh, India",2024-04-26T19:00:00,84.2,83.1,55.4,37.38,0,0,,0,0,17.9,16.1,300,1010,50,3.7,60.1,0.2,0,,Partially cloudy,partly-cloudy-night,"VABP,42667099999"
"Bhopal, Madhya Pradesh, India",2024-04-26T20:00:00,81.3,81.4,57.7,44.73,0,0,,0,0,12.1,5.8,315,1009.5,54.6,3.2,1.5,0,0,,Partially cloudy,partly-cloudy-night,"VABP,42667099999"
"Bhopal, Madhya Pradesh, India",2024-04-26T21:00:00,80.6,80.5,55.4,42,0,0,,0,0,9.2,4.7,360,1011,50,3.7,0,0,0,,Partially cloudy,partly-cloudy-night,"VABP,42667099999"
"Bhopal, Madhya Pradesh, India",2024-04-26T22:00:00,82.4,81.5,53.6,37.1,0,0,,0,0,8.7,5.8,50,1011,50,3.7,0,0,0,,Partially cloudy,partly-cloudy-night,"VABP,42667099999"
"Bhopal, Madhya Pradesh, India",2024-04-26T23:00:00,80.8,81.2,58.6,46.72,0,0,,0,0,8.3,3.4,115,1009.4,50,3.2,0,0,0,,Partially cloudy,partly-cloudy-night,"VABP,42667099999"
"Bhopal, Madhya Pradesh, India",2024-04-27T00:00:00,80.3,81.7,63.1,55.69,0,0,,0,0,7.8,3.6,137.1,1009,12.4,,0,0,0,,Clear,clear-night,remote
"Bhopal, Madhya Pradesh, India",2024-04-27T01:00:00,79.1,79.1,63.4,58.77,0,0,,0,0,6.9,4,156.2,1008,10.7,,0,0,0,,Clear,clear-night,remote
"Bhopal, Madhya Pradesh, India",2024-04-27T02:00:00,80.7,82.2,63.6,56.09,0,0,,0,0,6.9,11.4,110,1006.4,50,2.5,0,0,0,,Partially cloudy,partly-cloudy-night,42667099999
"Bhopal, Madhya Pradesh, India",2024-04-27T03:00:00,77.3,77.3,63.9,63.56,0,0,,0,0,6.7,4.5,196.1,1007,9.7,,0,0,0,,Clear,clear-night,remote
"Bhopal, Madhya Pradesh, India",2024-04-27T04:00:00,75.6,75.6,62.1,62.96,0,0,,0,0,6.5,3.6,237.4,1008,46.8,,0,0,0,,Partially cloudy,partly-cloudy-night,remote
"Bhopal, Madhya Pradesh, India",2024-04-27T05:00:00,75.3,75.3,59.1,57.24,0,0,,0,0,6.7,3.4,160,1008.9,27.3,3.2,0,0,0,,Partially cloudy,partly-cloudy-night,"VABP,42667099999"
"Bhopal, Madhya Pradesh, India",2024-04-27T06:00:00,77,77,55.4,47.28,0,0,,0,0,7.2,3.4,170,1010,27.3,3.7,0,0,0,,Partially cloudy,partly-cloudy-day,"VABP,42667099999"
"Bhopal, Madhya Pradesh, India",2024-04-27T07:00:00,82.4,82.1,57.2,42.28,0,0,,0,0,7.2,2.2,170,1011,27.3,3.7,20.3,0.1,0,,Partially cloudy,partly-cloudy-day,"VABP,42667099999"
"Bhopal, Madhya Pradesh, India",2024-04-27T08:00:00,87.5,86.8,59,38.29,0,0,,0,0,9.2,3.3,205,1010.3,29.8,3.2,167.1,0.6,2,,Partially cloudy,partly-cloudy-day,"VABP,42672099999,42667099999,42763099999"
"Bhopal, Madhya Pradesh, India",2024-04-27T09:00:00,91.4,89.5,55.4,29.75,0,0,,0,0,11.2,8.1,280,1012,0,3.7,392.9,1.4,4,,Clear,clear-day,"VABP,42667099999"
"Bhopal, Madhya Pradesh, India",2024-04-27T10:00:00,84.8,86.2,64.1,50,0,0,,0,0,14.8,6.9,289.1,1010,73.8,,610.7,2.2,6,,Partially cloudy,partly-cloudy-day,remote
"Bhopal, Madhya Pradesh, India",2024-04-27T11:00:00,95.8,95.8,59.9,30.45,0,0,,0,0,17.4,5.8,284,1009.9,54.6,3.1,770.7,2.8,8,,Partially cloudy,partly-cloudy-day,"VABP,42667099999,42763099999"
"Bhopal, Madhya Pradesh, India",2024-04-27T12:00:00,95,92.7,53.6,24.92,0,0,,0,0,18.1,6.9,280,1011,50,3.7,856.9,3.1,9,,Partially cloudy,partly-cloudy-day,"VABP,42667099999"
"Bhopal, Madhya Pradesh, India",2024-04-27T13:00:00,95,92.7,53.6,24.92,0,0,,0,0,18.8,3.4,250,1010,88.9,3.7,914.6,3.3,9,,Partially cloudy,partly-cloudy-day,"VABP,42667099999"
"Bhopal, Madhya Pradesh, India",2024-04-27T14:00:00,96.8,95.5,56.3,26.01,0,0,,0,0,18.8,3.3,255,1007.2,88.9,3.1,836.5,3,8,,Partially cloudy,partly-cloudy-day,"VABP,42667099999,42763099999"
"Bhopal, Madhya Pradesh, India",2024-04-27T15:00:00,96.8,94.1,51.8,22.07,0,0,,0,0,19,9.2,260,1009,88.9,3.7,727.9,2.6,7,,Partially cloudy,partly-cloudy-day,"VABP,42667099999"
"Bhopal, Madhya Pradesh, India",2024-04-27T16:00:00,96.8,94.1,51.8,22.07,0,0,,0,0,19.7,4.7,220,1008,88.9,3.7,603,2.2,6,,Partially cloudy,partly-cloudy-day,"VABP,42667099999"
"Bhopal, Madhya Pradesh, India",2024-04-27T17:00:00,96.8,94,51.3,21.65,0,0,,0,0,19,2.2,295,1006,88.4,3.1,485.7,1.7,5,,Partially cloudy,partly-cloudy-day,"VABP,42672099999,42667099999,42763099999"
"Bhopal, Madhya Pradesh, India",2024-04-27T18:00:00,93.2,89.8,48.2,21.57,0,0,,0,0,17.9,4.7,300,1009,88.9,3.7,262.9,0.9,3,,Partially cloudy,partly-cloudy-day,"VABP,42667099999"
"Bhopal, Madhya Pradesh, India",2024-04-27T19:00:00,91.4,88.1,48.2,22.82,0,0,,0,0,13,4.5,330,1009,50,3.7,82.7,0.3,0,,Partially cloudy,partly-cloudy-night,"VABP,42667099999"
"Bhopal, Madhya Pradesh, India",2024-04-27T20:00:00,87.8,84.9,48.3,25.63,0,0,,0,0,7.6,2.2,340,1008.4,50,3.2,1.7,0,0,,Partially cloudy,partly-cloudy-night,"VABP,42667099999"
"Bhopal, Madhya Pradesh, India",2024-04-27T21:00:00,86,83.6,50,28.94,0,0,,0,0,7.4,0,0,1010,50,3.7,0,0,0,,Partially cloudy,partly-cloudy-night,"VABP,42667099999"
"Bhopal, Madhya Pradesh, India",2024-04-27T22:00:00,86,83.4,48.2,27.06,0,0,,0,0,6,2.2,290,1011,50,3.7,0,0,0,,Partially cloudy,partly-cloudy-night,"VABP,42667099999"
"Bhopal, Madhya Pradesh, India",2024-04-27T23:00:00,84.2,82.6,52.9,34.1,0,0,,0,0,6.9,3.4,270,1009.4,50,3.2,0,0,0,,Partially cloudy,partly-cloudy-night,"VABP,42667099999"
"Bhopal, Madhya Pradesh, India",2024-04-28T00:00:00,85.2,84.5,58.2,40.05,0,0,,0,0,7.6,1.1,285.6,1008,88.6,,0,0,0,,Partially cloudy,partly-cloudy-night,remote
"Bhopal, Madhya Pradesh, India",2024-04-28T01:00:00,84.8,83.9,56.9,38.72,0,0,,0,0,2.9,2,266.6,1007,88.4,,0,0,0,,Partially cloudy,partly-cloudy-night,remote
"Bhopal, Madhya Pradesh, India",2024-04-28T02:00:00,82.4,81.8,55.8,40.22,0,0,,0,0,4.5,9.2,270,1008.5,50,2.8,0,0,0,,Partially cloudy,partly-cloudy-night,"VABP,42667099999"
"Bhopal, Madhya Pradesh, India",2024-04-28T03:00:00,82.7,82.2,56.6,40.97,0,0,,0,0,6.5,4,294.8,1007,97.1,,0,0,0,,Overcast,cloudy,remote
"Bhopal, Madhya Pradesh, India",2024-04-28T04:00:00,77.3,77.3,58.6,52.5,0,0,,0,0,7.4,4.9,293.7,1007,41.5,,0,0,0,,Partially cloudy,partly-cloudy-night,remote
"Bhopal, Madhya Pradesh, India",2024-04-28T05:00:00,78.5,78.5,52,39.62,0,0,,0,0,7.8,6.8,254,1008.5,50,2.8,0,0,0,,Partially cloudy,partly-cloudy-night,"VABP,42667099999"
"Bhopal, Madhya Pradesh, India",2024-04-28T06:00:00,75.2,75.2,44.6,33.6,0,0,,0,0,8.5,4.7,260,1010,27.3,3.1,0,0,0,,Partially cloudy,partly-cloudy-day,"VABP,42667099999"
"Bhopal, Madhya Pradesh, India",2024-04-28T07:00:00,80.6,79.4,44.6,28.12,0,0,,0,0,9.2,4.7,270,1011,50,3.7,19.8,0.1,0,,Partially cloudy,partly-cloudy-day,"VABP,42667099999"
"Bhopal, Madhya Pradesh, India",2024-04-28T08:00:00,85.4,82.8,46.2,25.55,0,0,,0,0,12.8,5.7,289,1010.3,50,3.2,177.8,0.6,2,,Partially cloudy,partly-cloudy-day,"VABP,42672099999,42667099999,42763099999"
"Bhopal, Madhya Pradesh, India",2024-04-28T09:00:00,91.4,87.1,33.8,13.07,0,0,,0,0,15,10.3,290,1012,50,3.7,392.8,1.4,4,,Partially cloudy,partly-cloudy-day,"VABP,42667099999"
"Bhopal, Madhya Pradesh, India",2024-04-28T10:00:00,95,90.2,30.2,10.11,0,0,,0,0,16.8,5.8,320,1012,50,3.7,592.2,2.1,6,,Partially cloudy,partly-cloudy-day,"VABP,42667099999"
"Bhopal, Madhya Pradesh, India",2024-04-28T11:00:00,96.8,91.8,30.9,9.85,0,0,,0,0,17.9,2.2,1,1009.7,45.4,3.1,803.8,2.9,8,,Partially cloudy,partly-cloudy-day,"VABP,42667099999,42763099999"
"Bhopal, Madhya Pradesh, India",2024-04-28T12:00:00,98.6,93.6,35.6,11.25,0,0,,0,0,17.2,4.7,290,1011,50,3.7,935.9,3.4,9,,Partially cloudy,partly-cloudy-day,"VABP,42667099999"
"Bhopal, Madhya Pradesh, India",2024-04-28T13:00:00,100.4,95.1,33.8,9.92,0,0,,0,0,12.1,9.2,280,1010,50,3.7,996.2,3.6,10,,Partially cloudy,partly-cloudy-day,"VABP,42667099999"
"Bhopal, Madhya Pradesh, India",2024-04-28T14:00:00,100.9,96.1,39.8,12.39,0,0,,0,0,13,4.7,224,1006.7,49.9,3.1,982.5,3.5,10,,Partially cloudy,partly-cloudy-day,"VABP,42667099999,42763099999"
"Bhopal, Madhya Pradesh, India",2024-04-28T15:00:00,98.6,93.6,35.6,11.25,0,0,,0,0,14.8,5.8,210,1009,50,3.7,896.1,3.2,9,,Partially cloudy,partly-cloudy-day,"VABP,42667099999"
"Bhopal, Madhya Pradesh, India",2024-04-28T16:00:00,99.6,98.6,56.6,24.14,0,0,,0,0,15.2,4.9,289.6,1006,6.3,,746.8,2.7,7,,Clear,clear-day,remote
"Bhopal, Madhya Pradesh, India",2024-04-28T17:00:00,99.3,94.4,37.8,12.02,0,0,,0,0,15.2,5.7,175,1005.7,84,3.2,539.8,1.9,5,,Partially cloudy,partly-cloudy-day,"VABP,42672099999,42667099999,42763099999"
"Bhopal, Madhya Pradesh, India",2024-04-28T18:00:00,96.8,92.1,37.4,12.76,0,0,,0,0,14.5,3.4,220,1008,50,3.7,316.6,1.1,3,,Partially cloudy,partly-cloudy-day,"VABP,42667099999"
"Bhopal, Madhya Pradesh, India",2024-04-28T19:00:00,93.2,89.6,46.4,20.16,0,0,,0,0,10.3,8.1,150,1009,50,3.7,101.6,0.4,0,,Partially cloudy,partly-cloudy-night,"VABP,42667099999"
"Bhopal, Madhya Pradesh, India",2024-04-28T20:00:00,91.5,88.4,49.8,24.18,0,0,,0,0,7.8,6.9,140,1008,63.9,3.2,2,0,0,,Partially cloudy,partly-cloudy-night,"VABP,42667099999"
"Bhopal, Madhya Pradesh, India",2024-04-28T21:00:00,89.6,86.2,46.4,22.56,0,0,,0,0,6.7,5.8,140,1010,50,3.7,0,0,0,,Partially cloudy,partly-cloudy-night,"VABP,42667099999"
"Bhopal, Madhya Pradesh, India",2024-04-28T22:00:00,86,83.4,48.2,27.06,0,0,,0,0,6.9,5.8,170,1011,50,3.7,0,0,0,,Partially cloudy,partly-cloudy-night,"VABP,42667099999"
"Bhopal, Madhya Pradesh, India",2024-04-28T23:00:00,85.5,83.5,52,31.68,0,0,,0,0,8.5,4.7,145,1009.2,45.4,3.2,0,0,0,,Partially cloudy,partly-cloudy-night,"VABP,42667099999"
"Bhopal, Madhya Pradesh, India",2024-04-29T00:00:00,85.4,84.5,57.5,38.8,0,0,,0,0,9.2,4.9,214.3,1008,6.1,,0,0,0,,Clear,clear-night,remote
"Bhopal, Madhya Pradesh, India",2024-04-29T01:00:00,85.4,84.5,57.5,38.8,0,0,,0,0,8.9,4.7,228.3,1008,14.1,,0,0,0,,Clear,clear-night,remote
"Bhopal, Madhya Pradesh, India",2024-04-29T02:00:00,80.9,80.3,52.1,36.86,0,0,,0,0,8.3,4.7,180,1006.7,50,2.5,0,0,0,,Partially cloudy,partly-cloudy-night,42667099999
"Bhopal, Madhya Pradesh, India",2024-04-29T03:00:00,81.1,81,56.6,43.19,0,0,,0,0,7.8,4.5,271,1008,26.6,,0,0,0,,Partially cloudy,partly-cloudy-night,remote
"Bhopal, Madhya Pradesh, India",2024-04-29T04:00:00,78.3,78.3,54.2,43.34,0,0,,0,0,8.1,4.7,290.7,1008,39.1,,0,0,0,,Partially cloudy,partly-cloudy-night,remote
"Bhopal, Madhya Pradesh, India",2024-04-29T05:00:00,79.7,79.7,47.8,32.63,0,0,,0,0,8.3,3.4,245,1008.6,27.3,3.2,0,0,0,,Partially cloudy,partly-cloudy-night,"VABP,42667099999"
"Bhopal, Madhya Pradesh, India",2024-04-29T06:00:00,77,77,44.6,31.65,0,0,,0,0,8.3,2.2,150,1010,27.3,3.7,0,0,0,,Partially cloudy,partly-cloudy-day,"VABP,42667099999"
"Bhopal, Madhya Pradesh, India",2024-04-29T07:00:00,82.4,80.5,44.6,26.52,0,0,,0,0,7.8,6.9,170,1012,50,3.7,21.9,0.1,0,,Partially cloudy,partly-cloudy-day,"VABP,42667099999"
"Bhopal, Madhya Pradesh, India",2024-04-29T08:00:00,86.5,84,49.6,28.05,0,0,,0,0,9.2,6.8,160,1010.4,10.2,3.2,177.2,0.6,2,,Clear,clear-day,"VABP,42672099999,42667099999,42763099999"
"Bhopal, Madhya Pradesh, India",2024-04-29T09:00:00,91.4,87.5,42.8,18.59,0,0,,0,0,11,3.4,190,1012,0,3.7,388.9,1.4,4,,Clear,clear-day,"VABP,42667099999"
"Bhopal, Madhya Pradesh, India",2024-04-29T10:00:00,95,90.7,41,15.51,0,0,,0,0,13.2,9.2,150,1012,0,3.7,610,2.2,6,,Clear,clear-day,"VABP,42667099999"
"Bhopal, Madhya Pradesh, India",2024-04-29T11:00:00,97.6,94,46.9,17.97,0,0,,0,0,14.8,13.8,200,1009.9,40,3.1,809,2.9,8,,Partially cloudy,partly-cloudy-day,"VABP,42667099999,42763099999"
"Bhopal, Madhya Pradesh, India",2024-04-29T12:00:00,98,96.1,54.4,23.44,0,0,,0,0,16.3,6.9,245.8,1010,38.5,,933.5,3.4,9,,Partially cloudy,partly-cloudy-day,remote
"Bhopal, Madhya Pradesh, India",2024-04-29T13:00:00,102.2,97.8,42.8,13.36,0,0,,0,0,18.6,11.4,210,1010,0,3.7,824.9,3,8,,Clear,clear-day,"VABP,42667099999"
"Bhopal, Madhya Pradesh, India",2024-04-29T14:00:00,102.2,98,44,13.97,0,0,,0,0,20.4,12.7,180,1006.6,32,3.1,852.2,3.1,9,,Partially cloudy,partly-cloudy-day,"VABP,42667099999,42763099999"
"Bhopal, Madhya Pradesh, India",2024-04-29T15:00:00,103.2,101.6,54.1,19.77,0,0,,0,0,22.8,11.6,249.6,1006,7.9,,832.4,3,8,,Clear,clear-day,remote
"Bhopal, Madhya Pradesh, India",2024-04-29T16:00:00,100.4,96,42.8,14.11,0,0,,0,0,25.1,10.3,220,1008,88.9,3.7,725.5,2.6,7,,Partially cloudy,partly-cloudy-day,"VABP,42667099999"
"Bhopal, Madhya Pradesh, India",2024-04-29T17:00:00,101.1,96.7,43.1,13.97,0,0,,0,0,24.8,10.1,195,1004.9,49.8,3.2,532.7,1.9,5,,Partially cloudy,partly-cloudy-day,"VABP,42672099999,42667099999,42763099999"
"Bhopal, Madhya Pradesh, India",2024-04-29T18:00:00,98.6,93.9,39.2,12.96,0,0,,0,0,23,8.1,230,1008,50,3.7,298.4,1.1,3,,Partially cloudy,partly-cloudy-day,"VABP,42667099999"
"Bhopal, Madhya Pradesh, India",2024-04-29T19:00:00,95,90.7,41,15.51,0,0,,0,0,17,6.9,230,1009,50,3.7,98.1,0.4,0,,Partially cloudy,partly-cloudy-night,"VABP,42667099999"
"Bhopal, Madhya Pradesh, India",2024-04-29T20:00:00,92.9,88.7,41.1,16.63,0,0,,0,0,9.6,6.9,211,1007.3,70.3,3.2,2.1,0,0,,Partially cloudy,partly-cloudy-night,"VABP,42667099999"
"Bhopal, Madhya Pradesh, India",2024-04-29T21:00:00,91.4,87.4,41,17.35,0,0,,0,0,10.7,8.1,240,1010,50,3.7,0,0,0,,Partially cloudy,partly-cloudy-night,"VABP,42667099999"
"Bhopal, Madhya Pradesh, India",2024-04-29T22:00:00,89.6,85.8,41,18.35,0,0,,0,0,12.5,10.3,240,1010,50,3.7,0,0,0,,Partially cloudy,partly-cloudy-night,"VABP,42667099999"
"Bhopal, Madhya Pradesh, India",2024-04-29T23:00:00,89.8,87.6,53.8,29.52,0,0,,0,0,13.6,8.1,230,1008.9,27.3,3.2,0,0,0,,Partially cloudy,partly-cloudy-night,"VABP,42667099999"
"Bhopal, Madhya Pradesh, India",2024-04-30T00:00:00,90.2,87.3,50.1,25.4,0,0,,0,0,14.5,9.8,293.1,1008,0.2,,0,0,0,,Clear,clear-night,remote
"Bhopal, Madhya Pradesh, India",2024-04-30T01:00:00,89,86.2,50.4,26.78,0,0,,0,0,17.9,9.8,295.4,1008,1.6,,0,0,0,,Clear,clear-night,remote
"Bhopal, Madhya Pradesh, India",2024-04-30T02:00:00,85.7,83.4,50.3,29.52,0,0,,0,0,18.1,11.4,230,1006,30,2.5,0,0,0,,Partially cloudy,partly-cloudy-night,42667099999
"Bhopal, Madhya Pradesh, India",2024-04-30T03:00:00,85.7,83.5,51,30.28,0,0,,0,0,18.3,10.3,298.3,1007,0,,0,0,0,,Clear,clear-night,remote
"Bhopal, Madhya Pradesh, India",2024-04-30T04:00:00,80.5,79.8,49.9,34.43,0,0,,0,0,18.1,10.3,306.8,1007,13.5,,0,0,0,,Clear,clear-night,remote
"Bhopal, Madhya Pradesh, India",2024-04-30T05:00:00,77,77,41.1,27.65,0,0,,0,0,17.2,3.4,230,1009,27.3,3.2,0,0,0,,Partially cloudy,partly-cloudy-night,"VABP,42667099999"
"Bhopal, Madhya Pradesh, India",2024-04-30T06:00:00,77,77,41,27.56,0,0,,0,0,15.7,3.4,260,1010,27.3,3.7,0,0,0,,Partially cloudy,partly-cloudy-day,"VABP,42667099999"
"Bhopal, Madhya Pradesh, India",2024-04-30T07:00:00,80.6,79.2,41,24.49,0,0,,0,0,14.3,5.8,270,1011,27.3,3.7,23.9,0.1,0,,Partially cloudy,partly-cloudy-day,"VABP,42667099999"
"Bhopal, Madhya Pradesh, India",2024-04-30T08:00:00,86.1,83.2,45.7,24.53,0,0,,0,0,14.8,9,295,1009.5,27.3,3.2,190.1,0.7,2,,Partially cloudy,partly-cloudy-day,"VABP,42672099999,42667099999,42763099999"
"Bhopal, Madhya Pradesh, India",2024-04-30T09:00:00,91.4,87.2,37.4,15.07,0,0,,0,0,17,10.3,320,1011,27.3,3.7,419,1.5,4,,Partially cloudy,partly-cloudy-day,"VABP,42667099999"
"Bhopal, Madhya Pradesh, India",2024-04-30T10:00:00,93.2,88.8,37.4,14.25,0,0,,0,0,17.2,8.1,340,1011,0,3.7,639.8,2.3,6,,Clear,clear-day,"VABP,42667099999"
"Bhopal, Madhya Pradesh, India",2024-04-30T11:00:00,95.5,91.6,44.8,17.67,0,0,,0,0,17.2,6.9,334,1008.2,0,3.1,821.9,3,8,,Clear,clear-day,"VABP,42667099999,42763099999"
"Bhopal, Madhya Pradesh, India",2024-04-30T12:00:00,96.5,94.1,52.6,22.93,0,0,,0,0,16.6,6,358.2,1008,0,,947.2,3.4,9,,Clear,clear-day,remote
"Bhopal, Madhya Pradesh, India",2024-04-30T13:00:00,96.9,94.2,51.9,22.09,0,0,,0,0,15.7,5.4,333.2,1007,0,,1000.1,3.6,10,,Clear,clear-day,remote
"Bhopal, Madhya Pradesh, India",2024-04-30T14:00:00,98.7,93.8,37.5,12.07,0,0,,0,0,15.7,12.7,269,1004.8,0,3.1,984.3,3.5,10,,Clear,clear-day,"VABP,42667099999,42763099999"
"Bhopal, Madhya Pradesh, India",2024-04-30T15:00:00,100.4,94.9,30.2,8.58,0,0,,0,0,17,5.8,210,1006,0,3.7,897.7,3.2,9,,Clear,clear-day,"VABP,42667099999"
"Bhopal, Madhya Pradesh, India",2024-04-30T16:00:00,100.4,94.7,26.6,7.4,0,0,,0,0,18.1,21.9,220,1005,0,3.7,748,2.7,7,,Clear,clear-day,"VABP,42667099999"
"Bhopal, Madhya Pradesh, India",2024-04-30T17:00:00,99.3,93.8,27.1,7.8,0,0,,0,0,18.3,7.9,250,1002.7,0,3.2,549.1,2,5,,Clear,clear-day,"VABP,42672099999,42667099999,42763099999"
"Bhopal, Madhya Pradesh, India",2024-04-30T18:00:00,95,90.2,30.2,10.11,0,0,,0,0,17.9,8.1,260,1005,0,3.7,322,1.2,3,,Clear,clear-day,"VABP,42667099999"
"Bhopal, Madhya Pradesh, India",2024-04-30T19:00:00,93.2,88.6,30.2,10.69,0,0,,0,0,14.5,4.7,260,1006,0,3.7,106,0.4,0,,Clear,clear-night,"VABP,42667099999"
"Bhopal, Madhya Pradesh, India",2024-04-30T20:00:00,88.9,85.1,38.4,16.99,0,0,,0,0,8.3,5.3,170,1004.2,0,3.2,2.3,0,0,,Clear,clear-night,"VABP,42667099999"
"Bhopal, Madhya Pradesh, India",2024-04-30T21:00:00,86,83.2,46.4,25.29,0,0,,0,0,8.5,3.4,160,1007,0,3.7,0,0,0,,Clear,clear-night,"VABP,42667099999"
"Bhopal, Madhya Pradesh, India",2024-04-30T22:00:00,84.2,82.2,50,30.66,0,0,,0,0,8.7,3.4,180,1007,0,3.7,0,0,0,,Clear,clear-night,"VABP,42667099999"
"Bhopal, Madhya Pradesh, India",2024-04-30T23:00:00,82.2,80.3,43,25.13,0,0,,0,0,9.4,3.4,265,1005.6,0,3.2,0,0,0,,Clear,clear-night,"VABP,42667099999"
