name,datetime,temp,feelslike,dew,humidity,precip,precipprob,preciptype,snow,snowdepth,windgust,windspeed,winddir,sealevelpressure,cloudcover,visibility,solarradiation,solarenergy,uvindex,severerisk,conditions,icon,stations
"Bhopal, Madhya Pradesh, India",2024-07-01T00:00:00,77.3,77.3,75.5,94.2,0,0,,0,0,21.5,10.3,244.1,1002,100,,0,0,0,,Overcast,cloudy,remote
"Bhopal, Madhya Pradesh, India",2024-07-01T01:00:00,77.3,77.3,75.5,94.2,0,0,,0,0,19.2,9.6,244.6,1002,100,,0,0,0,,Overcast,cloudy,remote
"Bhopal, Madhya Pradesh, India",2024-07-01T02:00:00,76.7,76.7,75.5,95.9,0,0,,0,0,18.3,6.9,200,1000.6,90,2.5,0,0,0,,Partially cloudy,partly-cloudy-night,42667099999
"Bhopal, Madhya Pradesh, India",2024-07-01T03:00:00,76.7,76.7,75.1,94.75,0,0,,0,0,18.1,10.5,224.3,1001,100,,0,0,0,,Overcast,cloudy,remote
"Bhopal, Madhya Pradesh, India",2024-07-01T04:00:00,76.2,76.2,75.1,96.47,0,0,,0,0,19.9,10.3,233.1,1001,100,,0,0,0,,Overcast,cloudy,remote
"Bhopal, Madhya Pradesh, India",2024-07-01T05:00:00,76.4,76.4,75.8,98.22,0,0,,0,0,20.4,5.8,160,999.4,90,2.5,0,0,0,,Partially cloudy,partly-cloudy-night,42667099999
"Bhopal, Madhya Pradesh, India",2024-07-01T06:00:00,78.2,78.2,75.3,90.89,0,0,,0,0,19.9,9.4,230.2,1001,100,,0,0,0,,Overcast,cloudy,remote
"Bhopal, Madhya Pradesh, India",2024-07-01T07:00:00,78.2,78.2,75.3,90.89,0,0,,0,0,17.4,8.9,225.9,1001,100,,5.2,0,0,,Overcast,cloudy,remote
"Bhopal, Madhya Pradesh, India",2024-07-01T08:00:00,80.4,86.4,76.8,88.85,0,0,,0,0,18.8,12.3,181,1000.1,90.4,2.5,51.1,0.2,1,,Overcast,cloudy,"42672099999,42667099999,42763099999"
"Bhopal, Madhya Pradesh, India",2024-07-01T09:00:00,78.9,78.9,75.5,89.3,0,0,,0,0,23.3,12.5,231.2,1002,99.2,,109,0.4,1,,Overcast,cloudy,remote
"Bhopal, Madhya Pradesh, India",2024-07-01T10:00:00,78.7,78.7,75.3,89.29,0,0,,0,0,24.8,12.8,230.5,1002,90.2,,173.9,0.6,2,,Overcast,cloudy,remote
"Bhopal, Madhya Pradesh, India",2024-07-01T11:00:00,82.5,91.8,78,86.43,0,0,,0,0,25.9,14.8,161,1000.3,90.1,2.5,214.6,0.8,2,,Overcast,cloudy,"42667099999,42763099999"
"Bhopal, Madhya Pradesh, India",2024-07-01T12:00:00,80.5,86.8,76.7,88.31,0,0,,0,0,26.4,11.6,223,1002,100,,266.2,1,3,,Overcast,cloudy,remote
"Bhopal, Madhya Pradesh, India",2024-07-01T13:00:00,80.7,87,76.4,86.75,0,0,,0,0,21.3,11.4,220.9,1002,100,,134.9,0.5,1,,Overcast,cloudy,remote
"Bhopal, Madhya Pradesh, India",2024-07-01T14:00:00,77.5,77.5,77.1,98.63,0.315,100,rain,0,0,22.4,12.7,250,999.9,89,1,74.5,0.3,1,,"Rain, Partially cloudy",rain,"VABP,42667099999,42763099999"
"Bhopal, Madhya Pradesh, India",2024-07-01T15:00:00,79.8,79.8,76.4,89.33,0,0,,0,0,25.9,13.9,232.3,1001,100,,34.8,0.1,0,,Overcast,cloudy,remote
"Bhopal, Madhya Pradesh, India",2024-07-01T16:00:00,78.7,78.7,76.2,92.01,0,0,,0,0,24.6,11.9,236.3,999,100,,85.3,0.3,1,,Overcast,cloudy,remote
"Bhopal, Madhya Pradesh, India",2024-07-01T17:00:00,79.4,79.4,77.6,94.16,0.236,100,rain,0,0,23.7,6.8,160,998.6,89.1,2.8,77.5,0.3,1,,"Rain, Partially cloudy",rain,"VABP,42672099999,42667099999,42763099999"
"Bhopal, Madhya Pradesh, India",2024-07-01T18:00:00,79.4,79.4,76.4,90.39,0,0,,0,0,20.8,12.1,234,999,100,,49,0.2,0,,Overcast,cloudy,remote
"Bhopal, Madhya Pradesh, India",2024-07-01T19:00:00,79.6,79.6,76.2,89.33,0,0,,0,0,25.1,12.5,234.5,999,100,,31.8,0.1,0,,Overcast,cloudy,remote
"Bhopal, Madhya Pradesh, India",2024-07-01T20:00:00,75.9,75.9,75.6,99.17,0.197,100,rain,0,0,28.9,5.8,200,1000.9,88.9,1.6,2.8,0,0,,"Rain, Partially cloudy",rain,"VABP,42667099999"
"Bhopal, Madhya Pradesh, India",2024-07-01T21:00:00,77.3,77.3,75.3,93.63,0,0,,0,0,24.4,11.6,226,1000,100,,0,0,0,,Overcast,cloudy,remote
"Bhopal, Madhya Pradesh, India",2024-07-01T22:00:00,77.3,77.3,75.1,93.07,0,0,,0,0,28.2,11,224.7,1001,100,,0,0,0,,Overcast,cloudy,remote
"Bhopal, Madhya Pradesh, India",2024-07-01T23:00:00,76,76,75.4,98.07,0.118,100,rain,0,0,26.8,8.1,160,1001.5,84.3,2.8,0,0,0,,"Rain, Partially cloudy",rain,"VABP,42667099999"
"Bhopal, Madhya Pradesh, India",2024-07-02T00:00:00,76.7,76.7,74.9,94.18,0,0,,0,0,22.6,10.7,227.2,1001,100,,0,0,0,,Overcast,cloudy,remote
"Bhopal, Madhya Pradesh, India",2024-07-02T01:00:00,76.9,76.9,74.9,93.62,0,0,,0,0,25.7,12.5,225.4,1001,100,,0,0,0,,Overcast,cloudy,remote
"Bhopal, Madhya Pradesh, India",2024-07-02T02:00:00,76.4,76.4,75.5,97.05,0,0,,0,0,27.3,10.3,160,997.5,80,2.5,0,0,0,,Partially cloudy,partly-cloudy-night,42667099999
"Bhopal, Madhya Pradesh, India",2024-07-02T03:00:00,76,76,74.6,95.31,0,0,,0,0,26.8,13.4,225.6,999,100,,0,0,0,,Overcast,cloudy,remote
"Bhopal, Madhya Pradesh, India",2024-07-02T04:00:00,76,76,73.8,93.04,0,0,,0,0,25.3,11,222.2,998,100,,0,0,0,,Overcast,cloudy,remote
"Bhopal, Madhya Pradesh, India",2024-07-02T05:00:00,74.5,74.5,74.1,98.61,0,0,,0,0,23.9,10.3,160,998.8,84.3,2.8,0,0,0,,Partially cloudy,partly-cloudy-night,"VABP,42667099999"
"Bhopal, Madhya Pradesh, India",2024-07-02T06:00:00,77.4,77.4,74.6,90.87,0,0,,0,0,21.9,9.4,218.8,999,100,,0,0,0,,Overcast,cloudy,remote
"Bhopal, Madhya Pradesh, India",2024-07-02T07:00:00,77.4,77.4,74.2,89.78,0,0,,0,0,20.6,9.2,216.8,999,100,,10.2,0,0,,Overcast,cloudy,remote
"Bhopal, Madhya Pradesh, India",2024-07-02T08:00:00,77.6,77.6,76.6,96.74,0,0,,0,0,20.1,14.7,160,999.9,89.1,2.8,61.6,0.2,1,,Partially cloudy,partly-cloudy-day,"VABP,42672099999,42667099999,42763099999"
"Bhopal, Madhya Pradesh, India",2024-07-02T09:00:00,78.2,78.2,74.4,88.2,0,0,,0,0,20.8,13.2,219.2,1000,99.7,,116.9,0.4,1,,Overcast,cloudy,remote
"Bhopal, Madhya Pradesh, India",2024-07-02T10:00:00,78,78,74,87.66,0,0,,0,0,23,13.4,219.3,1001,100,,150.3,0.5,2,,Overcast,cloudy,remote
"Bhopal, Madhya Pradesh, India",2024-07-02T11:00:00,80.8,88.6,78.6,92.81,0,0,,0,0,23.5,17.2,166,1000.5,89,2.8,100.5,0.4,1,,Partially cloudy,partly-cloudy-day,"VABP,42667099999,42763099999"
"Bhopal, Madhya Pradesh, India",2024-07-02T12:00:00,80.9,86.5,74.9,82.2,0,0,,0,0,28,9.4,211.7,1001,100,,164.6,0.6,2,,Overcast,cloudy,remote
"Bhopal, Madhya Pradesh, India",2024-07-02T13:00:00,80.7,86.2,74.9,82.68,0,0,,0,0,21.5,9.8,221.7,1001,100,,115.9,0.4,1,,Overcast,cloudy,remote
"Bhopal, Madhya Pradesh, India",2024-07-02T14:00:00,80.3,87.1,78.2,93.36,0,0,,0,0,22.4,10.2,181,999.4,93.6,1.6,92.3,0.3,1,,Overcast,cloudy,"VABP,42667099999,42763099999"
"Bhopal, Madhya Pradesh, India",2024-07-02T15:00:00,81.6,88.2,75.5,81.75,0,0,,0,0,25.5,12.1,235.4,999,100,,149.1,0.5,1,,Overcast,cloudy,remote
"Bhopal, Madhya Pradesh, India",2024-07-02T16:00:00,80.7,86.5,75.5,84.19,0,0,,0,0,25.7,12.5,237.4,999,100,,107,0.4,1,,Overcast,cloudy,remote
"Bhopal, Madhya Pradesh, India",2024-07-02T17:00:00,77.9,77.9,75.6,92.54,0.118,100,rain,0,0,24.4,11.2,220,998.4,93.7,2.5,127.9,0.5,1,,"Rain, Overcast",rain,"VABP,42672099999,42667099999,42763099999"
"Bhopal, Madhya Pradesh, India",2024-07-02T18:00:00,81.1,87.2,75.5,83.2,0,0,,0,0,23.3,11,235.7,998,99.9,,68.8,0.2,1,,Overcast,cloudy,remote
"Bhopal, Madhya Pradesh, India",2024-07-02T19:00:00,81.4,87.5,74.9,80.77,0,0,,0,0,21.5,10.3,228.2,999,94.9,,50.6,0.2,1,,Overcast,cloudy,remote
"Bhopal, Madhya Pradesh, India",2024-07-02T20:00:00,79.1,79.1,74.6,86.14,0,0,,0,0,21.9,10.3,200,998.5,90,2.5,9.8,0,0,,Partially cloudy,partly-cloudy-night,42667099999
"Bhopal, Madhya Pradesh, India",2024-07-02T21:00:00,79.1,79.1,74,84.6,0,0,,0,0,20.1,9.4,232.7,1000,96,,0,0,0,,Overcast,cloudy,remote
"Bhopal, Madhya Pradesh, India",2024-07-02T22:00:00,78.9,78.9,73.7,84.08,0,0,,0,0,17.2,7.8,234.8,1001,100,,0,0,0,,Overcast,cloudy,remote
"Bhopal, Madhya Pradesh, India",2024-07-02T23:00:00,77.5,77.5,74.9,91.61,0,0,,0,0,15.4,8.1,189,1001.7,88.9,2.8,0,0,0,,Partially cloudy,partly-cloudy-night,"VABP,42667099999"
"Bhopal, Madhya Pradesh, India",2024-07-03T00:00:00,78.7,78.7,73.5,84.07,0,0,,0,0,16.6,6.9,232.6,1001,99.2,,0,0,0,,Overcast,cloudy,remote
"Bhopal, Madhya Pradesh, India",2024-07-03T01:00:00,78.7,78.7,73.3,83.56,0,0,,0,0,12.5,6.9,226.6,1001,100,,0,0,0,,Overcast,cloudy,remote
"Bhopal, Madhya Pradesh, India",2024-07-03T02:00:00,77.3,77.3,75.8,95.33,0,0,,0,0,12.1,5.8,200,999.1,90,2.5,0,0,0,,Partially cloudy,partly-cloudy-night,42667099999
"Bhopal, Madhya Pradesh, India",2024-07-03T03:00:00,78.2,78.2,73.7,86.09,0,0,,0,0,15.9,7.8,214,1000,100,,0,0,0,,Overcast,cloudy,remote
"Bhopal, Madhya Pradesh, India",2024-07-03T04:00:00,75.5,75.5,73.3,93.02,0,0,,0,0,17.7,8.1,211.7,999,100,,0,0,0,,Overcast,cloudy,remote
"Bhopal, Madhya Pradesh, India",2024-07-03T05:00:00,77.1,77.1,75.5,94.76,0,0,,0,0,18.6,9.2,160,998.6,90,2.5,0,0,0,,Partially cloudy,partly-cloudy-night,42667099999
"Bhopal, Madhya Pradesh, India",2024-07-03T06:00:00,77.8,77.8,74.7,90.33,0,0,,0,0,18.1,9.6,234.7,1000,100,,0,0,0,,Overcast,cloudy,remote
"Bhopal, Madhya Pradesh, India",2024-07-03T07:00:00,78,78,74.7,89.8,0,0,,0,0,18.1,9.6,238,1000,100,,11.4,0,0,,Overcast,cloudy,remote
"Bhopal, Madhya Pradesh, India",2024-07-03T08:00:00,77.1,77.1,76,96.7,0,0,,0,0,18.1,7.9,211,1001.6,89.1,1.3,16.9,0.1,0,,Partially cloudy,partly-cloudy-day,"VABP,42672099999,42667099999,42763099999"
"Bhopal, Madhya Pradesh, India",2024-07-03T09:00:00,78,78,75.1,90.89,0,0,,0,0,21.7,12.1,241.8,1001,100,,83.1,0.3,1,,Overcast,cloudy,remote
"Bhopal, Madhya Pradesh, India",2024-07-03T10:00:00,77.6,77.6,75.1,91.97,0,0,,0,0,24.2,12.8,248.7,1002,100,,194.5,0.7,2,,Overcast,cloudy,remote
"Bhopal, Madhya Pradesh, India",2024-07-03T11:00:00,80.9,88.9,79,94.11,0.024,100,rain,0,0,25.1,11.4,235,1001.5,88.9,2.5,249.1,0.9,2,,"Rain, Partially cloudy",rain,"VABP,42667099999,42763099999"
"Bhopal, Madhya Pradesh, India",2024-07-03T12:00:00,82.5,90.2,76,80.84,0,0,,0,0,23.7,11,254.1,1002,100,,356.4,1.3,4,,Overcast,cloudy,remote
"Bhopal, Madhya Pradesh, India",2024-07-03T13:00:00,83.2,91.1,75.5,77.58,0,0,,0,0,21,10.1,254.7,1001,99,,271,1,3,,Overcast,cloudy,remote
"Bhopal, Madhya Pradesh, India",2024-07-03T14:00:00,80.5,87.6,78.3,93.12,0,0,,0,0,20.1,10.3,270,1000.4,88.9,1.6,250.7,0.9,3,,Partially cloudy,partly-cloudy-day,"VABP,42667099999,42763099999"
"Bhopal, Madhya Pradesh, India",2024-07-03T15:00:00,86.4,95.9,75.3,69.5,0,0,,0,0,20.6,10.3,254.9,1000,99.3,,357.4,1.3,4,,Overcast,cloudy,remote
"Bhopal, Madhya Pradesh, India",2024-07-03T16:00:00,82.7,90.2,75.5,78.94,0,0,,0,0,20.6,9.6,233.3,999,99.1,,251.8,0.9,3,,Overcast,cloudy,remote
"Bhopal, Madhya Pradesh, India",2024-07-03T17:00:00,79.7,79.7,79,97.85,0.252,100,rain,0,0,18.1,4.6,141,999.5,89.1,1.6,243.8,0.9,2,,"Rain, Partially cloudy",rain,"VABP,42672099999,42667099999,42763099999"
"Bhopal, Madhya Pradesh, India",2024-07-03T18:00:00,83.4,92,76.2,79,0,0,,0,0,17.2,6.5,224.8,999,100,,93.2,0.3,1,,Overcast,cloudy,remote
"Bhopal, Madhya Pradesh, India",2024-07-03T19:00:00,83.6,92.5,76.4,79.01,0,0,,0,0,13.9,6,226,1000,100,,44.2,0.2,0,,Overcast,cloudy,remote
"Bhopal, Madhya Pradesh, India",2024-07-03T20:00:00,77.2,77.2,77.1,99.45,0.787,100,rain,0,0,12.8,5.8,165,1001.8,93.6,1.6,6.9,0,0,,"Rain, Overcast",rain,"VABP,42667099999"
"Bhopal, Madhya Pradesh, India",2024-07-03T21:00:00,81.1,87.9,76.7,86.76,0,0,,0,0,13.6,6.5,221.6,1001,100,,0,0,0,,Overcast,cloudy,remote
"Bhopal, Madhya Pradesh, India",2024-07-03T22:00:00,80.7,87.1,76.6,87.27,0,0,,0,0,13.9,6.7,216.9,1002,100,,0,0,0,,Overcast,cloudy,remote
"Bhopal, Madhya Pradesh, India",2024-07-03T23:00:00,76.8,76.8,76.7,99.45,0,0,,0,0,14.8,5.8,200,1003,93.6,1.6,0,0,0,,Overcast,cloudy,"VABP,42667099999"
"Bhopal, Madhya Pradesh, India",2024-07-04T00:00:00,79.2,79.2,76.7,92.02,0,0,,0,0,15.7,7.6,221.1,1003,100,,0,0,0,,Overcast,cloudy,remote
"Bhopal, Madhya Pradesh, India",2024-07-04T01:00:00,79.4,79.4,76.4,90.39,0.008,100,rain,0,0,14.3,7.8,227.6,1002,100,,0,0,0,,"Rain, Overcast",rain,remote
"Bhopal, Madhya Pradesh, India",2024-07-04T02:00:00,74.9,74.9,74.6,98.8,0,0,,0,0,15.2,5.8,200,1001,100,1.2,0,0,0,,Overcast,cloudy,42667099999
"Bhopal, Madhya Pradesh, India",2024-07-04T03:00:00,78,78,75.3,91.43,0.008,100,rain,0,0,16.3,8.9,243.1,1001,99.3,,0,0,0,,"Rain, Overcast",rain,remote
"Bhopal, Madhya Pradesh, India",2024-07-04T04:00:00,77.6,77.6,76,94.77,0.008,100,rain,0,0,17,8.3,243.2,1002,99.8,,0,0,0,,"Rain, Overcast",rain,remote
"Bhopal, Madhya Pradesh, India",2024-07-04T05:00:00,77.5,77.5,76.8,97.81,0,0,,0,0,18.8,6.9,200,1001.7,63.9,1.6,0,0,0,,Partially cloudy,partly-cloudy-night,"VABP,42667099999"
"Bhopal, Madhya Pradesh, India",2024-07-04T06:00:00,79.4,79.4,75.8,88.79,0.004,100,rain,0,0,18.8,8.1,242.4,1002,99.9,,0,0,0,,"Rain, Overcast",rain,remote
"Bhopal, Madhya Pradesh, India",2024-07-04T07:00:00,79.2,79.2,75.6,88.78,0.004,100,rain,0,0,19.7,8.3,234.7,1002,100,,4.8,0,0,,"Rain, Overcast",rain,remote
"Bhopal, Madhya Pradesh, India",2024-07-04T08:00:00,78.9,78.9,77.8,96.33,0,0,,0,0,18.3,10.1,230,1003.5,93.7,2.8,18.6,0.1,0,,Overcast,cloudy,"VABP,42672099999,42667099999,42763099999"
"Bhopal, Madhya Pradesh, India",2024-07-04T09:00:00,79.2,79.2,76.2,90.39,0.004,100,rain,0,0,19.2,12.1,249.7,1003,100,,76.8,0.3,1,,"Rain, Overcast",rain,remote
"Bhopal, Madhya Pradesh, India",2024-07-04T10:00:00,79.1,79.1,76.2,90.92,0,0,,0,0,18.6,11,249.6,1004,98.3,,106.4,0.4,1,,Overcast,cloudy,remote
"Bhopal, Madhya Pradesh, India",2024-07-04T11:00:00,81.1,90,79.6,95.2,0,0,,0,0,23.9,6.9,230,1003.6,93.6,1.6,262.6,0.9,3,,Overcast,cloudy,"VABP,42667099999"
"Bhopal, Madhya Pradesh, India",2024-07-04T12:00:00,82.7,91.2,76.7,82.32,0,0,,0,0,24.4,9.8,251,1003,99.3,,305.7,1.1,3,,Overcast,cloudy,remote
"Bhopal, Madhya Pradesh, India",2024-07-04T13:00:00,83.2,91.7,76.2,79.46,0.012,100,rain,0,0,18.1,8.3,247.9,1003,99.3,,228.6,0.8,2,,"Rain, Overcast",rain,remote
"Bhopal, Madhya Pradesh, India",2024-07-04T14:00:00,86.1,104.6,82.2,88.35,0,0,,0,0,17,11.4,234,1001.1,89,2.8,265.8,1,3,,Partially cloudy,partly-cloudy-day,"VABP,42667099999,42763099999"
"Bhopal, Madhya Pradesh, India",2024-07-04T15:00:00,85.4,96,76.9,75.92,0.024,100,rain,0,0,18.1,6.7,235.1,1002,100,,307.8,1.1,3,,"Rain, Overcast",rain,remote
"Bhopal, Madhya Pradesh, India",2024-07-04T16:00:00,81.1,88.1,77.1,87.8,0.063,100,rain,0,0,17.7,8.3,225.2,1001,100,,178.3,0.6,2,,"Rain, Overcast",rain,remote
"Bhopal, Madhya Pradesh, India",2024-07-04T17:00:00,81.5,88.4,76,83.49,0,0,,0,0,15.2,11.2,180,1000.4,89.1,2.8,181.3,0.7,2,,Partially cloudy,partly-cloudy-day,"VABP,42672099999,42667099999,42763099999"
"Bhopal, Madhya Pradesh, India",2024-07-04T18:00:00,81.4,89.2,77.4,87.82,0.012,100,rain,0,0,17.2,7.8,226.2,1001,99.8,,103.5,0.4,1,,"Rain, Overcast",rain,remote
"Bhopal, Madhya Pradesh, India",2024-07-04T19:00:00,81.8,90.1,77.6,87.32,0,0,,0,0,16.1,8.5,235.8,1001,100,,36.8,0.1,0,,Overcast,cloudy,remote
"Bhopal, Madhya Pradesh, India",2024-07-04T20:00:00,79.3,79.3,77.5,94.24,0,0,,0,0,15.2,5.8,160,1002.4,88.9,2.8,9.6,0,0,,Partially cloudy,partly-cloudy-night,"VABP,42667099999"
"Bhopal, Madhya Pradesh, India",2024-07-04T21:00:00,78.9,78.9,76.9,93.67,0,0,,0,0,15,8.9,227.7,1002,100,,0,0,0,,Overcast,cloudy,remote
"Bhopal, Madhya Pradesh, India",2024-07-04T22:00:00,78.9,78.9,76.9,93.67,0,0,,0,0,14.5,7.8,227,1002,100,,0,0,0,,Overcast,cloudy,remote
"Bhopal, Madhya Pradesh, India",2024-07-04T23:00:00,78.1,78.1,76.6,95.14,0,0,,0,0,14.8,8.1,180,1002.6,88.9,2.8,0,0,0,,Partially cloudy,partly-cloudy-night,"VABP,42667099999"
"Bhopal, Madhya Pradesh, India",2024-07-05T00:00:00,77.4,77.4,76,95.34,0,0,,0,0,14.8,8.3,224.3,1002,100,,0,0,0,,Overcast,cloudy,remote
"Bhopal, Madhya Pradesh, India",2024-07-05T01:00:00,77.6,77.6,75.8,94.21,0,0,,0,0,16.1,9.2,225.2,1002,100,,0,0,0,,Overcast,cloudy,remote
"Bhopal, Madhya Pradesh, India",2024-07-05T02:00:00,77,77,76.7,99.17,0,0,,0,0,16.8,9.2,180,1000.8,88.9,2.8,0,0,0,,Partially cloudy,partly-cloudy-night,"VABP,42667099999"
"Bhopal, Madhya Pradesh, India",2024-07-05T03:00:00,77.1,77.1,75.5,94.76,0,0,,0,0,16.3,8.7,230.6,1001,100,,0,0,0,,Overcast,cloudy,remote
"Bhopal, Madhya Pradesh, India",2024-07-05T04:00:00,76.9,76.9,75.5,95.33,0,0,,0,0,16.6,7.8,231.2,1001,99.8,,0,0,0,,Overcast,cloudy,remote
"Bhopal, Madhya Pradesh, India",2024-07-05T05:00:00,77,77,75.4,94.98,0,0,,0,0,16.1,10.3,200,1001.3,88.9,2.8,0,0,0,,Partially cloudy,partly-cloudy-night,"VABP,42667099999"
"Bhopal, Madhya Pradesh, India",2024-07-05T06:00:00,78.3,78.3,75.5,90.9,0,0,,0,0,15.4,8.5,235.7,1000,100,,0,0,0,,Overcast,cloudy,remote
"Bhopal, Madhya Pradesh, India",2024-07-05T07:00:00,78.3,78.3,75.5,90.9,0,0,,0,0,15.2,9.2,230.9,1001,100,,1.1,0,0,,Overcast,cloudy,remote
"Bhopal, Madhya Pradesh, India",2024-07-05T08:00:00,79.1,79.1,77.6,95.32,0,0,,0,0,18.1,13.6,186,1001.5,89.1,2.8,10.8,0,0,,Partially cloudy,partly-cloudy-day,"VABP,42672099999,42667099999,42763099999"
"Bhopal, Madhya Pradesh, India",2024-07-05T09:00:00,78.7,78.7,75.3,89.29,0,0,,0,0,21.5,10.7,226.8,1002,100,,44,0.2,0,,Overcast,cloudy,remote
"Bhopal, Madhya Pradesh, India",2024-07-05T10:00:00,78,78,74.9,90.34,0,0,,0,0,24.2,13.2,235,1002,100,,55.2,0.2,1,,Overcast,cloudy,remote
"Bhopal, Madhya Pradesh, India",2024-07-05T11:00:00,79.1,79.1,76.7,92.33,0.118,100,rain,0,0,25.1,10.3,205,1001.5,88.8,1.6,43.8,0.2,0,,"Rain, Partially cloudy",rain,"VABP,42667099999,42763099999"
"Bhopal, Madhya Pradesh, India",2024-07-05T12:00:00,79.4,79.4,76.7,91.48,0,0,,0,0,25.5,12.8,242.3,1001,99.8,,106.2,0.4,1,,Overcast,cloudy,remote
"Bhopal, Madhya Pradesh, India",2024-07-05T13:00:00,79.6,79.6,76.9,91.49,0,0,,0,0,24.6,12.1,242.4,1000,100,,347.1,1.2,3,,Overcast,cloudy,remote
"Bhopal, Madhya Pradesh, India",2024-07-05T14:00:00,83.1,96.1,80.9,93.38,0.157,100,rain,0,0,22.8,13.8,166,998.3,93.6,1.6,213,0.8,2,,"Rain, Overcast",rain,"VABP,42667099999,42763099999"
"Bhopal, Madhya Pradesh, India",2024-07-05T15:00:00,82.7,93.1,78.9,88.4,0,0,,0,0,23.5,10.5,240.7,999,100,,336,1.2,3,,Overcast,cloudy,remote
"Bhopal, Madhya Pradesh, India",2024-07-05T16:00:00,81.8,88.9,76,82.75,0,0,,0,0,23.9,9.2,230.5,998,100,,244.2,0.9,2,,Overcast,cloudy,remote
"Bhopal, Madhya Pradesh, India",2024-07-05T17:00:00,77.7,77.7,77.6,99.84,0.236,100,rain,0,0,25.1,6.8,186,997.8,93.7,1.6,334.6,1.2,3,,"Rain, Overcast",rain,"VABP,42672099999,42667099999,42763099999"
"Bhopal, Madhya Pradesh, India",2024-07-05T18:00:00,80.1,85.8,76.4,88.29,0,0,,0,0,22.8,8.3,228.9,997,100,,173.4,0.6,2,,Overcast,cloudy,remote
"Bhopal, Madhya Pradesh, India",2024-07-05T19:00:00,80,80,76.4,88.81,0,0,,0,0,17.4,7.4,231.2,998,100,,55.7,0.2,1,,Overcast,cloudy,remote
"Bhopal, Madhya Pradesh, India",2024-07-05T20:00:00,76.1,76.1,75.9,99.17,0.315,100,rain,0,0,15,6.9,195,999.5,93.6,1.6,7.3,0,0,,"Rain, Overcast",rain,"VABP,42667099999"
"Bhopal, Madhya Pradesh, India",2024-07-05T21:00:00,78.2,78.2,76,93.1,0,0,,0,0,15,8.3,228.2,999,99.6,,0,0,0,,Overcast,cloudy,remote
"Bhopal, Madhya Pradesh, India",2024-07-05T22:00:00,78,78,75.5,91.98,0,0,,0,0,16.1,9.4,227.4,999,99.1,,0,0,0,,Overcast,cloudy,remote
"Bhopal, Madhya Pradesh, India",2024-07-05T23:00:00,76.1,76.1,75.7,98.62,0,0,,0,0,17.2,9.2,195,999.8,93.6,2.5,0,0,0,,Overcast,cloudy,"VABP,42667099999"
"Bhopal, Madhya Pradesh, India",2024-07-06T00:00:00,77.1,77.1,76,96.48,0,0,,0,0,19.5,11.2,239.9,999,100,,0,0,0,,Overcast,cloudy,remote
"Bhopal, Madhya Pradesh, India",2024-07-06T01:00:00,77.1,77.1,75.5,94.76,0,0,,0,0,21,10.5,238.7,999,100,,0,0,0,,Overcast,cloudy,remote
"Bhopal, Madhya Pradesh, India",2024-07-06T02:00:00,76.7,76.7,73.7,90.29,0,0,,0,0,20.1,10.3,200,996.6,100,2.5,0,0,0,,Overcast,cloudy,42667099999
"Bhopal, Madhya Pradesh, India",2024-07-06T03:00:00,76.9,76.9,74.7,93.06,0,0,,0,0,23.5,13,231.6,998,100,,0,0,0,,Overcast,cloudy,remote
"Bhopal, Madhya Pradesh, India",2024-07-06T04:00:00,77.1,77.1,74.6,91.95,0,0,,0,0,24.8,12.8,242.2,997,100,,0,0,0,,Overcast,cloudy,remote
"Bhopal, Madhya Pradesh, India",2024-07-06T05:00:00,77.1,77.1,74,90.31,0,0,,0,0,24.8,6.9,180,997.2,100,2.5,0,0,0,,Overcast,cloudy,42667099999
"Bhopal, Madhya Pradesh, India",2024-07-06T06:00:00,77.6,77.6,74.6,90.33,0,0,,0,0,25.1,11,245.8,999,100,,0,0,0,,Overcast,cloudy,remote
"Bhopal, Madhya Pradesh, India",2024-07-06T07:00:00,77.4,77.4,74.4,90.32,0,0,,0,0,25.5,11,241,999,100,,2.9,0,0,,Overcast,cloudy,remote
"Bhopal, Madhya Pradesh, India",2024-07-06T08:00:00,76.1,76.1,75.5,97.88,0,0,,0,0,25.1,11.2,180,999.8,93.7,1,15.6,0.1,0,,Overcast,cloudy,"VABP,42672099999,42667099999,42763099999"
"Bhopal, Madhya Pradesh, India",2024-07-06T09:00:00,76.6,76.6,74.7,94.18,0,0,,0,0,23.3,13.2,234.5,1000,100,,37.6,0.1,0,,Overcast,cloudy,remote
"Bhopal, Madhya Pradesh, India",2024-07-06T10:00:00,75.6,75.6,74.7,97.04,0,0,,0,0,21.9,14.1,237.2,1000,100,,46.3,0.2,0,,Overcast,cloudy,remote
"Bhopal, Madhya Pradesh, India",2024-07-06T11:00:00,77.9,77.9,76.7,96.11,0.031,100,rain,0,0,20.8,12.7,200,1000.6,93.6,1.6,95.3,0.3,1,,"Rain, Overcast",rain,"VABP,42667099999,42763099999"
"Bhopal, Madhya Pradesh, India",2024-07-06T12:00:00,78,78,76.6,95.35,0,0,,0,0,18.8,12.3,242.6,1000,99.9,,77.5,0.3,1,,Overcast,cloudy,remote
"Bhopal, Madhya Pradesh, India",2024-07-06T13:00:00,77.8,77.8,76.6,95.92,0,0,,0,0,24.2,12.8,247,999,100,,412.9,1.5,4,,Overcast,cloudy,remote
"Bhopal, Madhya Pradesh, India",2024-07-06T14:00:00,82.5,93.4,79.7,91.37,0,0,,0,0,23.3,11.4,200,999.3,93.6,2.8,320,1.2,3,,Overcast,cloudy,"VABP,42667099999,42763099999"
"Bhopal, Madhya Pradesh, India",2024-07-06T15:00:00,81.6,89.6,77.4,87.31,0,0,,0,0,20.8,9.4,247.9,998,100,,443.5,1.6,4,,Overcast,cloudy,remote
"Bhopal, Madhya Pradesh, India",2024-07-06T16:00:00,85.4,94.9,75.8,73.24,0,0,,0,0,19.2,8.1,257.7,998,100,,416.2,1.5,4,,Overcast,cloudy,remote
"Bhopal, Madhya Pradesh, India",2024-07-06T17:00:00,83.5,96.2,80.1,89.35,0,0,,0,0,17.9,7.9,200,997.5,88.2,2.9,376.9,1.4,4,,Partially cloudy,partly-cloudy-day,"VABP,42672099999,42667099999,42763099999"
"Bhopal, Madhya Pradesh, India",2024-07-06T18:00:00,85.7,95.4,75.8,72.41,0,0,,0,0,16.6,6.5,252.4,997,99.4,,202.6,0.7,2,,Overcast,cloudy,remote
"Bhopal, Madhya Pradesh, India",2024-07-06T19:00:00,85,94.5,76,74.54,0,0,,0,0,13.6,4.7,231,998,97.9,,75.8,0.3,1,,Overcast,cloudy,remote
"Bhopal, Madhya Pradesh, India",2024-07-06T20:00:00,80.9,89.6,80,97.1,0,0,,0,0,13.6,5.8,140,998,90,2.5,8.2,0,0,,Partially cloudy,partly-cloudy-night,42667099999
"Bhopal, Madhya Pradesh, India",2024-07-06T21:00:00,80.1,85.8,76.4,88.29,0,0,,0,0,13.4,6.7,210.3,1000,83,,0,0,0,,Partially cloudy,partly-cloudy-night,remote
"Bhopal, Madhya Pradesh, India",2024-07-06T22:00:00,79.2,79.2,76.4,90.93,0,0,,0,0,15,8.5,217.1,1000,76.2,,0,0,0,,Partially cloudy,partly-cloudy-night,remote
"Bhopal, Madhya Pradesh, India",2024-07-06T23:00:00,77,77,76.8,99.45,0,0,,0,0,15.9,6.9,175,1001,54.6,2.8,0,0,0,,Partially cloudy,partly-cloudy-night,"VABP,42667099999"
"Bhopal, Madhya Pradesh, India",2024-07-07T00:00:00,77.4,77.4,76,95.34,0,0,,0,0,15.2,8.3,225.7,1001,97,,0,0,0,,Overcast,cloudy,remote
"Bhopal, Madhya Pradesh, India",2024-07-07T01:00:00,77.4,77.4,76,95.34,0,0,,0,0,14.5,7.2,218.9,1001,98.7,,0,0,0,,Overcast,cloudy,remote
"Bhopal, Madhya Pradesh, India",2024-07-07T02:00:00,75.8,75.8,75.5,98.81,0,0,,0,0,12.8,8.1,180,999.1,60,2.5,0,0,0,,Partially cloudy,partly-cloudy-night,42667099999
"Bhopal, Madhya Pradesh, India",2024-07-07T03:00:00,77.6,77.6,76.2,95.34,0,0,,0,0,12.3,7.2,223.3,1000,99.8,,0,0,0,,Overcast,cloudy,remote
"Bhopal, Madhya Pradesh, India",2024-07-07T04:00:00,76.9,76.9,75.8,96.48,0,0,,0,0,12.8,6,214.1,1001,100,,0,0,0,,Overcast,cloudy,remote
"Bhopal, Madhya Pradesh, India",2024-07-07T05:00:00,75.2,75.2,74.8,98.61,0,0,,0,0,13,6.9,160,1000.9,45.4,3.2,0,0,0,,Partially cloudy,partly-cloudy-night,"VABP,42667099999"
"Bhopal, Madhya Pradesh, India",2024-07-07T06:00:00,79.1,79.1,76.2,90.92,0,0,,0,0,13,7.2,222.5,1000,100,,0,0,0,,Overcast,cloudy,remote
"Bhopal, Madhya Pradesh, India",2024-07-07T07:00:00,78.7,78.7,75.8,90.91,0,0,,0,0,12.8,6.7,222.5,1001,100,,10,0,0,,Overcast,cloudy,remote
"Bhopal, Madhya Pradesh, India",2024-07-07T08:00:00,77.7,77.7,76.8,97.14,0,0,,0,0,14.3,6.8,161,1002.6,88.9,2.5,67.7,0.2,1,,Partially cloudy,partly-cloudy-day,"VABP,42672099999,42667099999,42763099999"
"Bhopal, Madhya Pradesh, India",2024-07-07T09:00:00,79.4,79.4,75.6,88.26,0,0,,0,0,18.3,8.5,238.8,1002,98.2,,207.5,0.7,2,,Overcast,cloudy,remote
"Bhopal, Madhya Pradesh, India",2024-07-07T10:00:00,79.8,79.8,75.3,86.18,0,0,,0,0,18.6,8.3,239.4,1002,92.7,,397.2,1.4,4,,Overcast,cloudy,remote
"Bhopal, Madhya Pradesh, India",2024-07-07T11:00:00,81.5,90.5,78.9,91.79,0,0,,0,0,17,6.9,230,1003.3,89,2.8,405.6,1.5,4,,Partially cloudy,partly-cloudy-day,"VABP,42667099999,42763099999"
"Bhopal, Madhya Pradesh, India",2024-07-07T12:00:00,84.1,93.6,76.6,78.11,0.004,100,rain,0,0,14.5,6.5,241.6,1002,100,,414.2,1.5,4,,"Rain, Overcast",rain,remote
"Bhopal, Madhya Pradesh, India",2024-07-07T13:00:00,83.7,92.6,76.2,78.08,0.004,100,rain,0,0,13.9,6,231.8,1002,99.2,,474.7,1.7,5,,"Rain, Overcast",rain,remote
"Bhopal, Madhya Pradesh, India",2024-07-07T14:00:00,87.6,107.4,82.1,83.58,0,0,,0,0,13.9,5.8,235,1001,63.9,2.8,597.3,2.2,6,,Partially cloudy,partly-cloudy-day,"VABP,42667099999,42763099999"
"Bhopal, Madhya Pradesh, India",2024-07-07T15:00:00,87,99.5,77.6,73.83,0.004,100,rain,0,0,13.9,6.3,223.9,1000,100,,527,1.9,5,,"Rain, Overcast",rain,remote
"Bhopal, Madhya Pradesh, India",2024-07-07T16:00:00,87.7,100.1,77.3,71.31,0.004,100,rain,0,0,13.6,3.4,213.7,1000,100,,413.1,1.5,4,,"Rain, Overcast",rain,remote
"Bhopal, Madhya Pradesh, India",2024-07-07T17:00:00,89.7,109.5,81.3,76.42,0,0,,0,0,12.3,5.7,205,999.2,49.9,2.9,293.6,1.1,3,,Partially cloudy,partly-cloudy-day,"VABP,42672099999,42667099999,42763099999"
"Bhopal, Madhya Pradesh, India",2024-07-07T18:00:00,88.8,102.2,77.6,69.74,0,0,,0,0,10.7,3.4,221.7,999,100,,172.3,0.6,2,,Overcast,cloudy,remote
"Bhopal, Madhya Pradesh, India",2024-07-07T19:00:00,88.6,103.3,78.5,72.25,0.004,100,rain,0,0,7.6,2,142.5,1000,99.8,,76.6,0.3,1,,"Rain, Overcast",rain,remote
"Bhopal, Madhya Pradesh, India",2024-07-07T20:00:00,85,101.3,81.5,89.28,0,0,,0,0,4.5,6.9,110,1001.6,50,2.8,10.5,0,0,,Partially cloudy,partly-cloudy-night,"VABP,42667099999"
"Bhopal, Madhya Pradesh, India",2024-07-07T21:00:00,83.4,93.1,77.4,82.37,0.004,100,rain,0,0,7.4,4.3,153.9,1002,99.1,,0,0,0,,"Rain, Overcast",rain,remote
"Bhopal, Madhya Pradesh, India",2024-07-07T22:00:00,83,92.5,77.4,83.33,0.004,100,rain,0,0,8.1,4.3,163,1003,100,,0,0,0,,"Rain, Overcast",rain,remote
"Bhopal, Madhya Pradesh, India",2024-07-07T23:00:00,81.4,91.4,80.3,96.25,0,0,,0,0,8.1,8.1,165,1003.4,54.6,2.8,0,0,0,,Partially cloudy,partly-cloudy-night,"VABP,42667099999"
"Bhopal, Madhya Pradesh, India",2024-07-08T00:00:00,80.3,86.6,77.3,90.43,0,0,,0,0,8.5,4.3,194.7,1003,99.3,,0,0,0,,Overcast,cloudy,remote
"Bhopal, Madhya Pradesh, India",2024-07-08T01:00:00,80.1,86.2,77.3,90.96,0,0,,0,0,8.5,4.3,210.1,1002,97.9,,0,0,0,,Overcast,cloudy,remote
"Bhopal, Madhya Pradesh, India",2024-07-08T02:00:00,79.8,79.8,76.4,89.33,0,0,,0,0,8.1,8.1,160,1001.9,80,2.5,0,0,0,,Partially cloudy,partly-cloudy-night,42667099999
"Bhopal, Madhya Pradesh, India",2024-07-08T03:00:00,78.9,78.9,76.2,91.46,0,0,,0,0,7.6,3.4,202.5,1002,97.1,,0,0,0,,Overcast,cloudy,remote
"Bhopal, Madhya Pradesh, India",2024-07-08T04:00:00,78.3,78.3,76.2,93.1,0,0,,0,0,6.3,2.5,220.5,1002,99.1,,0,0,0,,Overcast,cloudy,remote
"Bhopal, Madhya Pradesh, India",2024-07-08T05:00:00,77.8,77.8,77.5,98.9,0.157,100,rain,0,0,5.8,5.8,125,1001.7,88.9,1.6,0,0,0,,"Rain, Partially cloudy",rain,"VABP,42667099999"
"Bhopal, Madhya Pradesh, India",2024-07-08T06:00:00,80.3,86.4,76.7,88.83,0,0,,0,0,5.4,2,233.7,1002,96.9,,0,0,0,,Overcast,cloudy,remote
"Bhopal, Madhya Pradesh, India",2024-07-08T07:00:00,80,80,76.6,89.34,0,0,,0,0,5.1,2.9,222.3,1002,94,,14.2,0.1,0,,Overcast,cloudy,remote
"Bhopal, Madhya Pradesh, India",2024-07-08T08:00:00,80.7,88.5,79,94.79,0,0,,0,0,5.8,5.7,230,1003.2,89.1,2.5,64.6,0.2,1,,Partially cloudy,partly-cloudy-day,"VABP,42672099999,42667099999,42763099999"
"Bhopal, Madhya Pradesh, India",2024-07-08T09:00:00,80.7,87.4,77.1,88.84,0,0,,0,0,6.9,2.5,305.5,1003,97.5,,190.7,0.7,2,,Overcast,cloudy,remote
"Bhopal, Madhya Pradesh, India",2024-07-08T10:00:00,80.3,86.4,76.9,89.36,0,0,,0,0,8.7,3.4,334.8,1003,87.8,,258.7,0.9,3,,Partially cloudy,partly-cloudy-day,remote
"Bhopal, Madhya Pradesh, India",2024-07-08T11:00:00,84.4,100.4,81.8,91.71,0,0,,0,0,10.7,7.4,309,1002.5,89,2.5,397.8,1.4,4,,Partially cloudy,partly-cloudy-day,"VABP,42667099999,42763099999"
"Bhopal, Madhya Pradesh, India",2024-07-08T12:00:00,85.7,98.1,78.2,78.24,0,0,,0,0,13.4,4.3,22.3,1002,92.5,,509.1,1.8,5,,Overcast,cloudy,remote
"Bhopal, Madhya Pradesh, India",2024-07-08T13:00:00,85.4,97.9,78.5,80.09,0,0,,0,0,14.1,4.9,40.8,1002,98.4,,597,2.1,6,,Overcast,cloudy,remote
"Bhopal, Madhya Pradesh, India",2024-07-08T14:00:00,83.3,96.7,81,92.8,0.315,100,rain,0,0,14.3,16,295,1001.4,68.7,2.5,324.1,1.2,3,,"Rain, Partially cloudy",rain,"VABP,42667099999,42763099999"
"Bhopal, Madhya Pradesh, India",2024-07-08T15:00:00,86.3,99.5,78.5,77.82,0,0,,0,0,13.9,4.7,76.9,1001,93.9,,510.7,1.8,5,,Overcast,cloudy,remote
"Bhopal, Madhya Pradesh, India",2024-07-08T16:00:00,85,96,77.4,78.18,0,0,,0,0,12.5,4.7,127.9,1001,91.9,,424.8,1.5,4,,Overcast,cloudy,remote
"Bhopal, Madhya Pradesh, India",2024-07-08T17:00:00,81.7,91.2,79.2,91.96,0,0,,0,0,13.9,3.3,175,1001.2,89.1,2.8,344.7,1.2,3,,Partially cloudy,partly-cloudy-day,"VABP,42672099999,42667099999,42763099999"
"Bhopal, Madhya Pradesh, India",2024-07-08T18:00:00,81.4,88.7,76.7,85.75,0,0,,0,0,14.3,2.7,201.7,1001,98.2,,180.9,0.7,2,,Overcast,cloudy,remote
"Bhopal, Madhya Pradesh, India",2024-07-08T19:00:00,81.9,89.6,76.6,83.76,0,0,,0,0,11,3.1,202,1001,92.3,,64.8,0.2,1,,Overcast,cloudy,remote
"Bhopal, Madhya Pradesh, India",2024-07-08T20:00:00,77.3,77.3,76.7,98.23,0,0,,0,0,5.8,2.2,50,1000.3,90,1.2,9.9,0,0,,Partially cloudy,partly-cloudy-night,42667099999
"Bhopal, Madhya Pradesh, India",2024-07-08T21:00:00,78.9,78.9,76.9,93.67,0,0,,0,0,5.1,1.8,198.6,1002,91.6,,0,0,0,,Overcast,cloudy,remote
"Bhopal, Madhya Pradesh, India",2024-07-08T22:00:00,79.1,79.1,76.9,93.12,0,0,,0,0,4,1.3,121.7,1002,63.6,,0,0,0,,Partially cloudy,partly-cloudy-night,remote
"Bhopal, Madhya Pradesh, India",2024-07-08T23:00:00,76.3,76.3,75.4,97.25,0,0,,0,0,3.4,2.2,50,1003.5,88.9,1.9,0,0,0,,Partially cloudy,partly-cloudy-night,"VABP,42667099999"
"Bhopal, Madhya Pradesh, India",2024-07-09T00:00:00,78.5,78.5,76.6,93.67,0,0,,0,0,6,2.7,191.8,1003,50.8,,0,0,0,,Partially cloudy,partly-cloudy-night,remote
"Bhopal, Madhya Pradesh, India",2024-07-09T01:00:00,78.7,78.7,76.4,92.56,0,0,,0,0,6.7,4.3,201.6,1003,40.7,,0,0,0,,Partially cloudy,partly-cloudy-night,remote
"Bhopal, Madhya Pradesh, India",2024-07-09T02:00:00,77.1,77.1,76.4,97.64,0,0,,0,0,7.8,2.2,50,1000.7,90,2.5,0,0,0,,Partially cloudy,partly-cloudy-night,42667099999
"Bhopal, Madhya Pradesh, India",2024-07-09T03:00:00,78.3,78.3,76.4,93.66,0,0,,0,0,7.8,4.3,214.3,1002,36.9,,0,0,0,,Partially cloudy,partly-cloudy-night,remote
"Bhopal, Madhya Pradesh, India",2024-07-09T04:00:00,76.9,76.9,75.6,95.9,0,0,,0,0,6.9,3.1,202.5,1002,83.7,,0,0,0,,Partially cloudy,partly-cloudy-night,remote
"Bhopal, Madhya Pradesh, India",2024-07-09T05:00:00,76.7,76.7,76.2,98.22,0,0,,0,0,5.1,2.2,250,1001.3,90,1.2,0,0,0,,Partially cloudy,partly-cloudy-night,42667099999
"Bhopal, Madhya Pradesh, India",2024-07-09T06:00:00,78.3,78.3,75.6,91.44,0,0,,0,0,3.1,2,214.2,1003,95.9,,0,0,0,,Overcast,cloudy,remote
"Bhopal, Madhya Pradesh, India",2024-07-09T07:00:00,78.7,78.7,75.8,90.91,0,0,,0,0,4,2,232.7,1003,99.8,,21.7,0.1,0,,Overcast,cloudy,remote
"Bhopal, Madhya Pradesh, India",2024-07-09T08:00:00,79,79,77.3,94.79,0,0,,0,0,5.6,3.2,70,1002.6,80,2.6,139.9,0.5,1,,Partially cloudy,partly-cloudy-day,"42672099999,42667099999,42763099999"
"Bhopal, Madhya Pradesh, India",2024-07-09T09:00:00,80.5,86.1,75.5,84.68,0,0,,0,0,7.2,2.5,182.3,1004,27.6,,322.4,1.2,3,,Partially cloudy,partly-cloudy-day,remote
"Bhopal, Madhya Pradesh, India",2024-07-09T10:00:00,81.2,87.2,74.9,81.24,0,0,,0,0,9.6,3.1,173.2,1004,3.3,,505.5,1.8,5,,Clear,clear-day,remote
"Bhopal, Madhya Pradesh, India",2024-07-09T11:00:00,86.7,96.3,75.4,69.22,0,0,,0,0,11,4.7,50,1001.9,79.6,2.5,676.5,2.4,7,,Partially cloudy,partly-cloudy-day,"42667099999,42763099999"
"Bhopal, Madhya Pradesh, India",2024-07-09T12:00:00,87.3,99.4,77.1,71.7,0,0,,0,0,13.4,4.5,161.1,1004,26.5,,805.2,2.9,8,,Partially cloudy,partly-cloudy-day,remote
"Bhopal, Madhya Pradesh, India",2024-07-09T13:00:00,88.2,100.3,76.7,68.86,0,0,,0,0,12.5,4.7,162.5,1003,73,,793,2.9,8,,Partially cloudy,partly-cloudy-day,remote
"Bhopal, Madhya Pradesh, India",2024-07-09T14:00:00,90.8,100.1,73.7,57.51,0,0,,0,0,12.3,6.9,90,999.7,59.8,2.5,577.6,2.1,6,,Partially cloudy,partly-cloudy-day,"42667099999,42763099999"
"Bhopal, Madhya Pradesh, India",2024-07-09T15:00:00,92.7,108.2,77.8,61.98,0,0,,0,0,11.6,4.5,165.3,1002,83.8,,465.3,1.7,5,,Partially cloudy,partly-cloudy-day,remote
"Bhopal, Madhya Pradesh, India",2024-07-09T16:00:00,90.4,101.9,75.6,62.06,0,0,,0,0,10.7,5.1,150.4,1001,82.1,,430.2,1.5,4,,Partially cloudy,partly-cloudy-day,remote
"Bhopal, Madhya Pradesh, India",2024-07-09T17:00:00,90.8,105.9,78.1,66.55,0,0,,0,0,9.8,3.3,22,998.5,78.4,2.6,385.4,1.4,4,,Partially cloudy,partly-cloudy-day,"42672099999,42667099999,42763099999"
"Bhopal, Madhya Pradesh, India",2024-07-09T18:00:00,90.9,104.1,76.7,63.25,0,0,,0,0,9.4,4,142.9,1001,51.5,,241.2,0.9,2,,Partially cloudy,partly-cloudy-day,remote
"Bhopal, Madhya Pradesh, India",2024-07-09T19:00:00,90.4,104.1,77.3,65.49,0,0,,0,0,7.8,4.9,145.4,1001,40.7,,83.6,0.3,1,,Partially cloudy,partly-cloudy-day,remote
"Bhopal, Madhya Pradesh, India",2024-07-09T20:00:00,85.4,99.8,80,83.97,0,0,,0,0,9.6,6.9,160,1001.4,90,2.5,12.6,0,0,,Partially cloudy,partly-cloudy-night,42667099999
"Bhopal, Madhya Pradesh, India",2024-07-09T21:00:00,84.8,96.5,78.2,80.53,0,0,,0,0,11.2,4.5,170.2,1003,80,,0,0,0,,Partially cloudy,partly-cloudy-night,remote
"Bhopal, Madhya Pradesh, India",2024-07-09T22:00:00,84.1,95.4,78.3,82.9,0,0,,0,0,11,4.5,185.5,1003,73.8,,0,0,0,,Partially cloudy,partly-cloudy-night,remote
"Bhopal, Madhya Pradesh, India",2024-07-09T23:00:00,81.8,92,80,94.3,0,0,,0,0,9.6,3.4,160,1002.6,90,2.5,0,0,0,,Partially cloudy,partly-cloudy-night,42667099999
"Bhopal, Madhya Pradesh, India",2024-07-10T00:00:00,82.5,92.2,78.3,87.35,0,0,,0,0,8.9,5.4,200.4,1004,89.5,,0,0,0,,Partially cloudy,partly-cloudy-night,remote
"Bhopal, Madhya Pradesh, India",2024-07-10T01:00:00,82.3,91.8,78.3,87.86,0,0,,0,0,10.5,5.8,213.7,1004,97.4,,0,0,0,,Overcast,cloudy,remote
"Bhopal, Madhya Pradesh, India",2024-07-10T02:00:00,80.3,86.6,77.3,90.43,0,0,,0,0,11.2,6.9,200,1002.6,90,2.5,0,0,0,,Partially cloudy,partly-cloudy-night,42667099999
"Bhopal, Madhya Pradesh, India",2024-07-10T03:00:00,81.4,89.3,77.6,88.35,0,0,,0,0,13,7.2,227.1,1004,100,,0,0,0,,Overcast,cloudy,remote
"Bhopal, Madhya Pradesh, India",2024-07-10T04:00:00,79.8,79.8,76,88.27,0,0,,0,0,13.6,6,234.2,1004,96.4,,0,0,0,,Overcast,cloudy,remote
"Bhopal, Madhya Pradesh, India",2024-07-10T05:00:00,79.1,79.1,78.2,97.08,0,0,,0,0,12.8,2.2,160,1003,90,2.5,0,0,0,,Partially cloudy,partly-cloudy-night,42667099999
"Bhopal, Madhya Pradesh, India",2024-07-10T06:00:00,81.2,88.1,76.4,85.23,0,0,,0,0,9.4,2.7,227.2,1005,95.9,,0,0,0,,Overcast,cloudy,remote
"Bhopal, Madhya Pradesh, India",2024-07-10T07:00:00,80.9,87.3,76.4,86.24,0,0,,0,0,8.3,4.5,222.6,1005,96.3,,22.2,0.1,0,,Overcast,cloudy,remote
"Bhopal, Madhya Pradesh, India",2024-07-10T08:00:00,82.8,94.7,80.3,92.35,0,0,,0,0,13.2,5.6,230,1004,90.2,2.6,142,0.5,1,,Overcast,cloudy,"42672099999,42667099999,42763099999"
"Bhopal, Madhya Pradesh, India",2024-07-10T09:00:00,83,92.3,77.3,82.83,0,0,,0,0,15,6.3,254,1006,98.2,,283.2,1,3,,Overcast,cloudy,remote
"Bhopal, Madhya Pradesh, India",2024-07-10T10:00:00,82.5,91.6,77.6,85.3,0,0,,0,0,14.1,5.6,258,1006,92.3,,373.9,1.3,4,,Overcast,cloudy,remote
"Bhopal, Madhya Pradesh, India",2024-07-10T11:00:00,88.4,102.5,78.2,71.77,0,0,,0,0,13.2,4.7,230,1003.4,79.6,2.5,603.3,2.2,6,,Partially cloudy,partly-cloudy-day,"42667099999,42763099999"
"Bhopal, Madhya Pradesh, India",2024-07-10T12:00:00,88.2,105.2,80.1,77.07,0,0,,0,0,12.8,5.1,249.2,1005,50.5,,701,2.5,7,,Partially cloudy,partly-cloudy-day,remote
"Bhopal, Madhya Pradesh, India",2024-07-10T13:00:00,89.3,107.5,80.5,75.37,0,0,,0,0,12.8,5.1,247.9,1005,62.9,,623.8,2.2,6,,Partially cloudy,partly-cloudy-day,remote
"Bhopal, Madhya Pradesh, India",2024-07-10T14:00:00,78.4,78.4,76.7,94.77,0.591,100,rain,0,0,13,13.7,230,1002.3,90,1.3,663.1,2.4,7,,"Rain, Partially cloudy",rain,"42667099999,42763099999"
"Bhopal, Madhya Pradesh, India",2024-07-10T15:00:00,90.9,105.6,77.8,65.55,0,0,,0,0,13,4.9,259.4,1003,69.4,,665.5,2.4,7,,Partially cloudy,partly-cloudy-day,remote
"Bhopal, Madhya Pradesh, India",2024-07-10T16:00:00,88.4,100.1,76.4,67.66,0,0,,0,0,12.3,3.8,231.8,1002,87.8,,607.3,2.2,6,,Partially cloudy,partly-cloudy-day,remote
"Bhopal, Madhya Pradesh, India",2024-07-10T17:00:00,83.6,96.6,80.2,89.47,0,0,,0,0,11,8.9,138,1001.5,90.2,2.5,303.1,1.1,3,,Overcast,cloudy,"42672099999,42667099999,42763099999"
"Bhopal, Madhya Pradesh, India",2024-07-10T18:00:00,85.6,98.5,78.7,80.1,0,0,,0,0,11.6,5.8,212.4,1003,97.6,,182.4,0.7,2,,Overcast,cloudy,remote
"Bhopal, Madhya Pradesh, India",2024-07-10T19:00:00,84.5,96.1,78.3,81.95,0,0,,0,0,14.5,5.1,217.3,1004,99.3,,52.4,0.2,1,,Overcast,cloudy,remote
"Bhopal, Madhya Pradesh, India",2024-07-10T20:00:00,80,80,79.4,98.25,0,0,,0,0,15,5.8,180,1004.1,90,2.5,7.8,0,0,,Partially cloudy,partly-cloudy-night,42667099999
"Bhopal, Madhya Pradesh, India",2024-07-10T21:00:00,81.6,90.1,78.2,89.41,0,0,,0,0,13.6,4.9,232.5,1005,94.7,,0,0,0,,Overcast,cloudy,remote
"Bhopal, Madhya Pradesh, India",2024-07-10T22:00:00,81.8,90.2,77.8,87.84,0,0,,0,0,12.1,5.6,227.6,1005,99.8,,0,0,0,,Overcast,cloudy,remote
"Bhopal, Madhya Pradesh, India",2024-07-10T23:00:00,81.2,89.8,78.9,92.63,0,0,,0,0,11.6,5.8,180,1003.8,90,2.5,0,0,0,,Partially cloudy,partly-cloudy-night,42667099999
"Bhopal, Madhya Pradesh, India",2024-07-11T00:00:00,81.6,89.8,77.8,88.35,0,0,,0,0,11.9,6.3,228.3,1005,99.2,,0,0,0,,Overcast,cloudy,remote
"Bhopal, Madhya Pradesh, India",2024-07-11T01:00:00,81.6,89.7,77.6,87.83,0.008,100,rain,0,0,12.1,6.5,229.6,1005,100,,0,0,0,,"Rain, Overcast",rain,remote
"Bhopal, Madhya Pradesh, India",2024-07-11T02:00:00,78.5,78.5,76.2,92.55,0,0,,0,0,12.5,4.7,200,1002.7,90,2.5,0,0,0,,Partially cloudy,partly-cloudy-night,42667099999
"Bhopal, Madhya Pradesh, India",2024-07-11T03:00:00,80.3,86.4,76.9,89.36,0.012,100,rain,0,0,13.2,7.6,236.1,1004,100,,0,0,0,,"Rain, Overcast",rain,remote
"Bhopal, Madhya Pradesh, India",2024-07-11T04:00:00,79.2,79.2,76.4,90.93,0.004,100,rain,0,0,13.6,7.2,251.2,1004,100,,0,0,0,,"Rain, Overcast",rain,remote
"Bhopal, Madhya Pradesh, India",2024-07-11T05:00:00,78.5,78.5,76.4,93.11,0,0,,0,0,13.4,6.9,230,1002.9,100,2.5,0,0,0,,Overcast,cloudy,42667099999
"Bhopal, Madhya Pradesh, India",2024-07-11T06:00:00,80.5,86.6,76.4,87.26,0,0,,0,0,12.8,6.5,254.7,1004,98.3,,0,0,0,,Overcast,cloudy,remote
"Bhopal, Madhya Pradesh, India",2024-07-11T07:00:00,80.5,86.5,76.2,86.74,0,0,,0,0,12.8,6.5,251.9,1005,93,,18.2,0.1,0,,Overcast,cloudy,remote
"Bhopal, Madhya Pradesh, India",2024-07-11T08:00:00,80,85.6,76.5,88.88,0,0,,0,0,14.3,7.7,200,1002.7,80.8,2.5,107.3,0.4,1,,Partially cloudy,partly-cloudy-day,"42672099999,42667099999,42763099999"
"Bhopal, Madhya Pradesh, India",2024-07-11T09:00:00,81.4,88.6,76.6,85.24,0.004,100,rain,0,0,16.8,8.7,266.5,1005,80.1,,175.4,0.6,2,,"Rain, Partially cloudy",rain,remote
"Bhopal, Madhya Pradesh, India",2024-07-11T10:00:00,81.6,88.8,76.4,84.24,0.004,100,rain,0,0,19.5,9.4,269.4,1005,88.9,,339.4,1.2,3,,"Rain, Partially cloudy",rain,remote
"Bhopal, Madhya Pradesh, India",2024-07-11T11:00:00,84.9,96,77.6,79.02,0,0,,0,0,19.7,11.3,230,1003.3,89.9,2.5,281.5,1,3,,Partially cloudy,partly-cloudy-day,"42667099999,42763099999"
"Bhopal, Madhya Pradesh, India",2024-07-11T12:00:00,85.9,97.5,77.4,75.97,0.004,100,rain,0,0,21,9.4,266.5,1004,98.6,,477.6,1.7,5,,"Rain, Overcast",rain,remote
"Bhopal, Madhya Pradesh, India",2024-07-11T13:00:00,86.3,97.9,77.3,74.65,0,0,,0,0,18.3,8.3,266.7,1004,95.7,,307.1,1.1,3,,Overcast,cloudy,remote
"Bhopal, Madhya Pradesh, India",2024-07-11T14:00:00,86.7,107.2,83,88.96,0,0,,0,0,17.9,13.7,162,1000.6,90.1,2.5,354.3,1.3,4,,Overcast,cloudy,"42667099999,42763099999"
"Bhopal, Madhya Pradesh, India",2024-07-11T15:00:00,86.6,100.6,78.9,77.85,0.02,100,rain,0,0,17.2,8.1,264.2,1003,100,,323.2,1.2,3,,"Rain, Overcast",rain,remote
"Bhopal, Madhya Pradesh, India",2024-07-11T16:00:00,84.1,94.3,77.3,80,0.035,100,rain,0,0,15.9,7.4,245.7,1001,99.7,,307.7,1.1,3,,"Rain, Overcast",rain,remote
"Bhopal, Madhya Pradesh, India",2024-07-11T17:00:00,87.9,99.8,76.8,69.91,0,0,,0,0,14.5,11,230,998.2,90.4,2.5,198.7,0.7,2,,Overcast,cloudy,"42672099999,42667099999,42763099999"
"Bhopal, Madhya Pradesh, India",2024-07-11T18:00:00,85.2,96.8,77.8,78.67,0,0,,0,0,12.8,4.9,245.6,1000,100,,117.5,0.4,1,,Overcast,cloudy,remote
"Bhopal, Madhya Pradesh, India",2024-07-11T19:00:00,85.7,97.9,78,77.78,0,0,,0,0,9.2,3.8,229.7,1000,99.8,,81.7,0.3,1,,Overcast,cloudy,remote
"Bhopal, Madhya Pradesh, India",2024-07-11T20:00:00,83.6,93.1,77.1,80.92,0,0,,0,0,12.3,5.8,160,999.4,90,2.5,10,0,0,,Partially cloudy,partly-cloudy-night,42667099999
"Bhopal, Madhya Pradesh, India",2024-07-11T21:00:00,81.4,89,77.3,87.3,0,0,,0,0,12.3,6,219.3,1001,100,,0,0,0,,Overcast,cloudy,remote
"Bhopal, Madhya Pradesh, India",2024-07-11T22:00:00,81.2,88.5,77.1,87.29,0,0,,0,0,12.3,6.7,220.9,1001,100,,0,0,0,,Overcast,cloudy,remote
"Bhopal, Madhya Pradesh, India",2024-07-11T23:00:00,82.7,91.9,77.6,84.81,0,0,,0,0,13.6,6.9,160,1000.7,90,2.5,0,0,0,,Partially cloudy,partly-cloudy-night,42667099999
"Bhopal, Madhya Pradesh, India",2024-07-12T00:00:00,80.5,87,77.1,89.36,0,0,,0,0,13.6,7.6,230.2,1002,100,,0,0,0,,Overcast,cloudy,remote
"Bhopal, Madhya Pradesh, India",2024-07-12T01:00:00,80.3,86.4,76.9,89.36,0,0,,0,0,15,8.1,234.5,1002,100,,0,0,0,,Overcast,cloudy,remote
"Bhopal, Madhya Pradesh, India",2024-07-12T02:00:00,80.7,86.5,75.5,84.19,0,0,,0,0,15.9,6.9,180,999.3,90,2.5,0,0,0,,Partially cloudy,partly-cloudy-night,42667099999
"Bhopal, Madhya Pradesh, India",2024-07-12T03:00:00,79.6,79.6,76.2,89.33,0,0,,0,0,15.9,8.1,244.1,1001,100,,0,0,0,,Overcast,cloudy,remote
"Bhopal, Madhya Pradesh, India",2024-07-12T04:00:00,78.9,78.9,76.4,92.01,0,0,,0,0,15.4,7.8,251.9,1001,100,,0,0,0,,Overcast,cloudy,remote
"Bhopal, Madhya Pradesh, India",2024-07-12T05:00:00,79.1,79.1,76.2,90.92,0,0,,0,0,15.2,9.2,200,999.3,90,2.5,0,0,0,,Partially cloudy,partly-cloudy-night,42667099999
"Bhopal, Madhya Pradesh, India",2024-07-12T06:00:00,80.3,86.3,76.6,88.3,0,0,,0,0,15.2,7.8,254.1,1001,99.8,,0,0,0,,Overcast,cloudy,remote
"Bhopal, Madhya Pradesh, India",2024-07-12T07:00:00,80.3,86.2,76.4,87.77,0,0,,0,0,15.2,7.8,248.9,1001,99.7,,17.1,0.1,0,,Overcast,cloudy,remote
"Bhopal, Madhya Pradesh, India",2024-07-12T08:00:00,80.4,86.4,76.4,87.63,0,0,,0,0,20.1,7.8,230,1000.6,90.4,2.6,105.7,0.4,1,,Overcast,cloudy,"42672099999,42667099999,42763099999"
"Bhopal, Madhya Pradesh, India",2024-07-12T09:00:00,82.5,90,75.6,79.88,0,0,,0,0,23.7,11.4,265.9,1002,92.8,,250,0.9,3,,Overcast,cloudy,remote
"Bhopal, Madhya Pradesh, India",2024-07-12T10:00:00,83.2,91.1,75.5,77.58,0,0,,0,0,23,10.5,271.2,1002,100,,328.5,1.2,3,,Overcast,cloudy,remote
"Bhopal, Madhya Pradesh, India",2024-07-12T11:00:00,84.3,95,77.6,80.36,0,0,,0,0,21,11.3,230,1000.6,90.1,2.5,322.6,1.2,3,,Overcast,cloudy,"42667099999,42763099999"
"Bhopal, Madhya Pradesh, India",2024-07-12T12:00:00,87.2,100.5,78.2,74.73,0,0,,0,0,20.6,9.8,260.8,1001,78.6,,583.3,2.1,6,,Partially cloudy,partly-cloudy-day,remote
"Bhopal, Madhya Pradesh, India",2024-07-12T13:00:00,87.7,102.1,78.7,74.78,0,0,,0,0,22.1,10.5,259.5,1001,64.5,,710.2,2.6,7,,Partially cloudy,partly-cloudy-day,remote
"Bhopal, Madhya Pradesh, India",2024-07-12T14:00:00,78.7,78.7,78.2,98.34,0.024,100,rain,0,0,22.1,5.8,230,998.5,89.9,1.3,555.2,2,6,,"Rain, Partially cloudy",rain,"42667099999,42763099999"
"Bhopal, Madhya Pradesh, India",2024-07-12T15:00:00,86.3,97.7,77.1,74.21,0,0,,0,0,21.7,9.2,253.9,1000,77.8,,325.7,1.2,3,,Partially cloudy,partly-cloudy-day,remote
"Bhopal, Madhya Pradesh, India",2024-07-12T16:00:00,81.2,87.6,75.6,83.22,0,0,,0,0,19.5,7.4,256.2,999,98.4,,182.4,0.7,2,,Overcast,cloudy,remote
"Bhopal, Madhya Pradesh, India",2024-07-12T17:00:00,79,79,77.6,95.6,0.921,100,rain,0,0,18.6,6.7,141,997.2,90.3,0.7,285.1,1,3,,"Rain, Overcast",rain,"42672099999,42667099999,42763099999"
"Bhopal, Madhya Pradesh, India",2024-07-12T18:00:00,83.4,92.6,76.9,80.91,0,0,,0,0,19,6.7,253.5,999,98.2,,174.5,0.6,2,,Overcast,cloudy,remote
"Bhopal, Madhya Pradesh, India",2024-07-12T19:00:00,83.2,92.6,77.3,82.35,0,0,,0,0,16.8,5.1,245.7,1000,100,,63.7,0.2,1,,Overcast,cloudy,remote
"Bhopal, Madhya Pradesh, India",2024-07-12T20:00:00,76.1,76.1,75.9,99.17,0.315,100,rain,0,0,13,2.2,165,1001.6,93.6,1.3,3.6,0,0,,"Rain, Overcast",rain,"VABP,42667099999"
"Bhopal, Madhya Pradesh, India",2024-07-12T21:00:00,78.9,78.9,76.9,93.67,0,0,,0,0,15,7.4,224.3,1001,100,,0,0,0,,Overcast,cloudy,remote
"Bhopal, Madhya Pradesh, India",2024-07-12T22:00:00,78.7,78.7,76.9,94.23,0,0,,0,0,15.4,8.1,224.1,1002,100,,0,0,0,,Overcast,cloudy,remote
"Bhopal, Madhya Pradesh, India",2024-07-12T23:00:00,77.8,77.8,77.1,97.54,0.118,100,rain,0,0,15.4,9.2,180,1001.6,93.6,1.3,0,0,0,,"Rain, Overcast",rain,"VABP,42667099999"
"Bhopal, Madhya Pradesh, India",2024-07-13T00:00:00,78.5,78.5,76.7,94.23,0,0,,0,0,15.2,6.9,240.9,1002,100,,0,0,0,,Overcast,cloudy,remote
"Bhopal, Madhya Pradesh, India",2024-07-13T01:00:00,78.5,78.5,76.4,93.11,0,0,,0,0,13.2,6.9,253.4,1001,100,,0,0,0,,Overcast,cloudy,remote
"Bhopal, Madhya Pradesh, India",2024-07-13T02:00:00,78,78,75.6,92.54,0,0,,0,0,13.4,7.8,267.8,1000,100,,0,0,0,,Overcast,cloudy,remote
"Bhopal, Madhya Pradesh, India",2024-07-13T03:00:00,78.2,78.2,75.8,92.54,0,0,,0,0,14.3,8.3,277.5,1000,100,,0,0,0,,Overcast,cloudy,remote
"Bhopal, Madhya Pradesh, India",2024-07-13T04:00:00,77.3,77.3,75.6,94.76,0,0,,0,0,14.5,7.6,283.2,1000,96.3,,0,0,0,,Overcast,cloudy,remote
"Bhopal, Madhya Pradesh, India",2024-07-13T05:00:00,76.3,76.3,75.4,97.25,0,0,,0,0,14.8,4.7,205,1000.5,93.6,1.9,0,0,0,,Overcast,cloudy,"VABP,42667099999"
"Bhopal, Madhya Pradesh, India",2024-07-13T06:00:00,78.7,78.7,75.6,90.37,0,0,,0,0,15,6.7,275.8,1000,97.5,,0,0,0,,Overcast,cloudy,remote
"Bhopal, Madhya Pradesh, India",2024-07-13T07:00:00,78.7,78.7,75.5,89.83,0,0,,0,0,15,5.6,267.1,1001,100,,4.1,0,0,,Overcast,cloudy,remote
"Bhopal, Madhya Pradesh, India",2024-07-13T08:00:00,77.8,77.8,76.7,96.2,0,0,,0,0,17,8.5,219,1001.6,93.6,2.8,14.7,0.1,0,,Overcast,cloudy,"VABP,42667099999"
"Bhopal, Madhya Pradesh, India",2024-07-13T09:00:00,78.7,78.7,76,91.46,0,0,,0,0,19.5,7.6,262.3,1002,100,,50.2,0.2,1,,Overcast,cloudy,remote
"Bhopal, Madhya Pradesh, India",2024-07-13T10:00:00,78.2,78.2,76,93.1,0,0,,0,0,20.1,9.8,273.7,1002,99.3,,70.7,0.3,1,,Overcast,cloudy,remote
"Bhopal, Madhya Pradesh, India",2024-07-13T11:00:00,79.7,79.7,78.2,95.29,0,0,,0,0,20.4,9.1,205,1001.7,93.6,2.8,88.3,0.3,1,,Overcast,cloudy,"VABP,42667099999,42763099999"
"Bhopal, Madhya Pradesh, India",2024-07-13T12:00:00,82.3,91.3,77.8,86.31,0,0,,0,0,20.8,9.4,284.3,1001,96.9,,184,0.7,2,,Overcast,cloudy,remote
"Bhopal, Madhya Pradesh, India",2024-07-13T13:00:00,82.5,92,78.2,86.84,0,0,,0,0,19,8.7,290.2,1001,83,,538.1,1.9,5,,Partially cloudy,partly-cloudy-day,remote
"Bhopal, Madhya Pradesh, India",2024-07-13T14:00:00,86,107,83.7,92.88,0,0,,0,0,18.3,11.4,200,999.3,84.3,2.8,517.8,1.9,5,,Partially cloudy,partly-cloudy-day,"VABP,42667099999,42763099999"
"Bhopal, Madhya Pradesh, India",2024-07-13T15:00:00,85.2,97.6,78.5,80.55,0,0,,0,0,18.8,8.3,281.7,999,97.3,,345.4,1.2,3,,Overcast,cloudy,remote
"Bhopal, Madhya Pradesh, India",2024-07-13T16:00:00,82.8,92.8,78.2,85.83,0,0,,0,0,14.1,6.9,267.8,998,92.8,,269.9,1,3,,Overcast,cloudy,remote
"Bhopal, Madhya Pradesh, India",2024-07-13T17:00:00,85.1,101.5,81.5,88.86,0,0,,0,0,14.8,3.4,200,998,88.7,2.8,208,0.7,2,,Partially cloudy,partly-cloudy-day,"VABP,42667099999,42763099999"
"Bhopal, Madhya Pradesh, India",2024-07-13T18:00:00,84.5,96.3,78.5,82.44,0,0,,0,0,13.9,6,284.9,998,94.3,,172.9,0.6,2,,Overcast,cloudy,remote
"Bhopal, Madhya Pradesh, India",2024-07-13T19:00:00,84.3,95.6,78.2,81.94,0,0,,0,0,11.2,3.4,274.6,998,99.5,,96.2,0.3,1,,Overcast,cloudy,remote
"Bhopal, Madhya Pradesh, India",2024-07-13T20:00:00,77.5,77.5,77.2,99.17,0.276,100,rain,0,0,8.1,5.2,155,1000.1,88.9,1.6,8.9,0,0,,"Rain, Partially cloudy",rain,"VABP,42667099999"
"Bhopal, Madhya Pradesh, India",2024-07-13T21:00:00,80.1,86.3,77.4,91.51,0,0,,0,0,9.4,2.9,234.3,1000,98.1,,0,0,0,,Overcast,cloudy,remote
"Bhopal, Madhya Pradesh, India",2024-07-13T22:00:00,79.8,79.8,77.1,91.49,0,0,,0,0,10.1,4.3,226.6,1000,96.4,,0,0,0,,Overcast,cloudy,remote
"Bhopal, Madhya Pradesh, India",2024-07-13T23:00:00,76.3,76.3,75.7,98.07,0,0,,0,0,11.4,6.9,200,1001.2,88.9,2.5,0,0,0,,Partially cloudy,partly-cloudy-night,"VABP,42667099999"
"Bhopal, Madhya Pradesh, India",2024-07-14T00:00:00,78.2,78.2,75.5,91.44,0,0,,0,0,12.3,4.3,251,1001,93.5,,0,0,0,,Overcast,cloudy,remote
"Bhopal, Madhya Pradesh, India",2024-07-14T01:00:00,77.6,77.6,74.7,90.87,0,0,,0,0,8.5,4.5,260.4,1000,91,,0,0,0,,Overcast,cloudy,remote
"Bhopal, Madhya Pradesh, India",2024-07-14T02:00:00,77.6,77.6,74.4,89.78,0,0,,0,0,9.4,4.7,264.4,999,96,,0,0,0,,Overcast,cloudy,remote
"Bhopal, Madhya Pradesh, India",2024-07-14T03:00:00,78,78,74.4,88.72,0,0,,0,0,9.4,5.4,269.7,999,97.5,,0,0,0,,Overcast,cloudy,remote
"Bhopal, Madhya Pradesh, India",2024-07-14T04:00:00,77.1,77.1,75.3,94.19,0,0,,0,0,10.1,4.9,278,999,96.7,,0,0,0,,Overcast,cloudy,remote
"Bhopal, Madhya Pradesh, India",2024-07-14T05:00:00,75.9,75.9,75,97.25,0,0,,0,0,10.3,3.4,225,999.8,88.9,2.5,0,0,0,,Partially cloudy,partly-cloudy-night,"VABP,42667099999"
"Bhopal, Madhya Pradesh, India",2024-07-14T06:00:00,78.9,78.9,75.5,89.3,0,0,,0,0,10.7,5.8,286.4,1000,96.9,,0,0,0,,Overcast,cloudy,remote
"Bhopal, Madhya Pradesh, India",2024-07-14T07:00:00,78.5,78.5,75.3,89.82,0,0,,0,0,10.7,6,287.8,1000,97.7,,11.8,0,0,,Overcast,cloudy,remote
"Bhopal, Madhya Pradesh, India",2024-07-14T08:00:00,77.5,77.5,77,98.25,0,0,,0,0,11.2,11.3,230,1000.7,93.7,1.6,68.5,0.2,1,,Overcast,cloudy,"VABP,42672099999,42667099999"
"Bhopal, Madhya Pradesh, India",2024-07-14T09:00:00,80.5,86.4,76,86.22,0,0,,0,0,11.9,9.8,303,1001,96.5,,154.3,0.6,2,,Overcast,cloudy,remote
"Bhopal, Madhya Pradesh, India",2024-07-14T10:00:00,80.5,86.5,76.2,86.74,0,0,,0,0,13,8.9,313.8,1000,88.7,,185.5,0.7,2,,Partially cloudy,partly-cloudy-day,remote
"Bhopal, Madhya Pradesh, India",2024-07-14T11:00:00,84.2,98.4,80.7,89.31,0,0,,0,0,14.8,11.4,280,1000.3,88.8,2.8,356.8,1.3,4,,Partially cloudy,partly-cloudy-day,"VABP,42667099999,42763099999"
"Bhopal, Madhya Pradesh, India",2024-07-14T12:00:00,87.2,99.6,77.4,72.98,0,0,,0,0,17.2,6.5,331.6,999,85.3,,430.6,1.6,4,,Partially cloudy,partly-cloudy-day,remote
"Bhopal, Madhya Pradesh, India",2024-07-14T13:00:00,87.9,100.2,77.1,70.48,0,0,,0,0,15.2,6.5,334.1,999,72.5,,430.6,1.6,4,,Partially cloudy,partly-cloudy-day,remote
"Bhopal, Madhya Pradesh, India",2024-07-14T14:00:00,89.7,111.7,82.5,79.43,0,0,,0,0,14.3,9.1,290,996.9,88.9,2.8,367.2,1.3,4,,Partially cloudy,partly-cloudy-day,"VABP,42667099999,42763099999"
"Bhopal, Madhya Pradesh, India",2024-07-14T15:00:00,85.4,97.5,78.2,79.15,0,0,,0,0,13.9,6.5,337.1,998,90.1,,433.3,1.6,4,,Overcast,cloudy,remote
"Bhopal, Madhya Pradesh, India",2024-07-14T16:00:00,85.2,95.6,76.7,75.9,0,0,,0,0,14.5,5.6,359.5,997,74.8,,458.3,1.6,5,,Partially cloudy,partly-cloudy-day,remote
"Bhopal, Madhya Pradesh, India",2024-07-14T17:00:00,82.7,93.5,79.3,89.56,0.008,100,rain,0,0,13.9,8,181,996.3,88.9,2.5,360.1,1.3,4,,"Rain, Partially cloudy",rain,"VABP,42667099999,42763099999"
"Bhopal, Madhya Pradesh, India",2024-07-14T18:00:00,84.6,94.3,76.4,76.31,0,0,,0,0,13,4.5,354.6,996,98.3,,217.3,0.8,2,,Overcast,cloudy,remote
"Bhopal, Madhya Pradesh, India",2024-07-14T19:00:00,82.7,91,76.6,81.83,0,0,,0,0,12.3,2.9,352.4,998,95.7,,57.4,0.2,1,,Overcast,cloudy,remote
"Bhopal, Madhya Pradesh, India",2024-07-14T20:00:00,76,76,75.7,98.89,0.425,100,rain,0,0,8.7,9.2,200,1000.6,88.9,1.6,6.5,0,0,,"Rain, Partially cloudy",rain,"VABP,42667099999"
"Bhopal, Madhya Pradesh, India",2024-07-14T21:00:00,79.1,79.1,76.7,92.57,0,0,,0,0,6.5,0.9,232.1,999,63.3,,0,0,0,,Partially cloudy,partly-cloudy-night,remote
"Bhopal, Madhya Pradesh, India",2024-07-14T22:00:00,79.4,79.4,76,89.32,0,0,,0,0,3.1,2.9,214.8,999,60.7,,0,0,0,,Partially cloudy,partly-cloudy-night,remote
"Bhopal, Madhya Pradesh, India",2024-07-14T23:00:00,77,77,76.7,98.9,0,0,,0,0,1.8,4.7,270,1000.8,88.9,2.5,0,0,0,,Partially cloudy,partly-cloudy-night,"VABP,42667099999"
"Bhopal, Madhya Pradesh, India",2024-07-15T00:00:00,79.1,79.1,76.7,92.57,0,0,,0,0,2.5,3.8,242.4,1000,67.2,,0,0,0,,Partially cloudy,partly-cloudy-night,remote
"Bhopal, Madhya Pradesh, India",2024-07-15T01:00:00,78.9,78.9,76.9,93.67,0,0,,0,0,6.9,4.5,251.4,999,72.6,,0,0,0,,Partially cloudy,partly-cloudy-night,remote
"Bhopal, Madhya Pradesh, India",2024-07-15T02:00:00,76.4,76.4,75.8,98.22,0,0,,0,0,7.2,4.7,270,998.1,90,2.5,0,0,0,,Partially cloudy,partly-cloudy-night,42667099999
"Bhopal, Madhya Pradesh, India",2024-07-15T03:00:00,78.5,78.5,76.7,94.23,0,0,,0,0,6.7,3.4,256.3,999,89,,0,0,0,,Partially cloudy,partly-cloudy-night,remote
"Bhopal, Madhya Pradesh, India",2024-07-15T04:00:00,78,78,77.1,97.07,0,0,,0,0,6,2.9,292.7,999,98.2,,0,0,0,,Overcast,cloudy,remote
"Bhopal, Madhya Pradesh, India",2024-07-15T05:00:00,77.1,77.1,76.2,97.06,0,0,,0,0,5.1,4.7,270,998.2,90,2.5,0,0,0,,Partially cloudy,partly-cloudy-night,42667099999
"Bhopal, Madhya Pradesh, India",2024-07-15T06:00:00,78.7,78.7,75.6,90.37,0,0,,0,0,5.4,4,300.2,1000,100,,0,0,0,,Overcast,cloudy,remote
"Bhopal, Madhya Pradesh, India",2024-07-15T07:00:00,78.7,78.7,75.6,90.37,0,0,,0,0,4.7,4,301.2,1000,100,,4.5,0,0,,Overcast,cloudy,remote
"Bhopal, Madhya Pradesh, India",2024-07-15T08:00:00,77.7,77.7,76.7,96.77,0.118,100,rain,0,0,7.6,5.6,230,999.8,100,1.3,30.7,0.1,0,,"Rain, Overcast",rain,"42672099999,42667099999,42763099999"
"Bhopal, Madhya Pradesh, India",2024-07-15T09:00:00,79.8,79.8,76.7,90.41,0,0,,0,0,7.8,5.4,345.6,1001,100,,44.9,0.2,0,,Overcast,cloudy,remote
"Bhopal, Madhya Pradesh, India",2024-07-15T10:00:00,79.2,79.2,76.9,92.57,0,0,,0,0,9.2,6.3,359.2,1001,100,,68.9,0.2,1,,Overcast,cloudy,remote
"Bhopal, Madhya Pradesh, India",2024-07-15T11:00:00,83.9,96.7,79.9,87.89,0,0,,0,0,11.4,0,359,1000.6,89,2.8,76.7,0.3,1,,Partially cloudy,partly-cloudy-day,"VABP,42667099999,42763099999"
"Bhopal, Madhya Pradesh, India",2024-07-15T12:00:00,83.2,95.6,80.1,90.54,0,0,,0,0,13.9,7.2,14.7,1000,100,,240.9,0.9,2,,Overcast,cloudy,remote
"Bhopal, Madhya Pradesh, India",2024-07-15T13:00:00,83.9,97.8,80.7,90.03,0,0,,0,0,18.3,6,26.3,1000,99.5,,86,0.3,1,,Overcast,cloudy,remote
"Bhopal, Madhya Pradesh, India",2024-07-15T14:00:00,88.3,113.8,84.7,89.05,0,0,,0,0,13.6,3.3,141,998.2,88.7,2.8,178.7,0.6,2,,Partially cloudy,partly-cloudy-day,"VABP,42667099999,42763099999"
"Bhopal, Madhya Pradesh, India",2024-07-15T15:00:00,88.8,108.2,81.4,78.94,0,0,,0,0,14.3,4.7,21.9,998,92.2,,252.5,0.9,3,,Overcast,cloudy,remote
"Bhopal, Madhya Pradesh, India",2024-07-15T16:00:00,84.3,97.5,79.8,86.42,0,0,,0,0,15.9,4.3,12.2,997,95.8,,257.7,0.9,3,,Overcast,cloudy,remote
"Bhopal, Madhya Pradesh, India",2024-07-15T17:00:00,86.6,106.2,82.6,87.93,0,0,,0,0,12.8,5.1,359,997.2,68.2,2.9,309.1,1.1,3,,Partially cloudy,partly-cloudy-day,"VABP,42672099999,42667099999,42763099999"
"Bhopal, Madhya Pradesh, India",2024-07-15T18:00:00,85,98.9,79.8,84.44,0,0,,0,0,14.1,4.3,44.7,997,78.5,,133.4,0.5,1,,Partially cloudy,partly-cloudy-day,remote
"Bhopal, Madhya Pradesh, India",2024-07-15T19:00:00,85.6,100.4,80.1,83.98,0,0,,0,0,10.3,2.9,40.1,998,94,,76,0.3,1,,Overcast,cloudy,remote
"Bhopal, Madhya Pradesh, India",2024-07-15T20:00:00,84.3,100.4,82.1,93.09,0,0,,0,0,7.2,3.4,340,999.4,88.9,2.8,9.5,0,0,,Partially cloudy,partly-cloudy-night,"VABP,42667099999"
"Bhopal, Madhya Pradesh, India",2024-07-15T21:00:00,81.2,89.9,79.1,93.18,0,0,,0,0,5.1,2.5,90,999,98.4,,0,0,0,,Overcast,cloudy,remote
"Bhopal, Madhya Pradesh, India",2024-07-15T22:00:00,81.2,89.8,78.9,92.63,0,0,,0,0,4.7,2.7,114.9,1000,97.5,,0,0,0,,Overcast,cloudy,remote
"Bhopal, Madhya Pradesh, India",2024-07-15T23:00:00,79.7,79.7,78.9,97.29,0,0,,0,0,6.7,1.1,340,1000.4,88.9,2.8,0,0,0,,Partially cloudy,partly-cloudy-night,"VABP,42667099999"
"Bhopal, Madhya Pradesh, India",2024-07-16T00:00:00,79.6,79.6,78,94.81,0,0,,0,0,8.1,2.9,102.4,1000,83.1,,0,0,0,,Partially cloudy,partly-cloudy-night,remote
"Bhopal, Madhya Pradesh, India",2024-07-16T01:00:00,79.6,79.6,77.8,94.25,0,0,,0,0,6,2.2,93.2,999,83.9,,0,0,0,,Partially cloudy,partly-cloudy-night,remote
"Bhopal, Madhya Pradesh, India",2024-07-16T02:00:00,80.7,89.1,80,97.68,0,0,,0,0,4.7,4.7,360,997,90,2.5,0,0,0,,Partially cloudy,partly-cloudy-night,42667099999
"Bhopal, Madhya Pradesh, India",2024-07-16T03:00:00,79.1,79.1,77.8,95.94,0,0,,0,0,6,2.7,47.3,999,93.8,,0,0,0,,Overcast,cloudy,remote
"Bhopal, Madhya Pradesh, India",2024-07-16T04:00:00,78.7,78.7,77.8,97.08,0,0,,0,0,7.2,3.6,57.4,999,100,,0,0,0,,Overcast,cloudy,remote
"Bhopal, Madhya Pradesh, India",2024-07-16T05:00:00,80.3,87.5,78.9,95.39,0,0,,0,0,7.4,2.2,290,997.7,100,1.2,0,0,0,,Overcast,cloudy,42667099999
"Bhopal, Madhya Pradesh, India",2024-07-16T06:00:00,80,80,77.4,92.05,0,0,,0,0,6.7,2.2,44.9,1000,96.2,,0,0,0,,Overcast,cloudy,remote
"Bhopal, Madhya Pradesh, India",2024-07-16T07:00:00,79.8,79.8,77.3,92.04,0,0,,0,0,6.9,2.7,37.8,1000,97.9,,11.2,0,0,,Overcast,cloudy,remote
"Bhopal, Madhya Pradesh, India",2024-07-16T08:00:00,81.8,91.9,79.8,93.68,0,0,,0,0,10.3,2.2,250,999,89.9,1.3,96.8,0.3,1,,Partially cloudy,partly-cloudy-day,"42672099999,42667099999,42763099999"
"Bhopal, Madhya Pradesh, India",2024-07-16T09:00:00,81.4,88.8,76.9,86.27,0,0,,0,0,13.2,3.1,55,1001,96.8,,225.9,0.8,2,,Overcast,cloudy,remote
"Bhopal, Madhya Pradesh, India",2024-07-16T10:00:00,81.2,88.3,76.7,86.26,0,0,,0,0,14.5,2.7,57.7,1001,98.8,,251.8,0.9,3,,Overcast,cloudy,remote
"Bhopal, Madhya Pradesh, India",2024-07-16T11:00:00,86.1,98.2,77.7,76.03,0,0,,0,0,15,3.3,2,998.5,90.1,1.3,434.3,1.6,4,,Overcast,cloudy,"42667099999,42763099999"
"Bhopal, Madhya Pradesh, India",2024-07-16T12:00:00,87.7,105.1,80.7,79.79,0,0,,0,0,15.9,3.4,30.8,1000,100,,530.4,1.9,5,,Overcast,cloudy,remote
"Bhopal, Madhya Pradesh, India",2024-07-16T13:00:00,88.2,105.2,80.1,77.07,0,0,,0,0,16.6,4,53.4,1000,99.5,,500.2,1.8,5,,Overcast,cloudy,remote
"Bhopal, Madhya Pradesh, India",2024-07-16T14:00:00,90.1,116.7,84.4,83.55,0,0,,0,0,17.4,9.1,340,998,68.5,2.8,586,2.1,6,,Partially cloudy,partly-cloudy-day,"VABP,42667099999,42763099999"
"Bhopal, Madhya Pradesh, India",2024-07-16T15:00:00,90.8,110.8,81.1,73.31,0,0,,0,0,17.2,3.6,47.4,998,94,,617.1,2.2,6,,Overcast,cloudy,remote
"Bhopal, Madhya Pradesh, India",2024-07-16T16:00:00,85.7,99.5,79.2,81.07,0,0,,0,0,15.4,3.8,74.2,997,97.7,,326.4,1.2,3,,Overcast,cloudy,remote
"Bhopal, Madhya Pradesh, India",2024-07-16T17:00:00,81.5,91.1,79.7,94.22,0.039,100,rain,0,0,15.7,4.6,200,997.4,89.1,2.8,242.3,0.9,2,,"Rain, Partially cloudy",rain,"VABP,42672099999,42667099999,42763099999"
"Bhopal, Madhya Pradesh, India",2024-07-16T18:00:00,83.7,96.5,80,88.45,0,0,,0,0,12.5,3.4,143.6,997,96.1,,176.4,0.6,2,,Overcast,cloudy,remote
"Bhopal, Madhya Pradesh, India",2024-07-16T19:00:00,84.1,97.1,79.8,86.92,0,0,,0,0,10.3,2.9,113.2,998,83.5,,60.2,0.2,1,,Partially cloudy,partly-cloudy-day,remote
"Bhopal, Madhya Pradesh, India",2024-07-16T20:00:00,81.4,91.6,80.6,97.31,0,0,,0,0,8.7,3.4,140,999.3,88.9,2.8,6.7,0,0,,Partially cloudy,partly-cloudy-night,"VABP,42667099999"
"Bhopal, Madhya Pradesh, India",2024-07-16T21:00:00,81.2,90.5,79.8,95.41,0,0,,0,0,8.1,1.3,141,999,100,,0,0,0,,Overcast,cloudy,remote
"Bhopal, Madhya Pradesh, India",2024-07-16T22:00:00,81.2,90.3,79.6,94.85,0,0,,0,0,3.1,1.8,174.2,1000,99.5,,0,0,0,,Overcast,cloudy,remote
"Bhopal, Madhya Pradesh, India",2024-07-16T23:00:00,79.6,79.6,78.9,97.56,0,0,,0,0,4.3,3.4,200,1000.5,88.9,2.8,0,0,0,,Partially cloudy,partly-cloudy-night,"VABP,42667099999"
"Bhopal, Madhya Pradesh, India",2024-07-17T00:00:00,80.1,87,78.9,95.95,0,0,,0,0,6,3.1,93.5,1001,98.8,,0,0,0,,Overcast,cloudy,remote
"Bhopal, Madhya Pradesh, India",2024-07-17T01:00:00,80.3,87.4,78.7,94.83,0,0,,0,0,8.7,2.7,108.6,1000,94.8,,0,0,0,,Overcast,cloudy,remote
"Bhopal, Madhya Pradesh, India",2024-07-17T02:00:00,80.3,87.5,78.9,95.39,0,0,,0,0,4.9,4.7,210,997.9,90,2.5,0,0,0,,Partially cloudy,partly-cloudy-night,42667099999
"Bhopal, Madhya Pradesh, India",2024-07-17T03:00:00,79.6,79.6,78.2,95.38,0,0,,0,0,4.7,2.2,189.4,999,90.2,,0,0,0,,Overcast,cloudy,remote
"Bhopal, Madhya Pradesh, India",2024-07-17T04:00:00,78.5,78.5,78,98.24,0,0,,0,0,2.9,1.1,17.4,999,94.6,,0,0,0,,Overcast,cloudy,remote
"Bhopal, Madhya Pradesh, India",2024-07-17T05:00:00,79,79,77.7,95.55,0,0,,0,0,1.1,2.2,20,999.6,88.9,2.8,0,0,0,,Partially cloudy,partly-cloudy-night,"VABP,42667099999"
"Bhopal, Madhya Pradesh, India",2024-07-17T06:00:00,80.5,87.3,77.8,91.52,0,0,,0,0,4.9,1.1,36.6,1000,99.9,,0,0,0,,Overcast,cloudy,remote
"Bhopal, Madhya Pradesh, India",2024-07-17T07:00:00,80.7,87.7,77.6,90.44,0,0,,0,0,3.8,0.9,42.6,1001,97.9,,17.2,0.1,0,,Overcast,cloudy,remote
"Bhopal, Madhya Pradesh, India",2024-07-17T08:00:00,80.9,89.8,80,97,0,0,,0,0,9.8,4.5,320,1000.2,90.4,1.3,117.2,0.4,1,,Overcast,cloudy,"42672099999,42667099999,42763099999"
"Bhopal, Madhya Pradesh, India",2024-07-17T09:00:00,82.5,92.9,79.1,89.45,0,0,,0,0,10.5,1.1,19.6,1002,50,,233.7,0.8,2,,Partially cloudy,partly-cloudy-day,remote
"Bhopal, Madhya Pradesh, India",2024-07-17T10:00:00,82.8,93.8,79.2,88.93,0,0,,0,0,11.6,1.3,12.4,1002,64.4,,382.6,1.4,4,,Partially cloudy,partly-cloudy-day,remote
"Bhopal, Madhya Pradesh, India",2024-07-17T11:00:00,87.8,112.3,84.4,89.86,0,0,,0,0,11.6,5.8,334,1001.5,89,2.8,595,2.1,6,,Partially cloudy,partly-cloudy-day,"VABP,42667099999,42763099999"
"Bhopal, Madhya Pradesh, India",2024-07-17T12:00:00,87.3,106,81.6,83.11,0,0,,0,0,11.2,3.4,16.1,1001,73.8,,671,2.4,7,,Partially cloudy,partly-cloudy-day,remote
"Bhopal, Madhya Pradesh, India",2024-07-17T13:00:00,88.1,104.9,80.1,77.51,0,0,,0,0,11.4,2.7,22.2,1000,63.6,,694.1,2.5,7,,Partially cloudy,partly-cloudy-day,remote
"Bhopal, Madhya Pradesh, India",2024-07-17T14:00:00,91.4,117.1,83.7,78.33,0,0,,0,0,11.2,6.3,26,999,88.9,2.8,674.8,2.4,7,,Partially cloudy,partly-cloudy-day,"VABP,42667099999,42763099999"
"Bhopal, Madhya Pradesh, India",2024-07-17T15:00:00,90.8,107.6,79.2,69.12,0,0,,0,0,11.4,2.7,28.5,999,84,,634.2,2.3,6,,Partially cloudy,partly-cloudy-day,remote
"Bhopal, Madhya Pradesh, India",2024-07-17T16:00:00,87.9,103.2,79.2,75.69,0,0,,0,0,11.4,0.7,272.2,998,82.9,,595,2.1,6,,Partially cloudy,partly-cloudy-day,remote
"Bhopal, Madhya Pradesh, India",2024-07-17T17:00:00,85.1,102.8,82.4,91.56,0,0,,0,0,11.6,10.7,186,998.2,89.1,2.9,284.2,1,3,,Partially cloudy,partly-cloudy-day,"VABP,42672099999,42667099999,42763099999"
"Bhopal, Madhya Pradesh, India",2024-07-17T18:00:00,85.9,99.8,79.2,80.61,0,0,,0,0,12.3,4,177,998,94.7,,201.3,0.7,2,,Overcast,cloudy,remote
"Bhopal, Madhya Pradesh, India",2024-07-17T19:00:00,85.6,99.7,79.6,82.51,0,0,,0,0,13.6,4.5,201.6,999,96.8,,51.8,0.2,1,,Overcast,cloudy,remote
"Bhopal, Madhya Pradesh, India",2024-07-17T20:00:00,78,78,77.5,98.63,1.063,100,rain,0,0,12.8,4.7,180,1001.2,88.9,1.9,4.9,0,0,,"Rain, Partially cloudy",rain,"VABP,42667099999"
"Bhopal, Madhya Pradesh, India",2024-07-17T21:00:00,81.1,88.5,77.6,89.39,0,0,,0,0,13.9,7.4,237.2,1001,97.1,,0,0,0,,Overcast,cloudy,remote
"Bhopal, Madhya Pradesh, India",2024-07-17T22:00:00,81.1,88.4,77.4,88.86,0,0,,0,0,13.2,6.7,244.7,1001,93.6,,0,0,0,,Overcast,cloudy,remote
"Bhopal, Madhya Pradesh, India",2024-07-17T23:00:00,75.7,75.7,74.9,97.25,0,0,,0,0,12.5,2.2,195,1002.8,88.9,2.5,0,0,0,,Partially cloudy,partly-cloudy-night,"VABP,42667099999"
"Bhopal, Madhya Pradesh, India",2024-07-18T00:00:00,78.7,78.7,76.4,92.56,0,0,,0,0,10.1,6,244.2,1002,95.1,,0,0,0,,Overcast,cloudy,remote
"Bhopal, Madhya Pradesh, India",2024-07-18T01:00:00,78.9,78.9,76.4,92.01,0,0,,0,0,11.2,6,261.2,1001,93.1,,0,0,0,,Overcast,cloudy,remote
"Bhopal, Madhya Pradesh, India",2024-07-18T02:00:00,75.8,75.8,74.9,97.04,0,0,,0,0,11,3.4,200,1000.1,90,2.5,0,0,0,,Partially cloudy,partly-cloudy-night,42667099999
"Bhopal, Madhya Pradesh, India",2024-07-18T03:00:00,79.1,79.1,76.4,91.47,0,0,,0,0,11.4,6.5,297.2,1001,100,,0,0,0,,Overcast,cloudy,remote
"Bhopal, Madhya Pradesh, India",2024-07-18T04:00:00,78.3,78.3,76.6,94.22,0,0,,0,0,11.9,6,302.8,1001,98.2,,0,0,0,,Overcast,cloudy,remote
"Bhopal, Madhya Pradesh, India",2024-07-18T05:00:00,77.2,77.2,76.1,96.32,0,0,,0,0,10.5,8.1,230,1000.6,88.9,2.2,0,0,0,,Partially cloudy,partly-cloudy-night,"VABP,42667099999"
"Bhopal, Madhya Pradesh, India",2024-07-18T06:00:00,79.8,79.8,76.6,89.87,0,0,,0,0,10.7,5.1,293.1,1001,74.1,,0,0,0,,Partially cloudy,partly-cloudy-day,remote
"Bhopal, Madhya Pradesh, India",2024-07-18T07:00:00,79.6,79.6,76.6,90.4,0,0,,0,0,11,4.7,282.4,1001,88,,5.8,0,0,,Partially cloudy,partly-cloudy-day,remote
"Bhopal, Madhya Pradesh, India",2024-07-18T08:00:00,79.5,79.5,78.5,96.62,0,0,,0,0,12.5,9,250,1002.4,89.1,2.8,77.2,0.3,1,,Partially cloudy,partly-cloudy-day,"VABP,42672099999,42667099999,42763099999"
"Bhopal, Madhya Pradesh, India",2024-07-18T09:00:00,80.5,87,77.1,89.36,0,0,,0,0,14.5,8.9,313.7,1002,95.2,,166.6,0.6,2,,Overcast,cloudy,remote
"Bhopal, Madhya Pradesh, India",2024-07-18T10:00:00,80.9,87.6,76.9,87.8,0,0,,0,0,15.2,8.1,320.2,1002,85.2,,333.5,1.2,3,,Partially cloudy,partly-cloudy-day,remote
"Bhopal, Madhya Pradesh, India",2024-07-18T11:00:00,84.2,98.8,81,90.08,0,0,,0,0,13.9,9.1,290,1001.2,93.6,2.8,436.2,1.6,4,,Overcast,cloudy,"VABP,42667099999,42763099999"
"Bhopal, Madhya Pradesh, India",2024-07-18T12:00:00,85.9,99.1,78.7,79.19,0,0,,0,0,11,4.9,330.9,1001,90.8,,478.5,1.7,5,,Overcast,cloudy,remote
"Bhopal, Madhya Pradesh, India",2024-07-18T13:00:00,85.7,98.1,78.2,78.24,0,0,,0,0,12.8,4.3,326.2,1001,93.1,,776.1,2.8,8,,Overcast,cloudy,remote
"Bhopal, Madhya Pradesh, India",2024-07-18T14:00:00,87.9,112.6,84.5,89.84,0,0,,0,0,12.3,6.9,230,999.1,89,2.8,327.4,1.2,3,,Partially cloudy,partly-cloudy-day,"VABP,42667099999,42763099999"
"Bhopal, Madhya Pradesh, India",2024-07-18T15:00:00,87.5,103.1,79.6,77.46,0,0,,0,0,10.5,4.9,309.2,999,80.8,,283.4,1,3,,Partially cloudy,partly-cloudy-day,remote
"Bhopal, Madhya Pradesh, India",2024-07-18T16:00:00,81.9,89.9,76.9,84.77,0,0,,0,0,9.8,4.7,300.3,999,79.7,,357.8,1.3,4,,Partially cloudy,partly-cloudy-day,remote
"Bhopal, Madhya Pradesh, India",2024-07-18T17:00:00,76.2,76.2,75.5,97.67,1.496,100,rain,0,0,12.1,11.2,231,999.2,88.9,2.5,339.9,1.2,3,,"Rain, Partially cloudy",rain,"VABP,42672099999,42667099999,42763099999"
"Bhopal, Madhya Pradesh, India",2024-07-18T18:00:00,83.2,92.5,77.1,81.86,0,0,,0,0,13.2,4.3,298.5,998,90.5,,229.8,0.8,2,,Overcast,cloudy,remote
"Bhopal, Madhya Pradesh, India",2024-07-18T19:00:00,83.2,93,77.6,83.34,0,0,,0,0,10.3,3.1,283.1,999,85,,59.7,0.2,1,,Partially cloudy,partly-cloudy-day,remote
"Bhopal, Madhya Pradesh, India",2024-07-18T20:00:00,78.9,78.9,77.3,94.8,0,0,,0,0,6.3,2.2,160,998.8,90,2.5,7.4,0,0,,Partially cloudy,partly-cloudy-night,42667099999
"Bhopal, Madhya Pradesh, India",2024-07-18T21:00:00,80.5,87.2,77.6,90.98,0,0,,0,0,8.1,3.6,245.2,1000,48.1,,0,0,0,,Partially cloudy,partly-cloudy-night,remote
"Bhopal, Madhya Pradesh, India",2024-07-18T22:00:00,80.7,87.7,77.6,90.44,0,0,,0,0,7.4,4.7,230.3,1000,27.4,,0,0,0,,Partially cloudy,partly-cloudy-night,remote
"Bhopal, Madhya Pradesh, India",2024-07-18T23:00:00,79,79,77.7,95.55,0,0,,0,0,6.5,2.2,272,1001.5,88.9,2.8,0,0,0,,Partially cloudy,partly-cloudy-night,"VABP,42667099999"
"Bhopal, Madhya Pradesh, India",2024-07-19T00:00:00,80.1,86.2,77.3,90.96,0,0,,0,0,8.1,4.9,231.1,1001,52.8,,0,0,0,,Partially cloudy,partly-cloudy-night,remote
"Bhopal, Madhya Pradesh, India",2024-07-19T01:00:00,79.6,79.6,76.9,91.49,0,0,,0,0,10.1,4.9,235.7,1000,53.5,,0,0,0,,Partially cloudy,partly-cloudy-night,remote
"Bhopal, Madhya Pradesh, India",2024-07-19T02:00:00,78.2,78.2,77.6,98.23,0,0,,0,0,10.3,5.8,160,997.4,90,2.5,0,0,0,,Partially cloudy,partly-cloudy-night,42667099999
"Bhopal, Madhya Pradesh, India",2024-07-19T03:00:00,79.2,79.2,77.1,93.13,0,0,,0,0,9.2,4.7,239,999,37.7,,0,0,0,,Partially cloudy,partly-cloudy-night,remote
"Bhopal, Madhya Pradesh, India",2024-07-19T04:00:00,77.8,77.8,76.2,94.78,0,0,,0,0,8.7,3.6,247.3,999,46.3,,0,0,0,,Partially cloudy,partly-cloudy-night,remote
"Bhopal, Madhya Pradesh, India",2024-07-19T05:00:00,77.8,77.8,77.1,97.54,0,0,,0,0,8.5,2.8,203,999.7,88.9,2.8,0,0,0,,Partially cloudy,partly-cloudy-night,"VABP,42667099999"
"Bhopal, Madhya Pradesh, India",2024-07-19T06:00:00,79.2,79.2,76.4,90.93,0,0,,0,0,7.2,3.4,258.5,999,47.8,,0,0,0,,Partially cloudy,partly-cloudy-day,remote
"Bhopal, Madhya Pradesh, India",2024-07-19T07:00:00,79.2,79.2,76.4,90.93,0,0,,0,0,8.1,4,264,1000,64.8,,19,0.1,0,,Partially cloudy,partly-cloudy-day,remote
"Bhopal, Madhya Pradesh, India",2024-07-19T08:00:00,81.5,91.4,80.2,96.14,0,0,,0,0,11.2,4.6,270,1000.2,88.9,2.9,117.5,0.4,1,,Partially cloudy,partly-cloudy-day,"VABP,42672099999,42667099999,42763099999"
"Bhopal, Madhya Pradesh, India",2024-07-19T09:00:00,80.9,88,77.4,89.38,0,0,,0,0,12.8,5.1,291.2,1000,96.8,,241.5,0.9,2,,Overcast,cloudy,remote
"Bhopal, Madhya Pradesh, India",2024-07-19T10:00:00,80.3,86.6,77.3,90.43,0,0,,0,0,12.5,4,305.1,1000,99,,364.6,1.3,4,,Overcast,cloudy,remote
"Bhopal, Madhya Pradesh, India",2024-07-19T11:00:00,85,100.8,81.1,88.15,0,0,,0,0,11.2,4.7,230,1000.1,89,2.8,388.4,1.4,4,,Partially cloudy,partly-cloudy-day,"VABP,42667099999,42763099999"
"Bhopal, Madhya Pradesh, India",2024-07-19T12:00:00,84.8,98.1,79.4,83.93,0,0,,0,0,10.3,1.1,232.8,1000,92.8,,488.4,1.8,5,,Overcast,cloudy,remote
"Bhopal, Madhya Pradesh, India",2024-07-19T13:00:00,85.7,99.3,79.1,80.59,0,0,,0,0,10.1,2.5,198.4,999,85.4,,485.8,1.7,5,,Partially cloudy,partly-cloudy-day,remote
"Bhopal, Madhya Pradesh, India",2024-07-19T14:00:00,89.6,107.5,80.3,74.14,0,0,,0,0,10.7,8,234,997.4,88.8,2.8,620.7,2.2,6,,Partially cloudy,partly-cloudy-day,"VABP,42667099999,42763099999"
"Bhopal, Madhya Pradesh, India",2024-07-19T15:00:00,86.1,99.9,79.1,79.67,0,0,,0,0,10.5,4,221.7,998,87.4,,518.7,1.9,5,,Partially cloudy,partly-cloudy-day,remote
"Bhopal, Madhya Pradesh, India",2024-07-19T16:00:00,85,96.7,78,79.59,0,0,,0,0,11.6,2,225.2,997,96.9,,457.3,1.6,5,,Overcast,cloudy,remote
"Bhopal, Madhya Pradesh, India",2024-07-19T17:00:00,77.4,77.4,76.9,98.13,1.417,100,rain,0,0,12.5,3.3,106,998.6,93.6,2.2,338.8,1.2,3,,"Rain, Overcast",rain,"VABP,42672099999,42667099999,42763099999"
"Bhopal, Madhya Pradesh, India",2024-07-19T18:00:00,84.5,95.9,78.2,81.46,0,0,,0,0,13,4.5,255,997,92.5,,191.2,0.7,2,,Overcast,cloudy,remote
"Bhopal, Madhya Pradesh, India",2024-07-19T19:00:00,85,97.1,78.3,80.54,0,0,,0,0,11.4,3.1,239.6,998,96.9,,93.8,0.3,1,,Overcast,cloudy,remote
"Bhopal, Madhya Pradesh, India",2024-07-19T20:00:00,77.2,77.2,76.8,98.62,0.197,100,rain,0,0,8.5,2.2,230,999.7,88.9,2.8,10.2,0,0,,"Rain, Partially cloudy",rain,"VABP,42667099999"
"Bhopal, Madhya Pradesh, India",2024-07-19T21:00:00,81.1,88.5,77.6,89.39,0,0,,0,0,5.6,2,248.2,999,88.7,,0,0,0,,Partially cloudy,partly-cloudy-night,remote
"Bhopal, Madhya Pradesh, India",2024-07-19T22:00:00,81.4,89.2,77.4,87.82,0,0,,0,0,4,3.1,229.8,999,86.2,,0,0,0,,Partially cloudy,partly-cloudy-night,remote
"Bhopal, Madhya Pradesh, India",2024-07-19T23:00:00,77.8,77.8,77.5,98.9,0,0,,0,0,6.5,2.2,20,1000.5,88.9,2.5,0,0,0,,Partially cloudy,partly-cloudy-night,"VABP,42667099999"
"Bhopal, Madhya Pradesh, India",2024-07-20T00:00:00,80.7,87.5,77.3,89.37,0,0,,0,0,8.9,2.7,228.5,1000,100,,0,0,0,,Overcast,cloudy,remote
"Bhopal, Madhya Pradesh, India",2024-07-20T01:00:00,80.1,86,76.9,89.88,0,0,,0,0,6.5,3.4,217.8,1000,99.8,,0,0,0,,Overcast,cloudy,remote
"Bhopal, Madhya Pradesh, India",2024-07-20T02:00:00,78.5,78.5,77.6,97.08,0,0,,0,0,6.5,5.8,230,998.1,90,2.5,0,0,0,,Partially cloudy,partly-cloudy-night,42667099999
"Bhopal, Madhya Pradesh, India",2024-07-20T03:00:00,79.4,79.4,76.9,92.03,0,0,,0,0,6.7,3.4,232.9,999,97.4,,0,0,0,,Overcast,cloudy,remote
"Bhopal, Madhya Pradesh, India",2024-07-20T04:00:00,78.7,78.7,77.3,95.36,0,0,,0,0,6.9,2.5,286,999,97.9,,0,0,0,,Overcast,cloudy,remote
"Bhopal, Madhya Pradesh, India",2024-07-20T05:00:00,75.1,75.1,75.1,100,0,0,,0,0,6.5,3.4,270,1001,88,2.5,0,0,0,,Partially cloudy,partly-cloudy-night,VABP
"Bhopal, Madhya Pradesh, India",2024-07-20T06:00:00,80,80,77.4,92.05,0,0,,0,0,6.3,1.8,317,1000,99.8,,0,0,0,,Overcast,cloudy,remote
"Bhopal, Madhya Pradesh, India",2024-07-20T07:00:00,80.1,86.3,77.4,91.51,0,0,,0,0,6.3,1.3,253.3,1000,100,,15.9,0.1,0,,Overcast,cloudy,remote
"Bhopal, Madhya Pradesh, India",2024-07-20T08:00:00,78.7,78.7,78.7,99.86,0,0,,0,0,10.5,9.1,270,1002,88.1,2.5,103,0.4,1,,Partially cloudy,partly-cloudy-day,"VABP,42763099999"
"Bhopal, Madhya Pradesh, India",2024-07-20T09:00:00,81.8,90.2,77.8,87.84,0,0,,0,0,14.1,3.4,287.8,1001,91,,250.8,0.9,3,,Overcast,cloudy,remote
"Bhopal, Madhya Pradesh, India",2024-07-20T10:00:00,81.4,89.5,78,89.4,0,0,,0,0,14.3,3.1,292.6,1000,98,,366.7,1.3,4,,Overcast,cloudy,remote
"Bhopal, Madhya Pradesh, India",2024-07-20T11:00:00,84.2,100.3,82.1,93.4,0,0,,0,0,13.2,6.4,235,1000.5,89,2.8,411.8,1.5,4,,Partially cloudy,partly-cloudy-day,"VABP,42667099999,42763099999"
"Bhopal, Madhya Pradesh, India",2024-07-20T12:00:00,85.6,98.9,79.1,81.06,0,0,,0,0,11.9,2.2,237.2,1000,97,,535.8,1.9,5,,Overcast,cloudy,remote
"Bhopal, Madhya Pradesh, India",2024-07-20T13:00:00,85,98,79.1,82.47,0,0,,0,0,13.4,4.7,231.3,1000,97,,369.8,1.3,4,,Overcast,cloudy,remote
"Bhopal, Madhya Pradesh, India",2024-07-20T14:00:00,79.7,79.7,78.1,94.94,0.118,100,rain,0,0,14.3,6.9,284,999.3,89,1.2,400.7,1.4,4,,"Rain, Partially cloudy",rain,"VABP,42667099999,42763099999"
"Bhopal, Madhya Pradesh, India",2024-07-20T15:00:00,83.4,94.4,78.7,85.86,0,0,,0,0,16.8,9.6,270.8,999,89.2,,499,1.8,5,,Partially cloudy,partly-cloudy-day,remote
"Bhopal, Madhya Pradesh, India",2024-07-20T16:00:00,82.8,93.1,78.5,86.85,0,0,,0,0,19,8.3,288.5,998,91.2,,368.6,1.3,4,,Overcast,cloudy,remote
"Bhopal, Madhya Pradesh, India",2024-07-20T17:00:00,81.4,91.2,80.2,96.2,0.236,100,rain,0,0,19.5,3.8,219,998.3,89.1,1.6,253.1,0.9,3,,"Rain, Partially cloudy",rain,"VABP,42672099999,42667099999,42763099999"
"Bhopal, Madhya Pradesh, India",2024-07-20T18:00:00,84.5,95.9,78.2,81.46,0,0,,0,0,18.8,6.7,287.8,998,100,,238.9,0.9,2,,Overcast,cloudy,remote
"Bhopal, Madhya Pradesh, India",2024-07-20T19:00:00,83.6,94.2,78.2,83.86,0,0,,0,0,17,6,292.8,998,98.8,,68.2,0.2,1,,Overcast,cloudy,remote
"Bhopal, Madhya Pradesh, India",2024-07-20T20:00:00,81.3,90.7,80,96.12,0,0,,0,0,11,3.4,255,999.7,93.6,1.6,7,0,0,,Overcast,cloudy,"VABP,42667099999"
"Bhopal, Madhya Pradesh, India",2024-07-20T21:00:00,82.7,92.4,78.2,86.33,0,0,,0,0,8.7,5.1,281.9,999,86.2,,0,0,0,,Partially cloudy,partly-cloudy-night,remote
"Bhopal, Madhya Pradesh, India",2024-07-20T22:00:00,82.5,92,78.2,86.84,0,0,,0,0,8.7,4.5,270.8,1000,85.4,,0,0,0,,Partially cloudy,partly-cloudy-night,remote
"Bhopal, Madhya Pradesh, India",2024-07-20T23:00:00,79.6,79.6,78.9,97.56,0,0,,0,0,6.7,6.9,255,1000.7,93.6,2.5,0,0,0,,Overcast,cloudy,"VABP,42667099999"
"Bhopal, Madhya Pradesh, India",2024-07-21T00:00:00,80.9,88.3,78,90.99,0,0,,0,0,5.1,4.3,258.9,1001,99.8,,0,0,0,,Overcast,cloudy,remote
"Bhopal, Madhya Pradesh, India",2024-07-21T01:00:00,80.7,87.9,78,91.52,0,0,,0,0,10.1,4.9,266,1000,100,,0,0,0,,Overcast,cloudy,remote
"Bhopal, Madhya Pradesh, India",2024-07-21T02:00:00,80,80,78.9,96.52,0,0,,0,0,10.5,6.9,290,997.4,100,2.5,0,0,0,,Overcast,cloudy,42667099999
"Bhopal, Madhya Pradesh, India",2024-07-21T03:00:00,79.8,79.8,77.6,93.14,0,0,,0,0,11.2,5.4,289.7,999,100,,0,0,0,,Overcast,cloudy,remote
"Bhopal, Madhya Pradesh, India",2024-07-21T04:00:00,79.1,79.1,77.3,94.24,0,0,,0,0,12.3,5.1,316,1000,99.6,,0,0,0,,Overcast,cloudy,remote
"Bhopal, Madhya Pradesh, India",2024-07-21T05:00:00,77.8,77.8,77.5,98.9,0,0,,0,0,12.8,9.2,295,998.6,93.6,1.6,0,0,0,,Overcast,cloudy,"VABP,42667099999"
"Bhopal, Madhya Pradesh, India",2024-07-21T06:00:00,79.8,79.8,77.1,91.49,0,0,,0,0,12.1,6,318.1,999,93.3,,0,0,0,,Overcast,cloudy,remote
"Bhopal, Madhya Pradesh, India",2024-07-21T07:00:00,79.6,79.6,76.7,90.94,0,0,,0,0,11.9,5.6,319.1,1000,86.5,,6.8,0,0,,Partially cloudy,partly-cloudy-day,remote
"Bhopal, Madhya Pradesh, India",2024-07-21T08:00:00,77.9,77.9,77.5,98.88,0.157,100,rain,0,0,13,10.1,314,1000.4,100,1.3,45.2,0.2,0,,"Rain, Overcast",rain,"VABP,42672099999,42667099999,42763099999"
"Bhopal, Madhya Pradesh, India",2024-07-21T09:00:00,79.4,79.4,77.1,92.58,0,0,,0,0,15.9,6.9,331.3,1001,90.9,,75.4,0.3,1,,Overcast,cloudy,remote
"Bhopal, Madhya Pradesh, India",2024-07-21T10:00:00,79.2,79.2,76.4,90.93,0,0,,0,0,19.5,6.5,333.5,1000,91.7,,172.2,0.6,2,,Overcast,cloudy,remote
"Bhopal, Madhya Pradesh, India",2024-07-21T11:00:00,84.2,99.6,81.6,92.09,0.039,100,rain,0,0,19.7,3.3,180,1000.1,93.5,2.5,380.6,1.4,4,,"Rain, Overcast",rain,"VABP,42667099999,42763099999"
"Bhopal, Madhya Pradesh, India",2024-07-21T12:00:00,87.3,103.7,80.1,79.3,0,0,,0,0,17.9,5.6,342.2,1000,100,,541.6,1.9,5,,Overcast,cloudy,remote
"Bhopal, Madhya Pradesh, India",2024-07-21T13:00:00,88.2,105.2,80.1,77.07,0,0,,0,0,15,5.6,355.3,999,99.7,,714.8,2.6,7,,Overcast,cloudy,remote
"Bhopal, Madhya Pradesh, India",2024-07-21T14:00:00,86.1,106.7,83.4,91.84,0,0,,0,0,15,8,230,998.2,89,2.8,722.5,2.6,7,,Partially cloudy,partly-cloudy-day,"VABP,42667099999,42763099999"
"Bhopal, Madhya Pradesh, India",2024-07-21T15:00:00,89.3,108.2,80.9,76.26,0,0,,0,0,13.9,4.3,346.7,997,98,,571.6,2.1,6,,Overcast,cloudy,remote
"Bhopal, Madhya Pradesh, India",2024-07-21T16:00:00,87.3,102,79.1,76.54,0,0,,0,0,13.9,3.4,324.4,997,98.1,,466.3,1.7,5,,Overcast,cloudy,remote
"Bhopal, Madhya Pradesh, India",2024-07-21T17:00:00,79.2,79.2,78.9,99.07,1.457,100,rain,0,0,12.1,4.6,250,997,100,0.7,232.9,0.8,2,,"Rain, Overcast",rain,"42672099999,42667099999,42763099999"
"Bhopal, Madhya Pradesh, India",2024-07-21T18:00:00,84.3,97.7,80,86.93,0,0,,0,0,11.4,3.4,241.5,997,89.2,,167,0.6,2,,Partially cloudy,partly-cloudy-day,remote
"Bhopal, Madhya Pradesh, India",2024-07-21T19:00:00,84.1,97.3,80,87.43,0,0,,0,0,9.4,4.7,247.2,998,93.2,,64.7,0.2,1,,Overcast,cloudy,remote
"Bhopal, Madhya Pradesh, India",2024-07-21T20:00:00,77.7,77.7,77.1,98.08,0.197,100,rain,0,0,9.2,8.7,225,999.8,88.9,2.5,6.6,0,0,,"Rain, Partially cloudy",rain,"VABP,42667099999"
"Bhopal, Madhya Pradesh, India",2024-07-21T21:00:00,80.9,88.9,78.9,93.72,0,0,,0,0,10.7,5.1,272.7,999,66.7,,0,0,0,,Partially cloudy,partly-cloudy-night,remote
"Bhopal, Madhya Pradesh, India",2024-07-21T22:00:00,80.1,86.7,78.2,93.71,0,0,,0,0,8.7,5.1,275.2,1000,92.6,,0,0,0,,Overcast,cloudy,remote
"Bhopal, Madhya Pradesh, India",2024-07-21T23:00:00,77.9,77.9,77.7,99.17,0,0,,0,0,7.6,6.3,246,1000.7,88.9,2.5,0,0,0,,Partially cloudy,partly-cloudy-night,"VABP,42667099999"
"Bhopal, Madhya Pradesh, India",2024-07-22T00:00:00,79.4,79.4,77.8,94.81,0,0,,0,0,8.7,4.9,273.3,1000,98.2,,0,0,0,,Overcast,cloudy,remote
"Bhopal, Madhya Pradesh, India",2024-07-22T01:00:00,79.6,79.6,77.8,94.25,0,0,,0,0,9.8,4.9,270.5,1000,99.5,,0,0,0,,Overcast,cloudy,remote
"Bhopal, Madhya Pradesh, India",2024-07-22T02:00:00,77.6,77.6,77.3,98.82,0,0,,0,0,9.2,8.1,250,997.6,90,2.5,0,0,0,,Partially cloudy,partly-cloudy-night,42667099999
"Bhopal, Madhya Pradesh, India",2024-07-22T03:00:00,78.7,78.7,77.4,95.93,0,0,,0,0,9.6,5.6,291.3,1000,100,,0,0,0,,Overcast,cloudy,remote
"Bhopal, Madhya Pradesh, India",2024-07-22T04:00:00,77.3,77.3,76.6,97.64,0,0,,0,0,10.7,6.3,306.7,1000,100,,0,0,0,,Overcast,cloudy,remote
"Bhopal, Madhya Pradesh, India",2024-07-22T05:00:00,78.2,78.2,77.6,98.23,0.276,100,rain,0,0,11,9.2,230,998.5,90,2.5,0,0,0,,"Rain, Partially cloudy",rain,42667099999
"Bhopal, Madhya Pradesh, India",2024-07-22T06:00:00,78.3,78.3,76.4,93.66,0,0,,0,0,11,5.1,305.2,1000,98.8,,0,0,0,,Overcast,cloudy,remote
"Bhopal, Madhya Pradesh, India",2024-07-22T07:00:00,78.3,78.3,76.2,93.1,0,0,,0,0,11.9,6,292.5,1000,99.5,,9.8,0,0,,Overcast,cloudy,remote
"Bhopal, Madhya Pradesh, India",2024-07-22T08:00:00,77.7,77.7,76.8,97.2,0,0,,0,0,17.4,13,255,1001.4,100,1.6,86,0.3,1,,Overcast,cloudy,"VABP,42672099999,42667099999,42763099999"
"Bhopal, Madhya Pradesh, India",2024-07-22T09:00:00,80.3,85.9,75.8,86.21,0,0,,0,0,18.6,8.3,317,1001,100,,187.1,0.7,2,,Overcast,cloudy,remote
"Bhopal, Madhya Pradesh, India",2024-07-22T10:00:00,80.9,87,75.8,84.7,0,0,,0,0,19.9,7.2,325,1001,100,,360,1.3,4,,Overcast,cloudy,remote
"Bhopal, Madhya Pradesh, India",2024-07-22T11:00:00,79.6,79.6,78.5,96.23,0.039,100,rain,0,0,18.3,10.8,250,1001.6,100,2.8,509.7,1.8,5,,"Rain, Overcast",rain,"VABP,42667099999,42763099999"
"Bhopal, Madhya Pradesh, India",2024-07-22T12:00:00,85.6,98.3,78.5,79.63,0,0,,0,0,16.3,3.8,288.6,1001,98.2,,587.2,2.1,6,,Overcast,cloudy,remote
"Bhopal, Madhya Pradesh, India",2024-07-22T13:00:00,86.6,99.2,77.8,75.13,0,0,,0,0,12.1,3.8,259.6,1000,96.4,,453.6,1.6,5,,Overcast,cloudy,remote
"Bhopal, Madhya Pradesh, India",2024-07-22T14:00:00,85.1,102.7,82.3,91.49,0,0,,0,0,12.1,13.8,230,998.7,93.6,2.8,369.6,1.3,4,,Overcast,cloudy,"VABP,42667099999,42763099999"
"Bhopal, Madhya Pradesh, India",2024-07-22T15:00:00,88.8,104.6,79.2,73.56,0,0,,0,0,13.4,7.4,253.4,999,93.7,,330.8,1.2,3,,Overcast,cloudy,remote
"Bhopal, Madhya Pradesh, India",2024-07-22T16:00:00,84.6,95.8,77.8,80.04,0,0,,0,0,16.1,6.7,250.9,998,100,,455.3,1.6,5,,Overcast,cloudy,remote
"Bhopal, Madhya Pradesh, India",2024-07-22T17:00:00,77.1,77.1,76.4,97.88,0.669,100,rain,0,0,16.1,1.1,141,998.4,93.7,2.5,258.8,0.9,3,,"Rain, Overcast",rain,"VABP,42672099999,42667099999,42763099999"
"Bhopal, Madhya Pradesh, India",2024-07-22T18:00:00,81.6,90.2,78.3,89.94,0,0,,0,0,14.3,5.8,214,998,99,,78.1,0.3,1,,Overcast,cloudy,remote
"Bhopal, Madhya Pradesh, India",2024-07-22T19:00:00,81.9,90.7,78,87.85,0,0,,0,0,13.4,6.5,227.2,999,99.7,,31.9,0.1,0,,Overcast,cloudy,remote
"Bhopal, Madhya Pradesh, India",2024-07-22T20:00:00,77.9,77.9,77.1,97.27,0.157,100,rain,0,0,16.3,5.8,200,1000.8,88.9,1.6,3.4,0,0,,"Rain, Partially cloudy",rain,"VABP,42667099999"
"Bhopal, Madhya Pradesh, India",2024-07-22T21:00:00,79.8,79.8,77.1,91.49,0,0,,0,0,16.8,8.3,234.9,1001,100,,0,0,0,,Overcast,cloudy,remote
"Bhopal, Madhya Pradesh, India",2024-07-22T22:00:00,79.8,79.8,77.1,91.49,0,0,,0,0,16.1,8.5,243.7,1001,100,,0,0,0,,Overcast,cloudy,remote
"Bhopal, Madhya Pradesh, India",2024-07-22T23:00:00,78.9,78.9,77.3,94.8,0,0,,0,0,14.1,8.1,200,1000.5,90,1.2,0,0,0,,Partially cloudy,partly-cloudy-night,42667099999
"Bhopal, Madhya Pradesh, India",2024-07-23T00:00:00,79.6,79.6,76.9,91.49,0,0,,0,0,15.2,8.7,250.4,1001,100,,0,0,0,,Overcast,cloudy,remote
"Bhopal, Madhya Pradesh, India",2024-07-23T01:00:00,79.2,79.2,76.6,91.48,0,0,,0,0,17.4,9.6,255.9,1001,100,,0,0,0,,Overcast,cloudy,remote
"Bhopal, Madhya Pradesh, India",2024-07-23T02:00:00,77.6,77.6,77.3,98.82,0,0,,0,0,19,6.9,200,999.3,90,2.5,0,0,0,,Partially cloudy,partly-cloudy-night,42667099999
"Bhopal, Madhya Pradesh, India",2024-07-23T03:00:00,78.3,78.3,76,92.55,0,0,,0,0,20.1,10.3,261.2,1001,100,,0,0,0,,Overcast,cloudy,remote
"Bhopal, Madhya Pradesh, India",2024-07-23T04:00:00,76.4,76.4,74.6,94.18,0,0,,0,0,20.8,11.2,264.6,1001,100,,0,0,0,,Overcast,cloudy,remote
"Bhopal, Madhya Pradesh, India",2024-07-23T05:00:00,76,76,75.4,98.07,0,0,,0,0,20.4,8.1,205,1000.9,88.9,1.6,0,0,0,,Partially cloudy,partly-cloudy-night,"VABP,42667099999"
"Bhopal, Madhya Pradesh, India",2024-07-23T06:00:00,76.7,76.7,74.4,92.5,0,0,,0,0,19,8.7,275.6,1001,100,,0,0,0,,Overcast,cloudy,remote
"Bhopal, Madhya Pradesh, India",2024-07-23T07:00:00,76.6,76.6,74.6,93.62,0,0,,0,0,17.2,7.4,272.5,1001,100,,5.4,0,0,,Overcast,cloudy,remote
"Bhopal, Madhya Pradesh, India",2024-07-23T08:00:00,76.1,76.1,75.9,99.42,0,0,,0,0,16.6,7.9,250,1002.4,93.7,1.6,30.4,0.1,0,,Overcast,cloudy,"VABP,42672099999,42667099999,42763099999"
"Bhopal, Madhya Pradesh, India",2024-07-23T09:00:00,76.6,76.6,75.5,96.47,0,0,,0,0,15.7,8.7,272,1002,99.8,,82.3,0.3,1,,Overcast,cloudy,remote
"Bhopal, Madhya Pradesh, India",2024-07-23T10:00:00,76.2,76.2,75.5,97.63,0,0,,0,0,14.5,8.5,270.2,1001,100,,69.6,0.3,1,,Overcast,cloudy,remote
"Bhopal, Madhya Pradesh, India",2024-07-23T11:00:00,78.9,78.9,77.5,95.69,0.02,100,rain,0,0,16.3,5.8,200,1002.5,93.6,2.5,138.1,0.5,1,,"Rain, Overcast",rain,"VABP,42667099999,42763099999"
"Bhopal, Madhya Pradesh, India",2024-07-23T12:00:00,77.8,77.8,76.9,97.07,0,0,,0,0,20.6,11,273.3,1002,100,,156.1,0.6,2,,Overcast,cloudy,remote
"Bhopal, Madhya Pradesh, India",2024-07-23T13:00:00,78.9,78.9,76.4,92.01,0,0,,0,0,21.9,10.3,276,1001,100,,270.2,1,3,,Overcast,cloudy,remote
"Bhopal, Madhya Pradesh, India",2024-07-23T14:00:00,82.1,90.8,77.6,86.43,0,0,,0,0,20.6,9.1,250,998.3,90.1,2.5,229,0.8,2,,Overcast,cloudy,"42667099999,42763099999"
"Bhopal, Madhya Pradesh, India",2024-07-23T15:00:00,81.1,87.9,76.7,86.76,0,0,,0,0,20.8,10.1,273.7,999,100,,257.7,0.9,3,,Overcast,cloudy,remote
"Bhopal, Madhya Pradesh, India",2024-07-23T16:00:00,80.9,88.4,78.2,91.53,0,0,,0,0,21.3,9.8,268.6,999,98.8,,197.2,0.7,2,,Overcast,cloudy,remote
"Bhopal, Madhya Pradesh, India",2024-07-23T17:00:00,81.4,90.8,79.6,94.03,0,0,,0,0,19.5,7.5,225,998.7,89.1,2.8,119.1,0.4,1,,Partially cloudy,partly-cloudy-day,"VABP,42672099999,42667099999,42763099999"
"Bhopal, Madhya Pradesh, India",2024-07-23T18:00:00,80,80,77.8,93.15,0,0,,0,0,19.2,9.4,269.6,999,97.7,,58.5,0.2,1,,Overcast,cloudy,remote
"Bhopal, Madhya Pradesh, India",2024-07-23T19:00:00,80,80,77.1,90.96,0,0,,0,0,20.1,7.8,255.7,999,100,,12.9,0,0,,Overcast,cloudy,remote
"Bhopal, Madhya Pradesh, India",2024-07-23T20:00:00,77.8,77.8,77.8,100,0.492,100,rain,0,0,19.7,6.9,205,1000.3,88.9,1,2.2,0,0,,"Rain, Partially cloudy",rain,"VABP,42667099999"
"Bhopal, Madhya Pradesh, India",2024-07-23T21:00:00,78.3,78.3,76.7,94.79,0,0,,0,0,19.5,8.7,246,1000,100,,0,0,0,,Overcast,cloudy,remote
"Bhopal, Madhya Pradesh, India",2024-07-23T22:00:00,78.2,78.2,76.4,94.22,0,0,,0,0,20.4,9.6,245,1000,100,,0,0,0,,Overcast,cloudy,remote
"Bhopal, Madhya Pradesh, India",2024-07-23T23:00:00,76.1,76.1,75.9,99.17,0,0,,0,0,22.1,9.8,230,1000.7,88.9,1.6,0,0,0,,Partially cloudy,partly-cloudy-night,"VABP,42667099999"
"Bhopal, Madhya Pradesh, India",2024-07-24T00:00:00,77.8,77.8,76,94.21,0,0,,0,0,22.8,10.3,250.4,1001,99.8,,0,0,0,,Overcast,cloudy,remote
"Bhopal, Madhya Pradesh, India",2024-07-24T01:00:00,77.8,77.8,76,94.21,0,0,,0,0,19,10.3,261.6,1000,100,,0,0,0,,Overcast,cloudy,remote
"Bhopal, Madhya Pradesh, India",2024-07-24T02:00:00,75.3,75.3,74.1,96.02,1.22,100,rain,0,0,18.8,13.9,225,999.6,88.9,1.6,0,0,0,,"Rain, Partially cloudy",rain,"VABP,42667099999"
"Bhopal, Madhya Pradesh, India",2024-07-24T03:00:00,77.3,77.3,75.8,95.33,0,0,,0,0,18.1,9.8,249.5,999,100,,0,0,0,,Overcast,cloudy,remote
"Bhopal, Madhya Pradesh, India",2024-07-24T04:00:00,76.4,76.4,74.7,94.74,0,0,,0,0,17.7,8.5,259.7,999,100,,0,0,0,,Overcast,cloudy,remote
"Bhopal, Madhya Pradesh, India",2024-07-24T05:00:00,74.3,74.3,74.1,99.16,0.118,100,rain,0,0,16.8,11.4,230,997.9,88.9,1.6,0,0,0,,"Rain, Partially cloudy",rain,"VABP,42667099999"
"Bhopal, Madhya Pradesh, India",2024-07-24T06:00:00,76.7,76.7,74.7,93.62,0,0,,0,0,16.6,8.5,268,998,100,,0,0,0,,Overcast,cloudy,remote
"Bhopal, Madhya Pradesh, India",2024-07-24T07:00:00,76.7,76.7,74.7,93.62,0,0,,0,0,15.4,8.5,264.4,998,100,,2,0,0,,Overcast,cloudy,remote
"Bhopal, Madhya Pradesh, India",2024-07-24T08:00:00,76,76,75.5,98.06,0,0,,0,0,14.5,10.2,230,999.5,89.1,1.9,8.4,0,0,,Partially cloudy,partly-cloudy-day,"VABP,42672099999,42667099999,42763099999"
"Bhopal, Madhya Pradesh, India",2024-07-24T09:00:00,76.9,76.9,75.3,94.76,0,0,,0,0,13.4,8.3,257.3,999,100,,27.4,0.1,0,,Overcast,cloudy,remote
"Bhopal, Madhya Pradesh, India",2024-07-24T10:00:00,76.7,76.7,75.3,95.32,0,0,,0,0,14.8,8.1,264.4,999,100,,55.6,0.2,1,,Overcast,cloudy,remote
"Bhopal, Madhya Pradesh, India",2024-07-24T11:00:00,77.8,77.8,76.7,96.21,0,0,,0,0,19,13.2,234,998.9,89,2.5,73.3,0.3,1,,Partially cloudy,partly-cloudy-day,"VABP,42667099999,42763099999"
"Bhopal, Madhya Pradesh, India",2024-07-24T12:00:00,78,78,76.7,95.92,0,0,,0,0,19.9,10.3,268.2,999,100,,108.8,0.4,1,,Overcast,cloudy,remote
"Bhopal, Madhya Pradesh, India",2024-07-24T13:00:00,78.3,78.3,77.3,96.5,0,0,,0,0,20.8,11.2,270.6,997,100,,344.7,1.2,3,,Overcast,cloudy,remote
"Bhopal, Madhya Pradesh, India",2024-07-24T14:00:00,80.7,88.6,79.3,95.58,0,0,,0,0,20.8,9.1,245,997.5,93.6,2.8,222.9,0.8,2,,Overcast,cloudy,"VABP,42667099999,42763099999"
"Bhopal, Madhya Pradesh, India",2024-07-24T15:00:00,80,80,78.7,95.95,0,0,,0,0,19,8.7,274,996,100,,197.4,0.7,2,,Overcast,cloudy,remote
"Bhopal, Madhya Pradesh, India",2024-07-24T16:00:00,80.9,87.8,77.1,88.32,0,0,,0,0,17.4,6.3,255.7,996,97.5,,151.1,0.5,2,,Overcast,cloudy,remote
"Bhopal, Madhya Pradesh, India",2024-07-24T17:00:00,79.7,79.7,78.4,95.73,0,0,,0,0,17,5.7,200,996.3,93.7,2.8,125.8,0.5,1,,Overcast,cloudy,"VABP,42672099999,42667099999,42763099999"
"Bhopal, Madhya Pradesh, India",2024-07-24T18:00:00,80.1,86.2,77.3,90.96,0,0,,0,0,18.8,7.4,256,996,100,,64.9,0.2,1,,Overcast,cloudy,remote
"Bhopal, Madhya Pradesh, India",2024-07-24T19:00:00,79.2,79.2,76.4,90.93,0,0,,0,0,19.5,8.7,249.7,996,100,,11.8,0,0,,Overcast,cloudy,remote
"Bhopal, Madhya Pradesh, India",2024-07-24T20:00:00,76.5,76.5,75.4,96.45,0,0,,0,0,20.6,12.8,200,997.5,93.6,2.8,1.8,0,0,,Overcast,cloudy,"VABP,42667099999"
"Bhopal, Madhya Pradesh, India",2024-07-24T21:00:00,76.9,76.9,75.8,96.48,0,0,,0,0,21.7,10.7,260.5,997,100,,0,0,0,,Overcast,cloudy,remote
"Bhopal, Madhya Pradesh, India",2024-07-24T22:00:00,76.9,76.9,75.6,95.9,0,0,,0,0,22.1,10.3,259.8,998,99.7,,0,0,0,,Overcast,cloudy,remote
"Bhopal, Madhya Pradesh, India",2024-07-24T23:00:00,76,76,74.9,96.17,0.024,100,rain,0,0,22.1,9.2,200,998,93.6,1.9,0,0,0,,"Rain, Overcast",rain,"VABP,42667099999"
"Bhopal, Madhya Pradesh, India",2024-07-25T00:00:00,76.9,76.9,76,97.06,0,0,,0,0,21.7,9.6,256.1,998,100,,0,0,0,,Overcast,cloudy,remote
"Bhopal, Madhya Pradesh, India",2024-07-25T01:00:00,76.9,76.9,75.8,96.48,0,0,,0,0,18.1,9.8,257,997,100,,0,0,0,,Overcast,cloudy,remote
"Bhopal, Madhya Pradesh, India",2024-07-25T02:00:00,76.7,76.7,74,91.39,0,0,,0,0,18.6,11.4,230,996,90,2.5,0,0,0,,Partially cloudy,partly-cloudy-night,42667099999
"Bhopal, Madhya Pradesh, India",2024-07-25T03:00:00,76.4,76.4,74.9,95.32,0,0,,0,0,18.6,9.4,267.8,996,100,,0,0,0,,Overcast,cloudy,remote
"Bhopal, Madhya Pradesh, India",2024-07-25T04:00:00,76.2,76.2,74.9,95.89,0,0,,0,0,18.1,8.5,269.7,996,100,,0,0,0,,Overcast,cloudy,remote
"Bhopal, Madhya Pradesh, India",2024-07-25T05:00:00,76,76,75.3,97.52,0,0,,0,0,15.4,8.1,230,995.8,93.6,2.5,0,0,0,,Overcast,cloudy,"VABP,42667099999"
"Bhopal, Madhya Pradesh, India",2024-07-25T06:00:00,77.1,77.1,75.3,94.19,0,0,,0,0,15.4,8.1,268,996,100,,0,0,0,,Overcast,cloudy,remote
"Bhopal, Madhya Pradesh, India",2024-07-25T07:00:00,77.1,77.1,75.3,94.19,0,0,,0,0,14.3,7.4,262,997,100,,1.1,0,0,,Overcast,cloudy,remote
"Bhopal, Madhya Pradesh, India",2024-07-25T08:00:00,76.2,76.2,75.9,98.95,0,0,,0,0,15.2,11.2,250,997.5,93.7,1.6,11,0,0,,Overcast,cloudy,"VABP,42672099999,42667099999,42763099999"
"Bhopal, Madhya Pradesh, India",2024-07-25T09:00:00,77.1,77.1,75.8,95.9,0,0,,0,0,16.8,8.3,262.9,998,100,,45.9,0.2,0,,Overcast,cloudy,remote
"Bhopal, Madhya Pradesh, India",2024-07-25T10:00:00,76.9,76.9,76,97.06,0,0,,0,0,17.2,10.3,272.3,998,100,,46.5,0.2,0,,Overcast,cloudy,remote
"Bhopal, Madhya Pradesh, India",2024-07-25T11:00:00,77.9,77.9,77.1,97.23,0,0,,0,0,18.6,8,245,998,93.6,2.5,97.2,0.3,1,,Overcast,cloudy,"VABP,42667099999,42763099999"
"Bhopal, Madhya Pradesh, India",2024-07-25T12:00:00,78.9,78.9,78.2,97.66,0,0,,0,0,20.4,10.5,281.7,997,100,,184.5,0.7,2,,Overcast,cloudy,remote
"Bhopal, Madhya Pradesh, India",2024-07-25T13:00:00,78.5,78.5,78,98.24,0,0,,0,0,19.2,11.2,278.2,997,100,,88,0.3,1,,Overcast,cloudy,remote
"Bhopal, Madhya Pradesh, India",2024-07-25T14:00:00,82.9,94.6,79.9,90.68,0,0,,0,0,17.4,9.1,250,995.4,89,2.5,59.2,0.2,1,,Partially cloudy,partly-cloudy-day,"VABP,42667099999,42763099999"
"Bhopal, Madhya Pradesh, India",2024-07-25T15:00:00,79.8,79.8,78.5,95.95,0,0,,0,0,20.6,11.2,266.4,996,100,,38.8,0.1,0,,Overcast,cloudy,remote
"Bhopal, Madhya Pradesh, India",2024-07-25T16:00:00,76.9,76.9,76.6,98.81,0,0,,0,0,21,11,261,996,100,,46.3,0.2,0,,Overcast,cloudy,remote
"Bhopal, Madhya Pradesh, India",2024-07-25T17:00:00,78.4,78.4,77.7,97.65,0.016,100,rain,0,0,22.1,11.2,230,994.7,93.7,1.6,17.9,0.1,0,,"Rain, Overcast",rain,"VABP,42672099999,42667099999,42763099999"
"Bhopal, Madhya Pradesh, India",2024-07-25T18:00:00,77.6,77.6,76.6,96.49,0,0,,0,0,22.1,11.9,263.8,995,100,,31.5,0.1,0,,Overcast,cloudy,remote
"Bhopal, Madhya Pradesh, India",2024-07-25T19:00:00,78.2,78.2,76.4,94.22,0,0,,0,0,21.5,11,262.5,996,100,,11.9,0,0,,Overcast,cloudy,remote
"Bhopal, Madhya Pradesh, India",2024-07-25T20:00:00,76,76,74.5,94.96,0.181,100,rain,0,0,19.9,8.1,205,997.6,93.6,1.6,1.2,0,0,,"Rain, Overcast",rain,"VABP,42667099999"
"Bhopal, Madhya Pradesh, India",2024-07-25T21:00:00,77.6,77.6,76.2,95.34,0,0,,0,0,19.5,9.6,263.2,997,100,,0,0,0,,Overcast,cloudy,remote
"Bhopal, Madhya Pradesh, India",2024-07-25T22:00:00,78.2,78.2,76.2,93.66,0,0,,0,0,20.8,9.8,255.8,998,100,,0,0,0,,Overcast,cloudy,remote
"Bhopal, Madhya Pradesh, India",2024-07-25T23:00:00,75.9,75.9,75.3,98.07,0,0,,0,0,22.4,8.1,230,998.8,93.6,1.6,0,0,0,,Overcast,cloudy,"VABP,42667099999"
"Bhopal, Madhya Pradesh, India",2024-07-26T00:00:00,77.4,77.4,76,95.34,0,0,,0,0,23,10.3,253.9,998,100,,0,0,0,,Overcast,cloudy,remote
"Bhopal, Madhya Pradesh, India",2024-07-26T01:00:00,77.1,77.1,75.8,95.9,0,0,,0,0,19,10.7,258.5,997,100,,0,0,0,,Overcast,cloudy,remote
"Bhopal, Madhya Pradesh, India",2024-07-26T02:00:00,75.3,75.3,74.6,97.62,0,0,,0,0,19.7,9.2,230,995.7,100,1.2,0,0,0,,Overcast,cloudy,42667099999
"Bhopal, Madhya Pradesh, India",2024-07-26T03:00:00,76,76,75.5,98.22,0,0,,0,0,19.9,10.7,264.9,997,100,,0,0,0,,Overcast,cloudy,remote
"Bhopal, Madhya Pradesh, India",2024-07-26T04:00:00,76.6,76.6,75.6,97.05,0,0,,0,0,20.4,10.5,273.2,997,100,,0,0,0,,Overcast,cloudy,remote
"Bhopal, Madhya Pradesh, India",2024-07-26T05:00:00,76,76,75.4,98.07,0,0,,0,0,19.9,9.2,230,997.6,93.6,1.6,0,0,0,,Overcast,cloudy,"VABP,42667099999"
"Bhopal, Madhya Pradesh, India",2024-07-26T06:00:00,77.3,77.3,75.5,94.2,0,0,,0,0,19,10.1,277.1,997,100,,0,0,0,,Overcast,cloudy,remote
"Bhopal, Madhya Pradesh, India",2024-07-26T07:00:00,77.1,77.1,75.6,95.33,0,0,,0,0,18.1,10.3,280.1,998,100,,0.9,0,0,,Overcast,cloudy,remote
"Bhopal, Madhya Pradesh, India",2024-07-26T08:00:00,76.1,76.1,75.5,98.09,0.472,100,rain,0,0,18.6,10.1,230,998.7,93.7,1.3,9.8,0,0,,"Rain, Overcast",rain,"VABP,42672099999,42667099999,42763099999"
"Bhopal, Madhya Pradesh, India",2024-07-26T09:00:00,77.6,77.6,75.8,94.21,0,0,,0,0,18.6,9.2,281.4,999,100,,35.9,0.1,0,,Overcast,cloudy,remote
"Bhopal, Madhya Pradesh, India",2024-07-26T10:00:00,77.4,77.4,75.8,94.77,0,0,,0,0,19.9,8.7,278.4,999,100,,68.2,0.2,1,,Overcast,cloudy,remote
"Bhopal, Madhya Pradesh, India",2024-07-26T11:00:00,76.1,76.1,75.9,99.16,0.394,100,rain,0,0,19.2,9.1,230,998.7,100,1.2,52.8,0.2,1,,"Rain, Overcast",rain,"VABP,42667099999,42763099999"
"Bhopal, Madhya Pradesh, India",2024-07-26T12:00:00,78.5,78.5,77.4,96.5,0,0,,0,0,19,9.8,273.8,998,100,,88.7,0.3,1,,Overcast,cloudy,remote
"Bhopal, Madhya Pradesh, India",2024-07-26T13:00:00,78.3,78.3,77.8,98.24,0,0,,0,0,23.3,12.1,275.9,998,100,,256.1,0.9,3,,Overcast,cloudy,remote
"Bhopal, Madhya Pradesh, India",2024-07-26T14:00:00,77.1,77.1,76,96.6,0.669,100,rain,0,0,21.7,13.8,230,997.7,93.6,1.2,205.3,0.7,2,,"Rain, Overcast",rain,"VABP,42667099999,42763099999"
"Bhopal, Madhya Pradesh, India",2024-07-26T15:00:00,77.3,77.3,77.1,99.41,0,0,,0,0,21.7,12.1,266,997,100,,168,0.6,2,,Overcast,cloudy,remote
"Bhopal, Madhya Pradesh, India",2024-07-26T16:00:00,76.6,76.6,75.8,97.64,0,0,,0,0,25.3,11.2,267.7,998,100,,86.3,0.3,1,,Overcast,cloudy,remote
"Bhopal, Madhya Pradesh, India",2024-07-26T17:00:00,77.1,77.1,76,96.58,0.118,100,rain,0,0,24.4,11.2,230,997.5,100,1.3,44.7,0.2,0,,"Rain, Overcast",rain,"VABP,42672099999,42667099999,42763099999"
"Bhopal, Madhya Pradesh, India",2024-07-26T18:00:00,76.7,76.7,75.8,97.05,0,0,,0,0,23.3,10.3,265.3,997,100,,63.1,0.2,1,,Overcast,cloudy,remote
"Bhopal, Madhya Pradesh, India",2024-07-26T19:00:00,77.3,77.3,76,95.91,0,0,,0,0,20.4,9.8,260.1,998,100,,24.9,0.1,0,,Overcast,cloudy,remote
"Bhopal, Madhya Pradesh, India",2024-07-26T20:00:00,77.5,77.5,76,95.26,0,0,,0,0,18.1,12.8,235,998.7,100,1.3,1.3,0,0,,Overcast,cloudy,"VABP,42667099999"
"Bhopal, Madhya Pradesh, India",2024-07-26T21:00:00,76.9,76.9,75.5,95.33,0,0,,0,0,18.3,9.6,257.4,999,100,,0,0,0,,Overcast,cloudy,remote
"Bhopal, Madhya Pradesh, India",2024-07-26T22:00:00,76.9,76.9,75.1,94.19,0,0,,0,0,18.1,9.8,256.6,999,100,,0,0,0,,Overcast,cloudy,remote
"Bhopal, Madhya Pradesh, India",2024-07-26T23:00:00,76,76,75.4,98.07,0,0,,0,0,18.3,10.3,211,1000,100,1.6,0,0,0,,Overcast,cloudy,"VABP,42667099999"
"Bhopal, Madhya Pradesh, India",2024-07-27T00:00:00,76.7,76.7,75.6,96.47,0,0,,0,0,17.9,10.5,265.8,1000,100,,0,0,0,,Overcast,cloudy,remote
"Bhopal, Madhya Pradesh, India",2024-07-27T01:00:00,76.6,76.6,75.6,97.05,0,0,,0,0,19.5,10.5,275.6,999,100,,0,0,0,,Overcast,cloudy,remote
"Bhopal, Madhya Pradesh, India",2024-07-27T02:00:00,76.7,76.7,75.8,97.05,0,0,,0,0,18.8,9.2,230,997,100,1.2,0,0,0,,Overcast,cloudy,42667099999
"Bhopal, Madhya Pradesh, India",2024-07-27T03:00:00,76.4,76.4,76.2,99.4,0,0,,0,0,18.8,10.1,278.2,998,100,,0,0,0,,Overcast,cloudy,remote
"Bhopal, Madhya Pradesh, India",2024-07-27T04:00:00,76.4,76.4,75.5,97.05,0,0,,0,0,18.3,10.1,283.8,999,100,,0,0,0,,Overcast,cloudy,remote
"Bhopal, Madhya Pradesh, India",2024-07-27T05:00:00,76,76,75.3,97.52,0,0,,0,0,18.8,10.3,250,998.8,93.6,1.6,0,0,0,,Overcast,cloudy,"VABP,42667099999"
"Bhopal, Madhya Pradesh, India",2024-07-27T06:00:00,77.3,77.3,75.1,93.07,0,0,,0,0,18.8,12.8,291.5,999,100,,0,0,0,,Overcast,cloudy,remote
"Bhopal, Madhya Pradesh, India",2024-07-27T07:00:00,77.1,77.1,75.1,93.63,0,0,,0,0,18.6,12.8,293.4,999,100,,1,0,0,,Overcast,cloudy,remote
"Bhopal, Madhya Pradesh, India",2024-07-27T08:00:00,76.1,76.1,76,99.92,0.433,100,rain,0,0,18.3,12.5,250,1000.4,100,1.3,10.7,0,0,,"Rain, Overcast",rain,"VABP,42672099999,42667099999,42763099999"
"Bhopal, Madhya Pradesh, India",2024-07-27T09:00:00,77.1,77.1,75.8,95.9,0,0,,0,0,17.4,11.2,296.3,1000,100,,22.6,0.1,0,,Overcast,cloudy,remote
"Bhopal, Madhya Pradesh, India",2024-07-27T10:00:00,76.9,76.9,75.6,95.9,0,0,,0,0,15.4,10.5,291.6,1000,100,,29.7,0.1,0,,Overcast,cloudy,remote
"Bhopal, Madhya Pradesh, India",2024-07-27T11:00:00,76,76,76,99.99,0.157,100,rain,0,0,18.8,12.7,250,999.8,100,1.2,70,0.3,1,,"Rain, Overcast",rain,"VABP,42667099999,42763099999"
"Bhopal, Madhya Pradesh, India",2024-07-27T12:00:00,78.2,78.2,77.4,97.65,0,0,,0,0,19.5,14.1,296.5,999,100,,100.6,0.4,1,,Overcast,cloudy,remote
"Bhopal, Madhya Pradesh, India",2024-07-27T13:00:00,78,78,76.9,96.49,0,0,,0,0,25.7,13.4,301.9,998,100,,154.3,0.6,2,,Overcast,cloudy,remote
"Bhopal, Madhya Pradesh, India",2024-07-27T14:00:00,76,76,75.5,98.08,0.354,100,rain,0,0,23.9,12.7,230,998.8,93.6,1.2,144.9,0.5,1,,"Rain, Overcast",rain,"VABP,42667099999,42763099999"
"Bhopal, Madhya Pradesh, India",2024-07-27T15:00:00,78,78,77.4,98.23,0,0,,0,0,25.5,11,312.2,998,100,,198.9,0.7,2,,Overcast,cloudy,remote
"Bhopal, Madhya Pradesh, India",2024-07-27T16:00:00,78.3,78.3,76.7,94.79,0,0,,0,0,24.4,9.6,301.2,998,99.8,,152.9,0.6,2,,Overcast,cloudy,remote
"Bhopal, Madhya Pradesh, India",2024-07-27T17:00:00,75.9,75.9,74.2,94.42,0,0,,0,0,23,13,235,998.5,100,1.9,123.1,0.4,1,,Overcast,cloudy,"VABP,42672099999,42667099999,42763099999"
"Bhopal, Madhya Pradesh, India",2024-07-27T18:00:00,79.6,79.6,77.3,92.58,0,0,,0,0,22.1,11.6,290.1,997,99,,66.4,0.2,1,,Overcast,cloudy,remote
"Bhopal, Madhya Pradesh, India",2024-07-27T19:00:00,80,80,76.7,89.88,0,0,,0,0,19.9,12.3,295.3,998,100,,45.8,0.2,0,,Overcast,cloudy,remote
"Bhopal, Madhya Pradesh, India",2024-07-27T20:00:00,75.7,75.7,74.8,96.98,0,0,,0,0,17.9,12.6,239,999.2,88.9,2.5,4.6,0,0,,Partially cloudy,partly-cloudy-night,"VABP,42667099999"
"Bhopal, Madhya Pradesh, India",2024-07-27T21:00:00,77.4,77.4,76.7,97.64,0,0,,0,0,15.4,10.1,302.5,999,100,,0,0,0,,Overcast,cloudy,remote
"Bhopal, Madhya Pradesh, India",2024-07-27T22:00:00,77.3,77.3,76.6,97.64,0,0,,0,0,14.1,9.8,300.8,999,100,,0,0,0,,Overcast,cloudy,remote
"Bhopal, Madhya Pradesh, India",2024-07-27T23:00:00,76,76,75.4,98.07,0,0,,0,0,12.8,9.1,245,999.8,88.9,1.6,0,0,0,,Partially cloudy,partly-cloudy-night,"VABP,42667099999"
"Bhopal, Madhya Pradesh, India",2024-07-28T00:00:00,77.4,77.4,76.7,97.64,0,0,,0,0,11.6,10.5,302.1,999,100,,0,0,0,,Overcast,cloudy,remote
"Bhopal, Madhya Pradesh, India",2024-07-28T01:00:00,77.4,77.4,76.7,97.64,0,0,,0,0,19.2,10.5,301,999,100,,0,0,0,,Overcast,cloudy,remote
"Bhopal, Madhya Pradesh, India",2024-07-28T02:00:00,76.7,76.7,75.5,95.9,0,0,,0,0,19,11.4,250,996.7,90,1.2,0,0,0,,Partially cloudy,partly-cloudy-night,42667099999
"Bhopal, Madhya Pradesh, India",2024-07-28T03:00:00,77.1,77.1,76.9,99.41,0,0,,0,0,17.7,10.1,302.2,998,100,,0,0,0,,Overcast,cloudy,remote
"Bhopal, Madhya Pradesh, India",2024-07-28T04:00:00,75.3,75.3,74.7,98.21,0,0,,0,0,17.7,11.9,295.7,997,100,,0,0,0,,Overcast,cloudy,remote
"Bhopal, Madhya Pradesh, India",2024-07-28T05:00:00,75.9,75.9,75.4,98.62,0,0,,0,0,18.3,8.1,250,997.8,88.9,1.6,0,0,0,,Partially cloudy,partly-cloudy-night,"VABP,42667099999"
"Bhopal, Madhya Pradesh, India",2024-07-28T06:00:00,76,76,74.7,95.89,0,0,,0,0,18.6,12.3,311.2,997,100,,0,0,0,,Overcast,cloudy,remote
"Bhopal, Madhya Pradesh, India",2024-07-28T07:00:00,75.8,75.8,74.7,96.46,0,0,,0,0,19,11.4,316.3,998,100,,1.7,0,0,,Overcast,cloudy,remote
"Bhopal, Madhya Pradesh, India",2024-07-28T08:00:00,76.1,76.1,75.7,98.85,0.236,100,rain,0,0,19.7,8.5,250,998.6,100,1.3,16.9,0.1,0,,"Rain, Overcast",rain,"VABP,42672099999,42667099999,42763099999"
"Bhopal, Madhya Pradesh, India",2024-07-28T09:00:00,76.6,76.6,75.6,97.05,0,0,,0,0,19.9,10.7,330.7,998,100,,66.3,0.2,1,,Overcast,cloudy,remote
"Bhopal, Madhya Pradesh, India",2024-07-28T10:00:00,76,76,75.5,98.22,0,0,,0,0,19.2,9.6,336.4,998,98.4,,53.8,0.2,1,,Overcast,cloudy,remote
"Bhopal, Madhya Pradesh, India",2024-07-28T11:00:00,88.2,101.9,78,72.01,0.63,100,rain,0,0,19.5,9.1,166,997.5,73.4,1.9,123.4,0.4,1,,"Rain, Partially cloudy",rain,"VABP,42667099999,42763099999"
"Bhopal, Madhya Pradesh, India",2024-07-28T12:00:00,78,78,78,100,0,0,,0,0,20.6,6.9,344.4,997,90.8,,144.6,0.5,1,,Overcast,cloudy,remote
"Bhopal, Madhya Pradesh, India",2024-07-28T13:00:00,78.9,78.9,76.2,91.46,0,0,,0,0,19.2,7.8,345.9,996,91.3,,497.3,1.8,5,,Overcast,cloudy,remote
"Bhopal, Madhya Pradesh, India",2024-07-28T14:00:00,78.9,78.9,78.2,97.67,0.394,100,rain,0,0,19.7,6.9,250,994.3,100,1.2,316.5,1.1,3,,"Rain, Overcast",rain,"42667099999,42763099999"
"Bhopal, Madhya Pradesh, India",2024-07-28T15:00:00,81.8,90.9,78.7,90.48,0,0,,0,0,20.4,9.8,11.2,995,96.7,,462.8,1.7,5,,Overcast,cloudy,remote
"Bhopal, Madhya Pradesh, India",2024-07-28T16:00:00,81.1,88.5,77.6,89.39,0,0,,0,0,19.9,8.7,30.4,995,100,,305,1.1,3,,Overcast,cloudy,remote
"Bhopal, Madhya Pradesh, India",2024-07-28T17:00:00,81.1,89.7,79.2,94.04,0,0,,0,0,18.3,5.7,200,995.9,100,1.9,269.9,1,3,,Overcast,cloudy,"VABP,42672099999,42667099999,42763099999"
"Bhopal, Madhya Pradesh, India",2024-07-28T18:00:00,81.8,90.9,78.7,90.48,0,0,,0,0,15.7,5.8,355.1,994,98.3,,69.6,0.3,1,,Overcast,cloudy,remote
"Bhopal, Madhya Pradesh, India",2024-07-28T19:00:00,81.2,89.6,78.7,92.09,0,0,,0,0,11,6.5,9,994,100,,32.1,0.1,0,,Overcast,cloudy,remote
"Bhopal, Madhya Pradesh, India",2024-07-28T20:00:00,79.3,79.3,79,99.18,0.118,100,rain,0,0,12.1,3.4,270,995.7,93.6,1.9,5,0,0,,"Rain, Overcast",rain,"VABP,42667099999"
"Bhopal, Madhya Pradesh, India",2024-07-28T21:00:00,78.9,78.9,78.2,97.66,0,0,,0,0,12.3,5.6,26.4,995,100,,0,0,0,,Overcast,cloudy,remote
"Bhopal, Madhya Pradesh, India",2024-07-28T22:00:00,78.7,78.7,78.2,98.24,0,0,,0,0,12.8,5.4,25.9,996,99.8,,0,0,0,,Overcast,cloudy,remote
"Bhopal, Madhya Pradesh, India",2024-07-28T23:00:00,77.8,77.8,77.7,99.45,0,0,,0,0,12.8,1.1,360,996.5,100,1.9,0,0,0,,Overcast,cloudy,"VABP,42667099999"
"Bhopal, Madhya Pradesh, India",2024-07-29T00:00:00,78.3,78.3,78,98.82,0.004,100,rain,0,0,12.8,4.7,14.2,996,96.9,,0,0,0,,"Rain, Overcast",rain,remote
"Bhopal, Madhya Pradesh, India",2024-07-29T01:00:00,78.7,78.7,77.4,95.93,0,0,,0,0,9.6,6,25.3,996,76.2,,0,0,0,,Partially cloudy,partly-cloudy-night,remote
"Bhopal, Madhya Pradesh, India",2024-07-29T02:00:00,78.5,78.5,78.2,98.82,0,0,,0,0,11.6,2.2,340,993.5,100,2.5,0,0,0,,Overcast,cloudy,42667099999
"Bhopal, Madhya Pradesh, India",2024-07-29T03:00:00,78.5,78.5,77.4,96.5,0.004,100,rain,0,0,12.5,6.7,41.2,995,45.3,,0,0,0,,"Rain, Partially cloudy",rain,remote
"Bhopal, Madhya Pradesh, India",2024-07-29T04:00:00,77.8,77.8,77.4,98.82,0.004,100,rain,0,0,12.8,5.8,42.5,996,35.2,,0,0,0,,"Rain, Partially cloudy",rain,remote
"Bhopal, Madhya Pradesh, India",2024-07-29T05:00:00,78.5,78.5,78.2,98.82,0,0,,0,0,11.9,2.2,70,994.3,100,1.2,0,0,0,,Overcast,cloudy,42667099999
"Bhopal, Madhya Pradesh, India",2024-07-29T06:00:00,78.7,78.7,76.9,94.23,0,0,,0,0,11.6,5.4,61.7,995,94.7,,0,0,0,,Overcast,cloudy,remote
"Bhopal, Madhya Pradesh, India",2024-07-29T07:00:00,78.7,78.7,76.9,94.23,0,0,,0,0,10.7,6,62.8,996,96.4,,9.6,0,0,,Overcast,cloudy,remote
"Bhopal, Madhya Pradesh, India",2024-07-29T08:00:00,79.9,79.9,78.4,95.18,0,0,,0,0,13.2,5.7,76,997.5,100,1.6,49.5,0.2,0,,Overcast,cloudy,"VABP,42672099999,42667099999,42763099999"
"Bhopal, Madhya Pradesh, India",2024-07-29T09:00:00,79.8,79.8,76.7,90.41,0.004,100,rain,0,0,16.3,8.1,71.8,997,49.5,,197.9,0.7,2,,"Rain, Partially cloudy",rain,remote
"Bhopal, Madhya Pradesh, India",2024-07-29T10:00:00,80,80,76.6,89.34,0.004,100,rain,0,0,16.3,7.4,80.5,997,70.3,,254.6,0.9,3,,"Rain, Partially cloudy",rain,remote
"Bhopal, Madhya Pradesh, India",2024-07-29T11:00:00,81.5,90.8,79.4,93.42,0,0,,0,0,15.2,5.8,111,997.6,93.6,2.5,207.9,0.7,2,,Overcast,cloudy,"VABP,42667099999,42763099999"
"Bhopal, Madhya Pradesh, India",2024-07-29T12:00:00,81.4,89.8,78.3,90.47,0.012,100,rain,0,0,15,5.6,94.7,997,93,,210.5,0.8,2,,"Rain, Overcast",rain,remote
"Bhopal, Madhya Pradesh, India",2024-07-29T13:00:00,80.7,87.9,78,91.52,0.004,100,rain,0,0,13.4,5.1,89,996,87.4,,466.5,1.7,5,,"Rain, Partially cloudy",rain,remote
"Bhopal, Madhya Pradesh, India",2024-07-29T14:00:00,85,101.2,81.5,89.3,0,0,,0,0,13.2,9.1,111,996.3,89,2.8,444.6,1.6,4,,Partially cloudy,partly-cloudy-day,"VABP,42667099999,42763099999"
"Bhopal, Madhya Pradesh, India",2024-07-29T15:00:00,83.9,95.3,78.5,83.88,0.071,100,rain,0,0,12.8,5.1,131.4,996,84.1,,297.2,1.1,3,,"Rain, Partially cloudy",rain,remote
"Bhopal, Madhya Pradesh, India",2024-07-29T16:00:00,80.3,86.5,77.1,89.89,0.098,100,rain,0,0,12.5,5.6,185.5,996,72.6,,280,1,3,,"Rain, Partially cloudy",rain,remote
"Bhopal, Madhya Pradesh, India",2024-07-29T17:00:00,80,80,77.2,91.32,0,0,,0,0,14.1,11,161,995.5,100,2.5,278.1,1,3,,Overcast,cloudy,"42672099999,42667099999,42763099999"
"Bhopal, Madhya Pradesh, India",2024-07-29T18:00:00,80.3,86.8,77.6,91.51,0.012,100,rain,0,0,15.2,7.8,213,996,82.3,,118.1,0.4,1,,"Rain, Partially cloudy",rain,remote
"Bhopal, Madhya Pradesh, India",2024-07-29T19:00:00,80.3,86.6,77.3,90.43,0.008,100,rain,0,0,17.4,8.3,229.5,997,99.1,,52.4,0.2,1,,"Rain, Overcast",rain,remote
"Bhopal, Madhya Pradesh, India",2024-07-29T20:00:00,77.5,77.5,76.2,95.93,0,0,,0,0,18.3,8.1,180,998.8,88.9,2.5,3.7,0,0,,Partially cloudy,partly-cloudy-night,"VABP,42667099999"
"Bhopal, Madhya Pradesh, India",2024-07-29T21:00:00,78.2,78.2,75.8,92.54,0.008,100,rain,0,0,18.6,8.5,234,999,100,,0,0,0,,"Rain, Overcast",rain,remote
"Bhopal, Madhya Pradesh, India",2024-07-29T22:00:00,77.8,77.8,75.3,91.98,0.012,100,rain,0,0,17.4,8.5,232.6,999,100,,0,0,0,,"Rain, Overcast",rain,remote
"Bhopal, Madhya Pradesh, India",2024-07-29T23:00:00,76,76,75.3,97.52,0,0,,0,0,16.8,6.9,175,1000.9,88.9,2.5,0,0,0,,Partially cloudy,partly-cloudy-night,"VABP,42667099999"
"Bhopal, Madhya Pradesh, India",2024-07-30T00:00:00,76.7,76.7,75.1,94.75,0.004,100,rain,0,0,17,8.5,228.6,1000,98.4,,0,0,0,,"Rain, Overcast",rain,remote
"Bhopal, Madhya Pradesh, India",2024-07-30T01:00:00,76.6,76.6,74.9,94.75,0,0,,0,0,15.9,8.5,226,1000,98.4,,0,0,0,,Overcast,cloudy,remote
"Bhopal, Madhya Pradesh, India",2024-07-30T02:00:00,76.7,76.7,74.9,94.18,0,0,,0,0,15.7,9.2,180,998.3,90,2.5,0,0,0,,Partially cloudy,partly-cloudy-night,42667099999
"Bhopal, Madhya Pradesh, India",2024-07-30T03:00:00,76.6,76.6,75.1,95.32,0,0,,0,0,15.4,8.5,221.1,1000,96.5,,0,0,0,,Overcast,cloudy,remote
"Bhopal, Madhya Pradesh, India",2024-07-30T04:00:00,75.5,75.5,74.4,96.46,0,0,,0,0,14.8,7.6,221.7,1000,80.4,,0,0,0,,Partially cloudy,partly-cloudy-night,remote
"Bhopal, Madhya Pradesh, India",2024-07-30T05:00:00,74.3,74.3,74.1,99.16,0,0,,0,0,13,6.9,180,1000.8,88.9,1.6,0,0,0,,Partially cloudy,partly-cloudy-night,"VABP,42667099999"
"Bhopal, Madhya Pradesh, India",2024-07-30T06:00:00,76.7,76.7,74.2,91.94,0,0,,0,0,11.9,6.9,225.6,1000,91.6,,0,0,0,,Overcast,cloudy,remote
"Bhopal, Madhya Pradesh, India",2024-07-30T07:00:00,76.6,76.6,74,91.94,0,0,,0,0,12.1,7.6,221.4,1001,92.7,,4.7,0,0,,Overcast,cloudy,remote
"Bhopal, Madhya Pradesh, India",2024-07-30T08:00:00,75.9,75.9,74.9,96.6,0,0,,0,0,15.2,9,180,1002.7,93.7,1.6,36.5,0.1,0,,Overcast,cloudy,"VABP,42672099999,42667099999,42763099999"
"Bhopal, Madhya Pradesh, India",2024-07-30T09:00:00,76.7,76.7,74.2,91.94,0,0,,0,0,18.1,9.2,226.7,1002,91.4,,94.3,0.3,1,,Overcast,cloudy,remote
"Bhopal, Madhya Pradesh, India",2024-07-30T10:00:00,76.4,76.4,73.8,91.93,0,0,,0,0,18.6,9.4,230,1002,88.6,,151.6,0.5,2,,Partially cloudy,partly-cloudy-day,remote
"Bhopal, Madhya Pradesh, India",2024-07-30T11:00:00,79.1,79.1,77.2,94.05,0,0,,0,0,18.3,9.1,200,1002.8,93.6,2.8,255.8,0.9,3,,Overcast,cloudy,"VABP,42667099999,42763099999"
"Bhopal, Madhya Pradesh, India",2024-07-30T12:00:00,82.3,90.1,76.2,81.8,0.004,100,rain,0,0,19,9.6,232.5,1002,100,,476,1.7,5,,"Rain, Overcast",rain,remote
"Bhopal, Madhya Pradesh, India",2024-07-30T13:00:00,82.5,90,75.6,79.88,0.012,100,rain,0,0,19.9,9.8,232.6,1002,98.6,,387.4,1.4,4,,"Rain, Overcast",rain,remote
"Bhopal, Madhya Pradesh, India",2024-07-30T14:00:00,81.5,90.3,78.6,90.78,0,0,,0,0,19.9,7.6,195,1001.9,93.5,2.8,358.4,1.3,4,,Overcast,cloudy,"VABP,42667099999,42763099999"
"Bhopal, Madhya Pradesh, India",2024-07-30T15:00:00,84.8,94.8,76.6,76.33,0.004,100,rain,0,0,20.4,10.1,238.2,1001,100,,337.3,1.2,3,,"Rain, Overcast",rain,remote
"Bhopal, Madhya Pradesh, India",2024-07-30T16:00:00,84.5,94,76.4,76.75,0.008,100,rain,0,0,19.9,9.2,238,1001,98,,364.2,1.3,4,,"Rain, Overcast",rain,remote
"Bhopal, Madhya Pradesh, India",2024-07-30T17:00:00,83.3,95.6,80,89.69,0,0,,0,0,19,9,250,1001.1,88.1,2.9,168.6,0.6,2,,Partially cloudy,partly-cloudy-day,"VABP,42672099999,42667099999,42763099999"
"Bhopal, Madhya Pradesh, India",2024-07-30T18:00:00,84.1,93.9,76.9,79.05,0,0,,0,0,14.8,6.7,234.5,1000,99.2,,128.8,0.5,1,,Overcast,cloudy,remote
"Bhopal, Madhya Pradesh, India",2024-07-30T19:00:00,84.3,94.1,76.7,78.13,0,0,,0,0,13.2,6,232.7,1001,100,,56.2,0.2,1,,Overcast,cloudy,remote
"Bhopal, Madhya Pradesh, India",2024-07-30T20:00:00,78.1,78.1,76.4,94.61,0,0,,0,0,11.4,3.4,180,1003.4,88.9,2.5,5.4,0,0,,Partially cloudy,partly-cloudy-night,"VABP,42667099999"
"Bhopal, Madhya Pradesh, India",2024-07-30T21:00:00,80.1,85.6,76,87.24,0,0,,0,0,10.3,5.1,233.2,1003,100,,0,0,0,,Overcast,cloudy,remote
"Bhopal, Madhya Pradesh, India",2024-07-30T22:00:00,79.8,79.8,75.8,87.75,0,0,,0,0,10.5,5.6,230.1,1003,99,,0,0,0,,Overcast,cloudy,remote
"Bhopal, Madhya Pradesh, India",2024-07-30T23:00:00,77.8,77.8,77.1,97.54,0,0,,0,0,11.4,4.7,160,1003.7,88.9,2.5,0,0,0,,Partially cloudy,partly-cloudy-night,"VABP,42667099999"
"Bhopal, Madhya Pradesh, India",2024-07-31T00:00:00,78.7,78.7,76.4,92.56,0,0,,0,0,13.4,7.6,223.4,1003,99.8,,0,0,0,,Overcast,cloudy,remote
"Bhopal, Madhya Pradesh, India",2024-07-31T01:00:00,78.3,78.3,76,92.55,0,0,,0,0,14.8,8.3,230.9,1003,100,,0,0,0,,Overcast,cloudy,remote
"Bhopal, Madhya Pradesh, India",2024-07-31T02:00:00,78.5,78.5,76.4,93.11,0,0,,0,0,15,6.9,200,1002.9,90,2.5,0,0,0,,Partially cloudy,partly-cloudy-night,42667099999
"Bhopal, Madhya Pradesh, India",2024-07-31T03:00:00,77.8,77.8,75.8,93.65,0,0,,0,0,15,8.9,245.1,1003,99.1,,0,0,0,,Overcast,cloudy,remote
"Bhopal, Madhya Pradesh, India",2024-07-31T04:00:00,77.4,77.4,75.3,93.08,0,0,,0,0,14.8,7.6,248.4,1004,100,,0,0,0,,Overcast,cloudy,remote
"Bhopal, Madhya Pradesh, India",2024-07-31T05:00:00,76.3,76.3,75.2,96.44,0,0,,0,0,15.2,8.1,245,1002.8,88.9,1.6,0,0,0,,Partially cloudy,partly-cloudy-night,"VABP,42667099999"
"Bhopal, Madhya Pradesh, India",2024-07-31T06:00:00,78.7,78.7,75.3,89.29,0,0,,0,0,15,9.2,254.1,1003,100,,0,0,0,,Overcast,cloudy,remote
"Bhopal, Madhya Pradesh, India",2024-07-31T07:00:00,78.5,78.5,75.1,89.28,0,0,,0,0,14.3,7.4,258.5,1003,100,,2.5,0,0,,Overcast,cloudy,remote
"Bhopal, Madhya Pradesh, India",2024-07-31T08:00:00,77.3,77.3,76.8,98.46,0,0,,0,0,13,7.9,239,1004.5,93.7,2.5,27,0.1,0,,Overcast,cloudy,"VABP,42672099999,42667099999,42763099999"
"Bhopal, Madhya Pradesh, India",2024-07-31T09:00:00,78.3,78.3,75.5,90.9,0,0,,0,0,17.7,10.7,266.6,1004,100,,74.3,0.3,1,,Overcast,cloudy,remote
"Bhopal, Madhya Pradesh, India",2024-07-31T10:00:00,77.4,77.4,75.5,93.64,0,0,,0,0,19,11.2,272,1004,100,,87.8,0.3,1,,Overcast,cloudy,remote
"Bhopal, Madhya Pradesh, India",2024-07-31T11:00:00,79.6,79.6,78,94.83,0,0,,0,0,21.7,11.4,230,1004.5,73.4,2.8,186.5,0.7,2,,Partially cloudy,partly-cloudy-day,"VABP,42667099999,42763099999"
"Bhopal, Madhya Pradesh, India",2024-07-31T12:00:00,81.2,88.3,76.7,86.26,0,0,,0,0,21.5,10.7,264.2,1004,100,,235.2,0.8,2,,Overcast,cloudy,remote
"Bhopal, Madhya Pradesh, India",2024-07-31T13:00:00,80.3,86.3,76.6,88.3,0,0,,0,0,20.1,10.1,262.8,1003,100,,280.3,1,3,,Overcast,cloudy,remote
"Bhopal, Madhya Pradesh, India",2024-07-31T14:00:00,78.8,78.8,78.5,98.78,0,0,,0,0,20.1,5.8,228,1002.8,93.6,1.6,446.9,1.6,4,,Overcast,cloudy,"VABP,42667099999,42763099999"
"Bhopal, Madhya Pradesh, India",2024-07-31T15:00:00,81.8,90.1,77.6,87.32,0,0,,0,0,18.8,7.4,272.4,1002,100,,227.4,0.8,2,,Overcast,cloudy,remote
"Bhopal, Madhya Pradesh, India",2024-07-31T16:00:00,80.3,87,78,92.61,0,0,,0,0,14.8,6.3,258.2,1002,100,,83.1,0.3,1,,Overcast,cloudy,remote
"Bhopal, Madhya Pradesh, India",2024-07-31T17:00:00,78.3,78.3,77.7,97.98,0.866,100,rain,0,0,13.4,5.7,196,1000.8,93.7,1.6,67.3,0.2,1,,"Rain, Overcast",rain,"VABP,42672099999,42667099999,42763099999"
"Bhopal, Madhya Pradesh, India",2024-07-31T18:00:00,81.2,89.1,78,89.93,0,0,,0,0,13.4,6.9,244.4,1001,100,,44.1,0.2,0,,Overcast,cloudy,remote
"Bhopal, Madhya Pradesh, India",2024-07-31T19:00:00,81.4,89.5,78,89.4,0,0,,0,0,11.4,6.5,251.2,1001,100,,21.7,0.1,0,,Overcast,cloudy,remote
"Bhopal, Madhya Pradesh, India",2024-07-31T20:00:00,80,80,77.3,91.5,0,0,,0,0,10.1,4.7,230,1001.2,100,1.2,1.1,0,0,,Overcast,cloudy,42667099999
"Bhopal, Madhya Pradesh, India",2024-07-31T21:00:00,79.1,79.1,77.4,94.8,0,0,,0,0,11,6,241,1003,100,,0,0,0,,Overcast,cloudy,remote
"Bhopal, Madhya Pradesh, India",2024-07-31T22:00:00,79.4,79.4,77.3,93.13,0,0,,0,0,12.3,6,233.5,1003,100,,0,0,0,,Overcast,cloudy,remote
"Bhopal, Madhya Pradesh, India",2024-07-31T23:00:00,77.8,77.8,77.1,97.54,0,0,,0,0,12.8,6.9,200,1003.6,93.6,1.6,0,0,0,,Overcast,cloudy,"VABP,42667099999"
