name,datetime,temp,feelslike,dew,humidity,precip,precipprob,preciptype,snow,snowdepth,windgust,windspeed,winddir,sealevelpressure,cloudcover,visibility,solarradiation,solarenergy,uvindex,severerisk,conditions,icon,stations
"Bhopal, Madhya Pradesh, India",2024-03-01T00:00:00,70.2,70.2,60.7,71.77,0,0,,0,0,8.1,5.1,82.3,1015,0,,0,0,0,,Clear,clear-night,remote
"Bhopal, Madhya Pradesh, India",2024-03-01T01:00:00,69,69,60.5,74.45,0,0,,0,0,7.8,4.7,74.5,1015,0,,0,0,0,,Clear,clear-night,remote
"Bhopal, Madhya Pradesh, India",2024-03-01T02:00:00,68.6,68.6,51.9,55.14,0,0,,0,0,8.5,3.4,360,1013.7,0,2.5,0,0,0,,Clear,clear-night,42667099999
"Bhopal, Madhya Pradesh, India",2024-03-01T03:00:00,65.9,65.9,59.6,80.13,0,0,,0,0,8.9,5.4,78.5,1014,0,,0,0,0,,Clear,clear-night,remote
"Bhopal, Madhya Pradesh, India",2024-03-01T04:00:00,64.7,64.7,57.1,76.49,0,0,,0,0,9.2,5.8,86.1,1015,0,,0,0,0,,Clear,clear-night,remote
"Bhopal, Madhya Pradesh, India",2024-03-01T05:00:00,65.9,65.9,50.6,57.77,0,0,,0,0,9.4,4.7,110,1014,0.7,2.5,0,0,0,,Clear,clear-night,42667099999
"Bhopal, Madhya Pradesh, India",2024-03-01T06:00:00,66.2,66.2,53.6,63.85,0,0,,0,0,9.8,3.4,100,1016,27.3,2.5,0,0,0,,Partially cloudy,partly-cloudy-night,"VABP,42667099999"
"Bhopal, Madhya Pradesh, India",2024-03-01T07:00:00,68,68,53.6,60,0,0,,0,0,10.3,6.9,110,1016,50,3.1,0,0,0,,Partially cloudy,partly-cloudy-day,"VABP,42667099999"
"Bhopal, Madhya Pradesh, India",2024-03-01T08:00:00,71.5,71.5,52.8,51.73,0,0,,0,0,10.7,11.2,110,1016.2,10,3.2,37.3,0.1,0,,Clear,clear-day,"VABP,42672099999,42667099999,42763099999"
"Bhopal, Madhya Pradesh, India",2024-03-01T09:00:00,75.2,75.2,53.6,47.01,0,0,,0,0,13.2,11.4,140,1018,0,3.7,221.7,0.8,2,,Clear,clear-day,"VABP,42667099999"
"Bhopal, Madhya Pradesh, India",2024-03-01T10:00:00,68.6,68.6,55.8,63.73,0,0,,0,0,14.5,6.7,135.4,1016,6.6,,453.1,1.6,5,,Clear,clear-day,remote
"Bhopal, Madhya Pradesh, India",2024-03-01T11:00:00,85.6,84.2,55.1,35.3,0,0,,0,0,15.7,9.1,139,1015.3,40,3.1,651.5,2.3,7,,Partially cloudy,partly-cloudy-day,"VABP,42667099999,42763099999"
"Bhopal, Madhya Pradesh, India",2024-03-01T12:00:00,85.4,85.1,59.6,41.92,0,0,,0,0,16.3,7.8,151.7,1015,1.8,,795.4,2.9,8,,Clear,clear-day,remote
"Bhopal, Madhya Pradesh, India",2024-03-01T13:00:00,93.2,89.8,48.2,21.57,0,0,,0,0,17.9,13.9,180,1014,0,3.7,885.2,3.2,9,,Clear,clear-day,"VABP,42667099999"
"Bhopal, Madhya Pradesh, India",2024-03-01T14:00:00,93.7,90.4,49.1,21.95,0,0,,0,0,19,11.3,175,1011.2,29.2,3.1,867.6,3.1,9,,Partially cloudy,partly-cloudy-day,"VABP,42667099999,42763099999"
"Bhopal, Madhya Pradesh, India",2024-03-01T15:00:00,93.2,89.3,44.6,18.83,0,0,,0,0,18.6,9.2,190,1012,27.3,3.7,747,2.7,7,,Partially cloudy,partly-cloudy-day,"VABP,42667099999"
"Bhopal, Madhya Pradesh, India",2024-03-01T16:00:00,91.4,87.5,42.8,18.59,0,0,,0,0,17.7,12.8,190,1012,27.3,3.7,570.9,2.1,6,,Partially cloudy,partly-cloudy-day,"VABP,42667099999"
"Bhopal, Madhya Pradesh, India",2024-03-01T17:00:00,90.5,87,46.2,21.78,0,0,,0,0,15.9,9.1,180,1009.3,40,3.1,349.4,1.3,3,,Partially cloudy,partly-cloudy-day,"VABP,42667099999,42763099999"
"Bhopal, Madhya Pradesh, India",2024-03-01T18:00:00,86,83.1,44.6,23.62,0,0,,0,0,10.7,8.1,180,1011,0,3.7,182.4,0.7,2,,Clear,clear-day,"VABP,42667099999"
"Bhopal, Madhya Pradesh, India",2024-03-01T19:00:00,85.6,84.6,57.3,38.33,0,0,,0,0,9.2,7.2,208.7,1010,14.4,,45.8,0.2,0,,Clear,clear-night,remote
"Bhopal, Madhya Pradesh, India",2024-03-01T20:00:00,81.4,80.5,50.9,34.69,0,0,,0,0,9.6,6.9,175,1011.6,27.3,3.2,0,0,0,,Partially cloudy,partly-cloudy-night,"VABP,42667099999"
"Bhopal, Madhya Pradesh, India",2024-03-01T21:00:00,78.8,78.8,50,36.54,0,0,,0,0,28.9,17.2,220,1015,88,2.5,0,0,0,,Partially cloudy,partly-cloudy-night,"VABP,42667099999"
"Bhopal, Madhya Pradesh, India",2024-03-01T22:00:00,73.4,73.4,57.2,56.91,0,0,,0,0,8.9,4.7,340,1017,88,3.1,0,0,0,,Partially cloudy,partly-cloudy-night,"VABP,42667099999"
"Bhopal, Madhya Pradesh, India",2024-03-01T23:00:00,70.5,70.5,60.2,69.99,0,0,,0,0,10.1,6.9,50,1014.3,84.3,2.8,0,0,0,,Partially cloudy,partly-cloudy-night,"VABP,42667099999"
"Bhopal, Madhya Pradesh, India",2024-03-02T00:00:00,70.8,70.8,54.8,56.92,0,0,,0,0,10.5,5.4,250,1013,24,,0,0,0,,Partially cloudy,partly-cloudy-night,remote
"Bhopal, Madhya Pradesh, India",2024-03-02T01:00:00,70.6,70.6,56.2,60.34,0,0,,0,0,11,5.8,239.7,1013,42.5,,0,0,0,,Partially cloudy,partly-cloudy-night,remote
"Bhopal, Madhya Pradesh, India",2024-03-02T02:00:00,69.5,69.5,60.2,72.16,0,0,,0,0,10.7,9.2,110,1011.5,90,2.5,0,0,0,,Partially cloudy,partly-cloudy-night,42667099999
"Bhopal, Madhya Pradesh, India",2024-03-02T03:00:00,70.8,70.8,57.3,62.36,0,0,,0,0,9.6,3.4,203.3,1013,44.6,,0,0,0,,Partially cloudy,partly-cloudy-night,remote
"Bhopal, Madhya Pradesh, India",2024-03-02T04:00:00,65.7,65.7,60.5,83.25,0,0,,0,0,6.7,3.4,128.1,1014,95.5,,0,0,0,,Overcast,cloudy,remote
"Bhopal, Madhya Pradesh, India",2024-03-02T05:00:00,64.6,64.6,63.8,97.12,0.157,100,rain,0,0,8.3,2.2,70,1013.6,88.9,2.8,0,0,0,,"Rain, Partially cloudy",rain,"VABP,42667099999"
"Bhopal, Madhya Pradesh, India",2024-03-02T06:00:00,66.2,66.2,66.2,100,0,0,,0,0,12.1,9.2,110,1014,88.9,3.1,0,0,0,,Partially cloudy,partly-cloudy-night,"VABP,42667099999"
"Bhopal, Madhya Pradesh, India",2024-03-02T07:00:00,66.2,66.2,64.4,93.93,0,0,,0,0,12.8,11.4,130,1015,88.9,3.1,0,0,0,,Partially cloudy,partly-cloudy-day,"VABP,42667099999"
"Bhopal, Madhya Pradesh, India",2024-03-02T08:00:00,67.8,67.8,64.5,89.27,0,0,,0,0,13.6,10.1,110,1015.4,64.6,2.5,36.6,0.1,0,,Partially cloudy,partly-cloudy-day,"VABP,42672099999,42667099999,42763099999"
"Bhopal, Madhya Pradesh, India",2024-03-02T09:00:00,69.8,69.8,68,94.02,0,0,,0,0,15.4,12.8,110,1016,50,3.7,216.9,0.8,2,,Partially cloudy,partly-cloudy-day,"VABP,42667099999"
"Bhopal, Madhya Pradesh, India",2024-03-02T10:00:00,68.6,68.6,61.1,76.83,0,0,,0,0,16.8,10.5,149.2,1015,19.5,,426.8,1.5,4,,Clear,clear-day,remote
"Bhopal, Madhya Pradesh, India",2024-03-02T11:00:00,75.2,75.2,69.6,82.86,0,0,,0,0,17.9,13.8,110,1014.2,45.3,3.1,622.2,2.2,6,,Partially cloudy,partly-cloudy-day,"VABP,42667099999,42763099999"
"Bhopal, Madhya Pradesh, India",2024-03-02T12:00:00,77,77,73.4,88.68,0,0,,0,0,24.6,17.2,120,1014,27.3,3.7,725.7,2.6,7,,Partially cloudy,partly-cloudy-day,"VABP,42667099999"
"Bhopal, Madhya Pradesh, India",2024-03-02T13:00:00,78.7,78.7,61.2,55.12,0,0,,0,0,22.8,10.5,176.4,1013,5.4,,863.8,3.1,9,,Clear,clear-day,remote
"Bhopal, Madhya Pradesh, India",2024-03-02T14:00:00,82.9,85.9,67.8,60.51,0,0,,0,0,26.6,6.9,110,1010.5,30,3.1,866.6,3.1,9,,Partially cloudy,partly-cloudy-day,"VABP,42667099999,42763099999"
"Bhopal, Madhya Pradesh, India",2024-03-02T15:00:00,86,86,60.8,42.83,0,0,,0,0,25.5,8.1,190,1011,50,3.7,788.4,2.8,8,,Partially cloudy,partly-cloudy-day,"VABP,42667099999"
"Bhopal, Madhya Pradesh, India",2024-03-02T16:00:00,84.2,84.4,60.8,45.37,0,0,,0,0,23.9,10.3,200,1010,50,3.7,643.7,2.3,6,,Partially cloudy,partly-cloudy-day,"VABP,42667099999"
"Bhopal, Madhya Pradesh, India",2024-03-02T17:00:00,83.4,83.5,59.7,44.8,0,0,,0,0,23.7,7.3,160,1008.5,45.3,3.1,414,1.5,4,,Partially cloudy,partly-cloudy-day,"VABP,42672099999,42667099999,42763099999"
"Bhopal, Madhya Pradesh, India",2024-03-02T18:00:00,80.6,81.1,59,47.82,0,0,,0,0,20.6,3.4,160,1011,50,3.1,182.1,0.7,2,,Partially cloudy,partly-cloudy-day,"VABP,42667099999"
"Bhopal, Madhya Pradesh, India",2024-03-02T19:00:00,78.3,78.3,65.9,65.71,0,0,,0,0,19,8.1,320.3,1010,38.5,,37.3,0.1,0,,Partially cloudy,partly-cloudy-night,remote
"Bhopal, Madhya Pradesh, India",2024-03-02T20:00:00,76.8,76.8,64.6,66.08,0,0,,0,0,16.3,4.7,155,1010.7,36.6,2.8,0,0,0,,Partially cloudy,partly-cloudy-night,"VABP,42667099999"
"Bhopal, Madhya Pradesh, India",2024-03-02T21:00:00,75.2,75.2,69.8,83.34,0,0,,0,0,6.5,2.2,170,1012,50,3.1,0,0,0,,Partially cloudy,partly-cloudy-night,"VABP,42667099999"
"Bhopal, Madhya Pradesh, India",2024-03-02T22:00:00,72.1,72.1,64.5,77.12,0,0,,0,0,7.4,2.9,66.7,1012,11.1,,0,0,0,,Clear,clear-night,remote
"Bhopal, Madhya Pradesh, India",2024-03-02T23:00:00,71.8,71.8,68.1,87.95,0,0,,0,0,7.2,5.8,135,1011.1,75,2.8,0,0,0,,Partially cloudy,partly-cloudy-night,"VABP,42667099999"
"Bhopal, Madhya Pradesh, India",2024-03-03T00:00:00,70.1,70.1,63.9,80.95,0,0,,0,0,7.8,3.6,108.2,1012,10,,0,0,0,,Clear,clear-night,remote
"Bhopal, Madhya Pradesh, India",2024-03-03T01:00:00,70.1,70.1,63.4,79.43,0,0,,0,0,6.9,3.8,121.3,1012,7.7,,0,0,0,,Clear,clear-night,remote
"Bhopal, Madhya Pradesh, India",2024-03-03T02:00:00,70.4,70.4,62.7,76.5,0,0,,0,0,6.7,4.7,110,1009.1,50,1.2,0,0,0,,Partially cloudy,partly-cloudy-night,42667099999
"Bhopal, Madhya Pradesh, India",2024-03-03T03:00:00,67.4,67.4,62,82.83,0,0,,0,0,5.8,1.8,243.9,1011,1.9,,0,0,0,,Clear,clear-night,remote
"Bhopal, Madhya Pradesh, India",2024-03-03T04:00:00,63.9,63.9,62.9,96.28,0,0,,0,0,5.6,3.6,292.9,1012,8.8,,0,0,0,,Clear,clear-night,remote
"Bhopal, Madhya Pradesh, India",2024-03-03T05:00:00,64.6,64.6,62,91.03,0,0,,0,0,6.9,3.4,265,1012.2,7,1.9,0,0,0,,Clear,clear-night,"VABP,42667099999"
"Bhopal, Madhya Pradesh, India",2024-03-03T06:00:00,64.4,64.4,62.6,93.88,0,0,,0,0,7.2,4.7,200,1013,50,2.5,0,0,0,,Partially cloudy,partly-cloudy-night,"VABP,42667099999"
"Bhopal, Madhya Pradesh, India",2024-03-03T07:00:00,66.2,66.2,66.2,100,0,0,,0,0,6.7,2.2,190,1014,50,2.5,0,0,0,,Partially cloudy,partly-cloudy-day,"VABP,42667099999"
"Bhopal, Madhya Pradesh, India",2024-03-03T08:00:00,70.6,70.6,66.6,87.23,0,0,,0,0,6.5,3.3,205,1014,54.3,2.9,38.2,0.1,0,,Partially cloudy,partly-cloudy-day,"VABP,42672099999,42667099999,42763099999"
"Bhopal, Madhya Pradesh, India",2024-03-03T09:00:00,73.4,73.4,73.4,100,0,0,,0,0,6.9,9.2,240,1015,88.9,2.5,220,0.8,2,,Partially cloudy,partly-cloudy-day,"VABP,42667099999"
"Bhopal, Madhya Pradesh, India",2024-03-03T10:00:00,75.2,75.2,68,78.35,0,0,,0,0,10.1,4.7,250,1013,88.9,2.5,398,1.4,4,,Partially cloudy,partly-cloudy-day,"VABP,42667099999"
"Bhopal, Madhya Pradesh, India",2024-03-03T11:00:00,76.3,76.3,64.3,66.44,0,0,,0,0,15,11.4,239,1013.7,84,2.5,576.8,2.1,6,,Partially cloudy,partly-cloudy-day,"VABP,42667099999,42763099999"
"Bhopal, Madhya Pradesh, India",2024-03-03T12:00:00,78.8,78.8,66.2,65.36,0,0,,0,0,19.9,10.3,240,1014,88.9,2.5,617.2,2.2,6,,Partially cloudy,partly-cloudy-day,"VABP,42667099999"
"Bhopal, Madhya Pradesh, India",2024-03-03T13:00:00,78.8,78.8,60.8,54.08,0,0,,0,0,25.5,11.4,270,1013,88.9,3.1,638.7,2.3,6,,Partially cloudy,partly-cloudy-day,"VABP,42667099999"
"Bhopal, Madhya Pradesh, India",2024-03-03T14:00:00,80.9,81.3,59,47.39,0,0,,0,0,25.7,11.4,270,1010.6,63.8,3.1,740.4,2.7,7,,Partially cloudy,partly-cloudy-day,"VABP,42667099999,42763099999"
"Bhopal, Madhya Pradesh, India",2024-03-03T15:00:00,78.8,78.8,55.4,44.56,0,0,,0,0,25.7,8.1,230,1011,50,3.7,763.3,2.7,8,,Partially cloudy,partly-cloudy-day,"VABP,42667099999"
"Bhopal, Madhya Pradesh, India",2024-03-03T16:00:00,80.6,79.7,48.2,32.21,0,0,,0,0,24.8,13.9,230,1011,50,3.7,632.5,2.3,6,,Partially cloudy,partly-cloudy-day,"VABP,42667099999"
"Bhopal, Madhya Pradesh, India",2024-03-03T17:00:00,79.3,79.3,46.3,31.21,0,0,,0,0,23.3,11.2,250,1010,27.4,3.2,418.3,1.5,4,,Partially cloudy,partly-cloudy-day,"VABP,42672099999,42667099999,42763099999"
"Bhopal, Madhya Pradesh, India",2024-03-03T18:00:00,75.2,75.2,46.4,35.97,0,0,,0,0,21.5,6.9,240,1012,0,3.7,229.7,0.8,2,,Clear,clear-day,"VABP,42667099999"
"Bhopal, Madhya Pradesh, India",2024-03-03T19:00:00,71.6,71.6,48.2,43.45,0,0,,0,0,15.7,4.7,240,1013,0,3.7,44.8,0.2,0,,Clear,clear-night,"VABP,42667099999"
"Bhopal, Madhya Pradesh, India",2024-03-03T20:00:00,70,70,46.1,42.32,0,0,,0,0,8.9,6.9,250,1012.3,0,3.2,0,0,0,,Clear,clear-night,"VABP,42667099999"
"Bhopal, Madhya Pradesh, India",2024-03-03T21:00:00,66.2,66.2,41,39.74,0,0,,0,0,8.3,5.8,240,1014,0,3.7,0,0,0,,Clear,clear-night,"VABP,42667099999"
"Bhopal, Madhya Pradesh, India",2024-03-03T22:00:00,70.1,70.1,51.7,52.15,0,0,,0,0,9.2,5.6,287.1,1013,0.7,,0,0,0,,Clear,clear-night,remote
"Bhopal, Madhya Pradesh, India",2024-03-03T23:00:00,60.5,60.5,57.3,89.25,0,0,,0,0,10.3,5.8,230,1013.8,0,3.2,0,0,0,,Clear,clear-night,"VABP,42667099999"
"Bhopal, Madhya Pradesh, India",2024-03-04T00:00:00,63.8,63.8,41.8,44.63,0,0,,0,0,11.2,6.9,302.7,1013,0,,0,0,0,,Clear,clear-night,remote
"Bhopal, Madhya Pradesh, India",2024-03-04T01:00:00,62.7,62.7,40.4,43.84,0,0,,0,0,12.1,7.4,305.1,1014,0,,0,0,0,,Clear,clear-night,remote
"Bhopal, Madhya Pradesh, India",2024-03-04T02:00:00,58.7,58.7,37.7,45.41,0,0,,0,0,12.8,5.8,250,1012.9,0,2.5,0,0,0,,Clear,clear-night,42667099999
"Bhopal, Madhya Pradesh, India",2024-03-04T03:00:00,60.2,60.2,40,47.27,0,0,,0,0,13.4,8.1,309.3,1014,0.7,,0,0,0,,Clear,clear-night,remote
"Bhopal, Madhya Pradesh, India",2024-03-04T04:00:00,54.9,54.9,39.3,55.45,0,0,,0,0,13.4,7.4,312.1,1014,1.4,,0,0,0,,Clear,clear-night,remote
"Bhopal, Madhya Pradesh, India",2024-03-04T05:00:00,52,52,36.5,55.31,0,0,,0,0,12.8,0,0,1015.1,1.2,3.2,0,0,0,,Clear,clear-night,"VABP,42667099999"
"Bhopal, Madhya Pradesh, India",2024-03-04T06:00:00,51.8,51.8,35.6,53.83,0,0,,0,0,11.4,0,0,1015,0,3.7,0,0,0,,Clear,clear-night,"VABP,42667099999"
"Bhopal, Madhya Pradesh, India",2024-03-04T07:00:00,53.6,53.6,41,62.25,0,0,,0,0,10.7,2.2,290,1016,0,3.7,0,0,0,,Clear,clear-day,"VABP,42667099999"
"Bhopal, Madhya Pradesh, India",2024-03-04T08:00:00,58.7,58.7,37.2,44.61,0,0,,0,0,10.3,6.8,295,1016.8,27.3,3.2,46.4,0.2,0,,Partially cloudy,partly-cloudy-day,"VABP,42672099999,42667099999,42763099999"
"Bhopal, Madhya Pradesh, India",2024-03-04T09:00:00,64.4,64.4,39.2,39.46,0,0,,0,0,12.8,6.9,350,1017,27.3,3.7,257.4,0.9,3,,Partially cloudy,partly-cloudy-day,"VABP,42667099999"
"Bhopal, Madhya Pradesh, India",2024-03-04T10:00:00,68,68,32,26.18,0,0,,0,0,13.9,5.8,20,1018,27.3,3.7,491.1,1.8,5,,Partially cloudy,partly-cloudy-day,"VABP,42667099999"
"Bhopal, Madhya Pradesh, India",2024-03-04T11:00:00,71.5,71.5,34.3,25.5,0,0,,0,0,13.9,4.7,44,1017.2,27.3,3.1,697.7,2.5,7,,Partially cloudy,partly-cloudy-day,"VABP,42667099999,42763099999"
"Bhopal, Madhya Pradesh, India",2024-03-04T12:00:00,73.4,73.4,26.6,17.48,0,0,,0,0,13,2.2,110,1017,27.3,3.7,855.5,3.1,9,,Partially cloudy,partly-cloudy-day,"VABP,42667099999"
"Bhopal, Madhya Pradesh, India",2024-03-04T13:00:00,75.2,75.2,28.4,17.72,0,0,,0,0,11.2,5.8,260,1016,27.3,3.7,938.1,3.4,9,,Partially cloudy,partly-cloudy-day,"VABP,42667099999"
"Bhopal, Madhya Pradesh, India",2024-03-04T14:00:00,77.1,77.1,31.8,19.06,0,0,,0,0,10.7,4.7,270,1014.5,27.3,3.1,937.1,3.4,9,,Partially cloudy,partly-cloudy-day,"VABP,42667099999,42763099999"
"Bhopal, Madhya Pradesh, India",2024-03-04T15:00:00,78.3,78.3,43.1,28.55,0,0,,0,0,10.5,2.7,329.6,1014,0.7,,859.2,3.1,9,,Clear,clear-day,remote
"Bhopal, Madhya Pradesh, India",2024-03-04T16:00:00,78.7,78.7,46.8,32.57,0,0,,0,0,11,3.8,334.2,1013,0,,710,2.6,7,,Clear,clear-day,remote
"Bhopal, Madhya Pradesh, India",2024-03-04T17:00:00,78.8,78.8,34.9,20.43,0,0,,0,0,11.2,3.3,50,1012.9,0,3.2,502.8,1.8,5,,Clear,clear-day,"VABP,42672099999,42667099999,42763099999"
"Bhopal, Madhya Pradesh, India",2024-03-04T18:00:00,75.2,75.2,33.8,22.05,0,0,,0,0,11,2.2,50,1015,0,3.7,265.4,1,3,,Clear,clear-day,"VABP,42667099999"
"Bhopal, Madhya Pradesh, India",2024-03-04T19:00:00,69.8,69.8,37.4,30.52,0,0,,0,0,7.8,3.4,290,1016,0,3.7,54,0.2,0,,Clear,clear-night,"VABP,42667099999"
"Bhopal, Madhya Pradesh, India",2024-03-04T20:00:00,67,67,40.8,38.36,0,0,,0,0,7.8,3.4,340,1016.2,0.2,3.2,0,0,0,,Clear,clear-night,"VABP,42667099999"
"Bhopal, Madhya Pradesh, India",2024-03-04T21:00:00,66.2,66.2,42.8,42.6,0,0,,0,0,8.1,6.9,300,1017,0,3.7,0,0,0,,Clear,clear-night,"VABP,42667099999"
"Bhopal, Madhya Pradesh, India",2024-03-04T22:00:00,64.4,64.4,46.4,52.01,0,0,,0,0,8.5,6.9,360,1018,0,3.7,0,0,0,,Clear,clear-night,"VABP,42667099999"
"Bhopal, Madhya Pradesh, India",2024-03-04T23:00:00,62.6,62.6,47.1,56.82,0,0,,0,0,8.7,5.8,110,1016.8,0,3.2,0,0,0,,Clear,clear-night,"VABP,42667099999"
"Bhopal, Madhya Pradesh, India",2024-03-05T00:00:00,62.9,62.9,49.4,61.35,0,0,,0,0,9.2,6,9.2,1017,0,,0,0,0,,Clear,clear-night,remote
"Bhopal, Madhya Pradesh, India",2024-03-05T01:00:00,62.3,62.3,49.5,62.94,0,0,,0,0,10.5,5.8,15.4,1017,0,,0,0,0,,Clear,clear-night,remote
"Bhopal, Madhya Pradesh, India",2024-03-05T02:00:00,62,62,47,58.01,0,0,,0,0,10.1,5.8,140,1015.9,0,2.5,0,0,0,,Clear,clear-night,42667099999
"Bhopal, Madhya Pradesh, India",2024-03-05T03:00:00,59.3,59.3,50.6,73.03,0,0,,0,0,9.8,6,28,1016,0,,0,0,0,,Clear,clear-night,remote
"Bhopal, Madhya Pradesh, India",2024-03-05T04:00:00,55.7,55.7,50.3,82.03,0,0,,0,0,10.1,5.6,39.9,1016,0,,0,0,0,,Clear,clear-night,remote
"Bhopal, Madhya Pradesh, India",2024-03-05T05:00:00,55.4,55.4,49,79,0,0,,0,0,9.8,4.7,15,1016.3,0,3.2,0,0,0,,Clear,clear-night,"VABP,42667099999"
"Bhopal, Madhya Pradesh, India",2024-03-05T06:00:00,55.4,55.4,48.2,76.68,0,0,,0,0,9.6,3.4,30,1017,0,3.1,0,0,0,,Clear,clear-night,"VABP,42667099999"
"Bhopal, Madhya Pradesh, India",2024-03-05T07:00:00,59,59,46.4,62.95,0,0,,0,0,9.4,3.4,40,1017,0,3.1,0,0,0,,Clear,clear-day,"VABP,42667099999"
"Bhopal, Madhya Pradesh, India",2024-03-05T08:00:00,62.8,62.8,46.5,55.09,0,0,,0,0,11,6.9,360,1018.3,0,2.8,47.4,0.2,0,,Clear,clear-day,"VABP,42667099999"
"Bhopal, Madhya Pradesh, India",2024-03-05T09:00:00,60.5,60.5,49.4,66.63,0,0,,0,0,14.8,6.7,61.8,1018,0,,253.8,0.9,3,,Clear,clear-day,remote
"Bhopal, Madhya Pradesh, India",2024-03-05T10:00:00,69.8,69.8,44.6,40.32,0,0,,0,0,17.2,8.1,60,1020,0,3.1,490.8,1.8,5,,Clear,clear-day,"VABP,42667099999"
"Bhopal, Madhya Pradesh, India",2024-03-05T11:00:00,73.4,73.4,45.6,36.98,0,0,,0,0,18.8,6.9,51,1018.1,0,3.1,696.9,2.5,7,,Clear,clear-day,"VABP,42667099999,42763099999"
"Bhopal, Madhya Pradesh, India",2024-03-05T12:00:00,74,74,50.8,44.12,0,0,,0,0,19,7.4,64.4,1018,0,,846.8,3,8,,Clear,clear-day,remote
"Bhopal, Madhya Pradesh, India",2024-03-05T13:00:00,74.7,74.7,50.3,42.21,0,0,,0,0,17.4,6.3,61.9,1016,0,,927.3,3.3,9,,Clear,clear-day,remote
"Bhopal, Madhya Pradesh, India",2024-03-05T14:00:00,79.3,79.3,42.8,27.37,0,0,,0,0,16.1,3.4,224,1014,0,3.1,929.4,3.3,9,,Clear,clear-day,"VABP,42667099999,42763099999"
"Bhopal, Madhya Pradesh, India",2024-03-05T15:00:00,80.6,78.9,35.6,19.82,0,0,,0,0,14.3,5.8,20,1015,0,3.7,852.6,3.1,9,,Clear,clear-day,"VABP,42667099999"
"Bhopal, Madhya Pradesh, India",2024-03-05T16:00:00,80.1,79.9,52.2,37.99,0,0,,0,0,13.2,5.1,38.7,1013,0,,704.4,2.5,7,,Clear,clear-day,remote
"Bhopal, Madhya Pradesh, India",2024-03-05T17:00:00,79.5,79.5,36.7,21.45,0,0,,0,0,12.5,6.8,360,1012.9,0,3.2,500.2,1.8,5,,Clear,clear-day,"VABP,42672099999,42667099999,42763099999"
"Bhopal, Madhya Pradesh, India",2024-03-05T18:00:00,77,77,39.2,25.7,0,0,,0,0,11.4,3.4,10,1015,0,3.7,264.3,1,3,,Clear,clear-day,"VABP,42667099999"
"Bhopal, Madhya Pradesh, India",2024-03-05T19:00:00,79.1,79.1,53.9,41.77,0,0,,0,0,8.1,4.7,30.6,1013,0,,54.4,0.2,0,,Clear,clear-night,remote
"Bhopal, Madhya Pradesh, India",2024-03-05T20:00:00,70.5,70.5,41.7,35.22,0,0,,0,0,8.9,5.8,360,1015.1,0,3.2,0,0,0,,Clear,clear-night,"VABP,42667099999"
"Bhopal, Madhya Pradesh, India",2024-03-05T21:00:00,69.8,69.8,42.8,37.64,0,0,,0,0,9.4,6.9,20,1016,0,3.7,0,0,0,,Clear,clear-night,"VABP,42667099999"
"Bhopal, Madhya Pradesh, India",2024-03-05T22:00:00,69.3,69.3,50.8,51.69,0,0,,0,0,9.4,6,36,1016,0,,0,0,0,,Clear,clear-night,remote
"Bhopal, Madhya Pradesh, India",2024-03-05T23:00:00,63.3,63.3,45.5,52.34,0,0,,0,0,9.2,5.8,15,1015.7,0,3.2,0,0,0,,Clear,clear-night,"VABP,42667099999"
"Bhopal, Madhya Pradesh, India",2024-03-06T00:00:00,64.8,64.8,49,56.47,0,0,,0,0,9.8,6.3,53.8,1015,0,,0,0,0,,Clear,clear-night,remote
"Bhopal, Madhya Pradesh, India",2024-03-06T01:00:00,64.3,64.3,48.6,56.78,0,0,,0,0,11.2,6.3,60.9,1015,0,,0,0,0,,Clear,clear-night,remote
"Bhopal, Madhya Pradesh, India",2024-03-06T02:00:00,61.1,61.1,47,59.88,0,0,,0,0,10.7,4.7,360,1013.8,0,2.5,0,0,0,,Clear,clear-night,42667099999
"Bhopal, Madhya Pradesh, India",2024-03-06T03:00:00,60.5,60.5,47.7,62.72,0,0,,0,0,10.1,5.8,64.2,1014,0,,0,0,0,,Clear,clear-night,remote
"Bhopal, Madhya Pradesh, India",2024-03-06T04:00:00,59.3,59.3,47.2,64.28,0,0,,0,0,9.6,5.4,63,1013,0,,0,0,0,,Clear,clear-night,remote
"Bhopal, Madhya Pradesh, India",2024-03-06T05:00:00,61.3,61.3,44,53.06,0,0,,0,0,8.7,2.2,50,1013.7,0,3.2,0,0,0,,Clear,clear-night,"VABP,42667099999"
"Bhopal, Madhya Pradesh, India",2024-03-06T06:00:00,60.8,60.8,42.8,51.48,0,0,,0,0,8.1,5.8,70,1015,0,3.1,0,0,0,,Clear,clear-night,"VABP,42667099999"
"Bhopal, Madhya Pradesh, India",2024-03-06T07:00:00,60.8,60.8,44.6,55.14,0,0,,0,0,8.3,3.4,30,1016,0,3.1,0,0,0,,Clear,clear-day,"VABP,42667099999"
"Bhopal, Madhya Pradesh, India",2024-03-06T08:00:00,64.1,64.1,45.6,50.85,0,0,,0,0,9.6,3.3,20,1016.6,0,3.2,48.4,0.2,0,,Clear,clear-day,"VABP,42672099999,42667099999,42763099999"
"Bhopal, Madhya Pradesh, India",2024-03-06T09:00:00,66.2,66.2,44.6,45.63,0,0,,0,0,12.8,6.9,20,1018,0,3.7,253.4,0.9,3,,Clear,clear-day,"VABP,42667099999"
"Bhopal, Madhya Pradesh, India",2024-03-06T10:00:00,62,62,47.6,59.2,0,0,,0,0,14.5,6.5,60.2,1017,0,,487.5,1.8,5,,Clear,clear-day,remote
"Bhopal, Madhya Pradesh, India",2024-03-06T11:00:00,75.7,75.7,44.2,32.5,0,0,,0,0,15.7,6.9,20,1016.7,0,3.1,690.1,2.5,7,,Clear,clear-day,"VABP,42667099999,42763099999"
"Bhopal, Madhya Pradesh, India",2024-03-06T12:00:00,77,77,44.6,31.65,0,0,,0,0,15.9,5.8,10,1016,0,3.7,836.5,3,8,,Clear,clear-day,"VABP,42667099999"
"Bhopal, Madhya Pradesh, India",2024-03-06T13:00:00,77.8,77.8,50.8,38.9,0,0,,0,0,15.7,4.9,66,1015,0,,912,3.3,9,,Clear,clear-day,remote
"Bhopal, Madhya Pradesh, India",2024-03-06T14:00:00,81.5,81.5,57.9,44.78,0,0,,0,0,14.1,0,1,1013.3,0,3.1,917.2,3.3,9,,Clear,clear-day,"VABP,42667099999,42763099999"
"Bhopal, Madhya Pradesh, India",2024-03-06T15:00:00,80.6,79.4,44.6,28.12,0,0,,0,0,11.9,2.2,30,1013,0,3.7,843.6,3,8,,Clear,clear-day,"VABP,42667099999"
"Bhopal, Madhya Pradesh, India",2024-03-06T16:00:00,84.2,81.6,42.8,23.36,0,0,,0,0,10.5,4.7,360,1013,0,3.7,693.6,2.5,7,,Clear,clear-day,"VABP,42667099999"
"Bhopal, Madhya Pradesh, India",2024-03-06T17:00:00,82.5,80.7,46.4,28.37,0,0,,0,0,9.8,0,1,1011.3,40,3.2,493.6,1.8,5,,Partially cloudy,partly-cloudy-day,"VABP,42672099999,42667099999,42763099999"
"Bhopal, Madhya Pradesh, India",2024-03-06T18:00:00,80.6,79.4,44.6,28.12,0,0,,0,0,8.5,2.2,20,1013,0,3.7,260.4,0.9,3,,Clear,clear-day,"VABP,42667099999"
"Bhopal, Madhya Pradesh, India",2024-03-06T19:00:00,75.2,75.2,44.6,33.6,0,0,,0,0,7.8,2.2,10,1013,0,3.7,53.8,0.2,0,,Clear,clear-night,"VABP,42667099999"
"Bhopal, Madhya Pradesh, India",2024-03-06T20:00:00,73.4,73.4,50.1,43.92,0,0,,0,0,10.5,5.8,315,1012.9,0.7,3.2,0,0,0,,Clear,clear-night,"VABP,42667099999"
"Bhopal, Madhya Pradesh, India",2024-03-06T21:00:00,73.5,73.5,53.7,49.95,0,0,,0,0,11.2,6.7,23.9,1013,0.2,,0,0,0,,Clear,clear-night,remote
"Bhopal, Madhya Pradesh, India",2024-03-06T22:00:00,71.9,71.9,53.1,51.72,0,0,,0,0,11.2,6.3,35.7,1014,0,,0,0,0,,Clear,clear-night,remote
"Bhopal, Madhya Pradesh, India",2024-03-06T23:00:00,66.4,66.4,46.5,48.66,0,0,,0,0,9.6,5.8,20,1014.3,0,3.2,0,0,0,,Clear,clear-night,"VABP,42667099999"
"Bhopal, Madhya Pradesh, India",2024-03-07T00:00:00,67.2,67.2,52.2,58.72,0,0,,0,0,9.8,6,62.6,1014,0,,0,0,0,,Clear,clear-night,remote
"Bhopal, Madhya Pradesh, India",2024-03-07T01:00:00,66.5,66.5,52.1,59.8,0,0,,0,0,10.7,6,67.5,1014,14.7,,0,0,0,,Clear,clear-night,remote
"Bhopal, Madhya Pradesh, India",2024-03-07T02:00:00,65,65,49.7,57.65,0,0,,0,0,10.3,4.7,20,1012.7,13.6,2.5,0,0,0,,Clear,clear-night,42667099999
"Bhopal, Madhya Pradesh, India",2024-03-07T03:00:00,63.2,63.2,51.9,66.51,0,0,,0,0,9.4,5.4,66.4,1013,0.5,,0,0,0,,Clear,clear-night,remote
"Bhopal, Madhya Pradesh, India",2024-03-07T04:00:00,59.8,59.8,51.2,73.09,0,0,,0,0,8.7,5.1,61.4,1013,12,,0,0,0,,Clear,clear-night,remote
"Bhopal, Madhya Pradesh, India",2024-03-07T05:00:00,59.1,59.1,49.7,70.93,0,0,,0,0,8.1,4.7,15,1013.6,0,2.8,0,0,0,,Clear,clear-night,"VABP,42667099999"
"Bhopal, Madhya Pradesh, India",2024-03-07T06:00:00,61.8,61.8,52.8,72.32,0,0,,0,0,7.8,4.9,52.6,1013,0,,0,0,0,,Clear,clear-night,remote
"Bhopal, Madhya Pradesh, India",2024-03-07T07:00:00,59,59,53.6,82.26,0,0,,0,0,7.4,4.7,360,1016,0,3.1,0,0,0,,Clear,clear-day,"VABP,42667099999"
"Bhopal, Madhya Pradesh, India",2024-03-07T08:00:00,65.4,65.4,49.1,55.6,0,0,,0,0,8.3,3.3,20,1016.5,0,2.9,49.2,0.2,0,,Clear,clear-day,"VABP,42672099999,42667099999,42763099999"
"Bhopal, Madhya Pradesh, India",2024-03-07T09:00:00,71.6,71.6,44.6,37.92,0,0,,0,0,11.4,4.7,50,1017,0,3.1,252.1,0.9,3,,Clear,clear-day,"VABP,42667099999"
"Bhopal, Madhya Pradesh, India",2024-03-07T10:00:00,75.2,75.2,44.6,33.6,0,0,,0,0,13.4,4.7,80,1017,0,3.1,484.6,1.7,5,,Clear,clear-day,"VABP,42667099999"
"Bhopal, Madhya Pradesh, India",2024-03-07T11:00:00,78.5,78.5,43.4,28.76,0,0,,0,0,14.5,10.3,85,1015.9,0,2.8,687,2.5,7,,Clear,clear-day,"VABP,42667099999,42763099999"
"Bhopal, Madhya Pradesh, India",2024-03-07T12:00:00,80.6,79.3,42.8,26.25,0,0,,0,0,15,5.8,40,1016,0,3.7,833.5,3,8,,Clear,clear-day,"VABP,42667099999"
"Bhopal, Madhya Pradesh, India",2024-03-07T13:00:00,82.4,80.1,37.4,20.07,0,0,,0,0,14.1,2.2,350,1015,0,3.7,914.4,3.3,9,,Clear,clear-day,"VABP,42667099999"
"Bhopal, Madhya Pradesh, India",2024-03-07T14:00:00,82.7,80.4,39.7,21.76,0,0,,0,0,13.2,10.3,341,1012.6,18,3.1,859.1,3.1,9,,Clear,clear-day,"VABP,42667099999,42763099999"
"Bhopal, Madhya Pradesh, India",2024-03-07T15:00:00,84.2,81.4,39.2,20.32,0,0,,0,0,11.4,0,0,1013,27.3,3.7,823.3,3,8,,Partially cloudy,partly-cloudy-day,"VABP,42667099999"
"Bhopal, Madhya Pradesh, India",2024-03-07T16:00:00,84.2,81.4,37.4,18.94,0,0,,0,0,10.5,0,0,1013,27.3,3.7,609.3,2.2,6,,Partially cloudy,partly-cloudy-day,"VABP,42667099999"
"Bhopal, Madhya Pradesh, India",2024-03-07T17:00:00,84.2,81.5,41.7,22.43,0,0,,0,0,10.1,2.2,26,1011.5,18,3.2,406.4,1.5,4,,Clear,clear-day,"VABP,42672099999,42667099999,42763099999"
"Bhopal, Madhya Pradesh, India",2024-03-07T18:00:00,78.8,78.8,39.2,24.22,0,0,,0,0,8.7,2.2,30,1014,27.3,3.7,231.8,0.8,2,,Partially cloudy,partly-cloudy-day,"VABP,42667099999"
"Bhopal, Madhya Pradesh, India",2024-03-07T19:00:00,75.2,75.2,41,29.26,0,0,,0,0,6.7,3.4,360,1015,27.3,3.7,51.9,0.2,0,,Partially cloudy,partly-cloudy-night,"VABP,42667099999"
"Bhopal, Madhya Pradesh, India",2024-03-07T20:00:00,74.4,74.4,45.4,35.57,0,0,,0,0,7.6,0,0,1013.9,2.8,3.2,0,0,0,,Clear,clear-night,"VABP,42667099999"
"Bhopal, Madhya Pradesh, India",2024-03-07T21:00:00,69.8,69.8,46.4,43.17,0,0,,0,0,7.6,4.7,210,1016,0,3.7,0,0,0,,Clear,clear-night,"VABP,42667099999"
"Bhopal, Madhya Pradesh, India",2024-03-07T22:00:00,68,68,46.4,45.91,0,0,,0,0,7.6,6.9,340,1016,0,3.7,0,0,0,,Clear,clear-night,"VABP,42667099999"
"Bhopal, Madhya Pradesh, India",2024-03-07T23:00:00,68.1,68.1,46.5,46,0,0,,0,0,7.8,4.7,15,1015,1,3.2,0,0,0,,Clear,clear-night,"VABP,42667099999"
"Bhopal, Madhya Pradesh, India",2024-03-08T00:00:00,67.4,67.4,51.2,56.07,0,0,,0,0,7.8,5.1,41.2,1014,0.1,,0,0,0,,Clear,clear-night,remote
"Bhopal, Madhya Pradesh, India",2024-03-08T01:00:00,67,67,50.8,56.02,0,0,,0,0,8.3,5.1,42.6,1014,0,,0,0,0,,Clear,clear-night,remote
"Bhopal, Madhya Pradesh, India",2024-03-08T02:00:00,64.5,64.5,50.6,60.74,0,0,,0,0,9.4,5.6,44.9,1014,0,,0,0,0,,Clear,clear-night,remote
"Bhopal, Madhya Pradesh, India",2024-03-08T03:00:00,64.1,64.1,51.2,62.75,0,0,,0,0,9.6,5.6,51,1014,0,,0,0,0,,Clear,clear-night,remote
"Bhopal, Madhya Pradesh, India",2024-03-08T04:00:00,59.4,59.4,48.1,66.06,0,0,,0,0,9.4,5.6,49.4,1014,0,,0,0,0,,Clear,clear-night,remote
"Bhopal, Madhya Pradesh, India",2024-03-08T05:00:00,62.7,62.7,42.4,47.4,0,0,,0,0,8.5,3.4,360,1013.4,0,3.2,0,0,0,,Clear,clear-night,"VABP,42667099999"
"Bhopal, Madhya Pradesh, India",2024-03-08T06:00:00,60.8,60.8,44.6,55.14,0,0,,0,0,8.1,2.2,340,1016,0,3.7,0,0,0,,Clear,clear-night,"VABP,42667099999"
"Bhopal, Madhya Pradesh, India",2024-03-08T07:00:00,64.4,64.4,44.6,48.58,0,0,,0,0,8.1,0,0,1017,0,3.7,0,0,0,,Clear,clear-day,"VABP,42667099999"
"Bhopal, Madhya Pradesh, India",2024-03-08T08:00:00,68.9,68.9,43.5,39.91,0,0,,0,0,9.2,6.8,70,1017,0,3.2,51.7,0.2,1,,Clear,clear-day,"VABP,42672099999,42667099999,42763099999"
"Bhopal, Madhya Pradesh, India",2024-03-08T09:00:00,73.4,73.4,41,31.08,0,0,,0,0,12.3,6.9,80,1018,0,3.7,257.1,0.9,3,,Clear,clear-day,"VABP,42667099999"
"Bhopal, Madhya Pradesh, India",2024-03-08T10:00:00,77,77,41,27.56,0,0,,0,0,15,6.9,60,1018,0,3.7,490.7,1.8,5,,Clear,clear-day,"VABP,42667099999"
"Bhopal, Madhya Pradesh, India",2024-03-08T11:00:00,79.5,79.5,42.2,26.55,0,0,,0,0,16.1,9.1,70,1016.5,0,3.1,693.9,2.5,7,,Clear,clear-day,"VABP,42667099999,42763099999"
"Bhopal, Madhya Pradesh, India",2024-03-08T12:00:00,82.4,80.3,41,23.1,0,0,,0,0,16.6,10.3,80,1017,0,3.7,841.9,3,8,,Clear,clear-day,"VABP,42667099999"
"Bhopal, Madhya Pradesh, India",2024-03-08T13:00:00,82.4,80.3,41,23.1,0,0,,0,0,17.4,5.8,60,1016,0,3.7,921.1,3.3,9,,Clear,clear-day,"VABP,42667099999"
"Bhopal, Madhya Pradesh, India",2024-03-08T14:00:00,84.7,81.9,40.5,21.06,0,0,,0,0,15.7,6.9,110,1013.9,18,3.1,922.2,3.3,9,,Clear,clear-day,"VABP,42667099999,42763099999"
"Bhopal, Madhya Pradesh, India",2024-03-08T15:00:00,86,82.8,39.2,19.18,0,0,,0,0,13.4,2.2,20,1014,27.3,3.7,843.1,3,8,,Partially cloudy,partly-cloudy-day,"VABP,42667099999"
"Bhopal, Madhya Pradesh, India",2024-03-08T16:00:00,84.2,81.4,37.4,18.94,0,0,,0,0,11.2,4.7,100,1014,27.3,3.7,696.8,2.5,7,,Partially cloudy,partly-cloudy-day,"VABP,42667099999"
"Bhopal, Madhya Pradesh, India",2024-03-08T17:00:00,84.2,81.6,42.7,23.23,0,0,,0,0,9.4,6.8,1,1012.2,0,3.2,486.5,1.8,5,,Clear,clear-day,"VABP,42672099999,42667099999,42763099999"
"Bhopal, Madhya Pradesh, India",2024-03-08T18:00:00,84.1,83.1,55.8,38.11,0,0,,0,0,8.1,3.4,39.4,1012,0,,264.8,1,3,,Clear,clear-day,remote
"Bhopal, Madhya Pradesh, India",2024-03-08T19:00:00,77,77,42.8,29.54,0,0,,0,0,7.2,0,0,1015,0,3.7,56.3,0.2,0,,Clear,clear-night,"VABP,42667099999"
"Bhopal, Madhya Pradesh, India",2024-03-08T20:00:00,75.4,75.4,42.6,30.91,0,0,,0,0,8.1,4.7,100,1013.9,0,3.2,0,0,0,,Clear,clear-night,"VABP,42667099999"
"Bhopal, Madhya Pradesh, India",2024-03-08T21:00:00,75.2,75.2,44.6,33.6,0,0,,0,0,8.9,3.4,110,1016,0,3.7,0,0,0,,Clear,clear-night,"VABP,42667099999"
"Bhopal, Madhya Pradesh, India",2024-03-08T22:00:00,69.8,69.8,42.8,37.64,0,0,,0,0,9.8,3.4,40,1016,0,3.7,0,0,0,,Clear,clear-night,"VABP,42667099999"
"Bhopal, Madhya Pradesh, India",2024-03-08T23:00:00,71.3,71.3,49.6,46.27,0,0,,0,0,10.7,2.2,340,1014.9,0,3.2,0,0,0,,Clear,clear-night,"VABP,42667099999"
"Bhopal, Madhya Pradesh, India",2024-03-09T00:00:00,69.3,69.3,49.9,50,0,0,,0,0,11.9,6.7,66.2,1015,0,,0,0,0,,Clear,clear-night,remote
"Bhopal, Madhya Pradesh, India",2024-03-09T01:00:00,68.3,68.3,49.7,51.54,0,0,,0,0,11.9,6.3,72.7,1015,0,,0,0,0,,Clear,clear-night,remote
"Bhopal, Madhya Pradesh, India",2024-03-09T02:00:00,68.6,68.6,51.9,55.14,0,0,,0,0,11,2.2,360,1012.8,0,2.5,0,0,0,,Clear,clear-night,42667099999
"Bhopal, Madhya Pradesh, India",2024-03-09T03:00:00,64.7,64.7,49.5,57.99,0,0,,0,0,9.6,5.8,75.4,1014,0,,0,0,0,,Clear,clear-night,remote
"Bhopal, Madhya Pradesh, India",2024-03-09T04:00:00,60.9,60.9,46.7,59.45,0,0,,0,0,9.6,6.5,75.3,1014,0,,0,0,0,,Clear,clear-night,remote
"Bhopal, Madhya Pradesh, India",2024-03-09T05:00:00,61.8,61.8,42.8,49.61,0,0,,0,0,10.3,2.2,340,1014.5,0,2.8,0,0,0,,Clear,clear-night,"VABP,42667099999"
"Bhopal, Madhya Pradesh, India",2024-03-09T06:00:00,59,59,44.6,58.79,0,0,,0,0,10.3,5.8,320,1016,0,3.1,0,0,0,,Clear,clear-night,"VABP,42667099999"
"Bhopal, Madhya Pradesh, India",2024-03-09T07:00:00,62.6,62.6,44.6,51.75,0,0,,0,0,10.3,4.7,340,1017,0,3.1,0,0,0,,Clear,clear-day,"VABP,42667099999"
"Bhopal, Madhya Pradesh, India",2024-03-09T08:00:00,69.7,69.7,41.4,35.81,0,0,,0,0,10.7,5.7,70,1016.9,0,3.2,54.5,0.2,1,,Clear,clear-day,"VABP,42672099999,42667099999,42763099999"
"Bhopal, Madhya Pradesh, India",2024-03-09T09:00:00,65.6,65.6,48.6,54.34,0,0,,0,0,13.4,6.9,82.8,1017,0,,263.1,0.9,3,,Clear,clear-day,remote
"Bhopal, Madhya Pradesh, India",2024-03-09T10:00:00,77,77,41,27.56,0,0,,0,0,16.3,11.4,70,1018,0,3.7,498.1,1.8,5,,Clear,clear-day,"VABP,42667099999"
"Bhopal, Madhya Pradesh, India",2024-03-09T11:00:00,80.8,79.4,42.5,25.78,0,0,,0,0,17.2,11.4,85,1016.3,0,3.1,702,2.5,7,,Clear,clear-day,"VABP,42667099999,42763099999"
"Bhopal, Madhya Pradesh, India",2024-03-09T12:00:00,80.9,80,49.5,33.58,0,0,,0,0,17.4,6.9,97.1,1016,0,,849.7,3.1,8,,Clear,clear-day,remote
"Bhopal, Madhya Pradesh, India",2024-03-09T13:00:00,81.2,80.2,49.7,33.41,0,0,,0,0,16.6,5.8,107.2,1015,0,,925,3.3,9,,Clear,clear-day,remote
"Bhopal, Madhya Pradesh, India",2024-03-09T14:00:00,86.7,83.5,42.8,21.59,0,0,,0,0,15.4,2.2,175,1013,0,3.1,925.7,3.3,9,,Clear,clear-day,"VABP,42667099999,42763099999"
"Bhopal, Madhya Pradesh, India",2024-03-09T15:00:00,87.8,84.3,41,19.43,0,0,,0,0,14.5,6.9,360,1014,0,3.7,849.8,3.1,8,,Clear,clear-day,"VABP,42667099999"
"Bhopal, Madhya Pradesh, India",2024-03-09T16:00:00,86.3,84.5,54.2,33.53,0,0,,0,0,12.8,3.8,191.1,1012,0,,703.3,2.5,7,,Clear,clear-day,remote
"Bhopal, Madhya Pradesh, India",2024-03-09T17:00:00,86.3,83.3,44.2,23.1,0,0,,0,0,10.1,3.3,45,1011.3,0,3.2,500.5,1.8,5,,Clear,clear-day,"VABP,42672099999,42667099999,42763099999"
"Bhopal, Madhya Pradesh, India",2024-03-09T18:00:00,80.6,79.4,44.6,28.12,0,0,,0,0,6.3,3.4,20,1014,0,3.7,266.5,1,3,,Clear,clear-day,"VABP,42667099999"
"Bhopal, Madhya Pradesh, India",2024-03-09T19:00:00,78.8,78.8,44.6,29.82,0,0,,0,0,5.8,2.2,20,1015,0,3.7,57.5,0.2,0,,Clear,clear-night,"VABP,42667099999"
"Bhopal, Madhya Pradesh, India",2024-03-09T20:00:00,77,77,44.6,31.6,0,0,,0,0,8.7,3.4,15,1014.4,0,3.2,0,0,0,,Clear,clear-night,"VABP,42667099999"
"Bhopal, Madhya Pradesh, India",2024-03-09T21:00:00,73.4,73.4,44.6,35.69,0,0,,0,0,9.4,5.8,20,1016,0,3.7,0,0,0,,Clear,clear-night,"VABP,42667099999"
"Bhopal, Madhya Pradesh, India",2024-03-09T22:00:00,71.6,71.6,46.4,40.6,0,0,,0,0,12.1,5.8,10,1017,0,3.7,0,0,0,,Clear,clear-night,"VABP,42667099999"
"Bhopal, Madhya Pradesh, India",2024-03-09T23:00:00,71.4,71.4,46.5,41.03,0,0,,0,0,14.8,5.8,45,1015.1,0,2.8,0,0,0,,Clear,clear-night,"VABP,42667099999"
"Bhopal, Madhya Pradesh, India",2024-03-10T00:00:00,69.8,69.8,46.4,43.17,0,0,,0,0,15.4,4.7,50,1016,0,3.1,0,0,0,,Clear,clear-night,"VABP,42667099999"
"Bhopal, Madhya Pradesh, India",2024-03-10T01:00:00,69.8,69.8,44.6,40.32,0,0,,0,0,15.7,2.2,50,1016,0,3.1,0,0,0,,Clear,clear-night,"VABP,42667099999"
"Bhopal, Madhya Pradesh, India",2024-03-10T02:00:00,69.5,69.5,48.8,47.73,0,0,,0,0,13.9,4.7,50,1013.1,0.8,2.5,0,0,0,,Clear,clear-night,42667099999
"Bhopal, Madhya Pradesh, India",2024-03-10T03:00:00,67.2,67.2,50.8,55.68,0,0,,0,0,12.5,7.4,73.2,1014,19.3,,0,0,0,,Clear,clear-night,remote
"Bhopal, Madhya Pradesh, India",2024-03-10T04:00:00,63.6,63.6,49.7,60.62,0,0,,0,0,12.3,7.2,74.6,1014,90,,0,0,0,,Partially cloudy,partly-cloudy-night,remote
"Bhopal, Madhya Pradesh, India",2024-03-10T05:00:00,64.5,64.5,47.9,54.92,0,0,,0,0,12.3,5.8,20,1014.1,80.7,2.5,0,0,0,,Partially cloudy,partly-cloudy-night,42667099999
"Bhopal, Madhya Pradesh, India",2024-03-10T06:00:00,60.8,60.8,48.2,63.17,0,0,,0,0,12.3,4.7,350,1016,0,3.1,0,0,0,,Clear,clear-night,"VABP,42667099999"
"Bhopal, Madhya Pradesh, India",2024-03-10T07:00:00,66.2,66.2,46.4,48.86,0,0,,0,0,12.3,3.4,20,1016,27.3,3.1,0,0,0,,Partially cloudy,partly-cloudy-day,"VABP,42667099999"
"Bhopal, Madhya Pradesh, India",2024-03-10T08:00:00,71.4,71.4,44.7,38.36,0,0,,0,0,11.9,7.9,51,1016,30,3.2,56.8,0.2,1,,Partially cloudy,partly-cloudy-day,"VABP,42672099999,42667099999,42763099999"
"Bhopal, Madhya Pradesh, India",2024-03-10T09:00:00,75.2,75.2,44.6,33.6,0,0,,0,0,14.5,11.4,90,1018,0,3.7,267.2,1,3,,Clear,clear-day,"VABP,42667099999"
"Bhopal, Madhya Pradesh, India",2024-03-10T10:00:00,78.8,78.8,46.4,31.93,0,0,,0,0,17,9.2,100,1018,0,3.7,500.3,1.8,5,,Clear,clear-day,"VABP,42667099999"
"Bhopal, Madhya Pradesh, India",2024-03-10T11:00:00,81.1,79.9,46.5,29.76,0,0,,0,0,17.2,9.1,90,1016.3,0,3.1,703.7,2.5,7,,Clear,clear-day,"VABP,42667099999,42763099999"
"Bhopal, Madhya Pradesh, India",2024-03-10T12:00:00,84.2,82,48.2,28.66,0,0,,0,0,16.8,5.8,110,1017,0,3.7,850,3.1,9,,Clear,clear-day,"VABP,42667099999"
"Bhopal, Madhya Pradesh, India",2024-03-10T13:00:00,87.8,84.5,44.6,22.3,0,0,,0,0,16.1,5.8,120,1015,0,3.7,921.1,3.3,9,,Clear,clear-day,"VABP,42667099999"
"Bhopal, Madhya Pradesh, India",2024-03-10T14:00:00,91.9,88.2,45.6,20.36,0,0,,0,0,15.7,5.8,180,1012.1,0,3.1,920,3.3,9,,Clear,clear-day,"VABP,42667099999,42763099999"
"Bhopal, Madhya Pradesh, India",2024-03-10T15:00:00,91.4,87.2,37.4,15.07,0,0,,0,0,15.4,16.1,210,1014,0,3.7,842.4,3,8,,Clear,clear-day,"VABP,42667099999"
"Bhopal, Madhya Pradesh, India",2024-03-10T16:00:00,89.5,88,56.4,32.72,0,0,,0,0,15.7,6.7,210,1012,0,,695.6,2.5,7,,Clear,clear-day,remote
"Bhopal, Madhya Pradesh, India",2024-03-10T17:00:00,90.3,86.4,40.6,17.68,0,0,,0,0,15.4,7.9,205,1011.8,0.2,3.2,494.4,1.8,5,,Clear,clear-day,"VABP,42672099999,42667099999,42763099999"
"Bhopal, Madhya Pradesh, India",2024-03-10T18:00:00,84.2,81.4,39.2,20.32,0,0,,0,0,14.3,3.4,210,1014,0,3.7,263.2,0.9,3,,Clear,clear-day,"VABP,42667099999"
"Bhopal, Madhya Pradesh, India",2024-03-10T19:00:00,80.6,79.2,41,24.49,0,0,,0,0,8.7,3.4,160,1015,0,3.7,57.3,0.2,0,,Clear,clear-night,"VABP,42667099999"
"Bhopal, Madhya Pradesh, India",2024-03-10T20:00:00,77.5,77.5,42.2,28.41,0,0,,0,0,8.1,4.7,180,1014.5,0,3.2,0,0,0,,Clear,clear-night,"VABP,42667099999"
"Bhopal, Madhya Pradesh, India",2024-03-10T21:00:00,75.2,75.2,41,29.26,0,0,,0,0,8.7,5.8,210,1017,0,3.7,0,0,0,,Clear,clear-night,"VABP,42667099999"
"Bhopal, Madhya Pradesh, India",2024-03-10T22:00:00,75.5,75.5,54.2,47.68,0,0,,0,0,8.9,4,222.5,1015,0,,0,0,0,,Clear,clear-night,remote
"Bhopal, Madhya Pradesh, India",2024-03-10T23:00:00,71.7,71.7,43.1,35.7,0,0,,0,0,8.9,5.8,200,1015.8,0,3.2,0,0,0,,Clear,clear-night,"VABP,42667099999"
"Bhopal, Madhya Pradesh, India",2024-03-11T00:00:00,74,74,52.2,46.53,0,0,,0,0,10.1,4,266.4,1015,0,,0,0,0,,Clear,clear-night,remote
"Bhopal, Madhya Pradesh, India",2024-03-11T01:00:00,72.2,72.2,51.3,47.82,0,0,,0,0,9.4,3.4,303.9,1015,0,,0,0,0,,Clear,clear-night,remote
"Bhopal, Madhya Pradesh, India",2024-03-11T02:00:00,67.4,67.4,45.2,44.89,0,0,,0,0,8.9,2.2,250,1013.8,0,2.5,0,0,0,,Clear,clear-night,42667099999
"Bhopal, Madhya Pradesh, India",2024-03-11T03:00:00,66.6,66.6,51.7,58.64,0,0,,0,0,7.8,4.3,0.1,1015,0,,0,0,0,,Clear,clear-night,remote
"Bhopal, Madhya Pradesh, India",2024-03-11T04:00:00,63.4,63.4,53.3,69.68,0,0,,0,0,7.4,3.6,6.8,1015,0,,0,0,0,,Clear,clear-night,remote
"Bhopal, Madhya Pradesh, India",2024-03-11T05:00:00,62.6,62.6,44.2,50.92,0,0,,0,0,6,4.7,245,1015.7,0,3.2,0,0,0,,Clear,clear-night,"VABP,42667099999"
"Bhopal, Madhya Pradesh, India",2024-03-11T06:00:00,59,59,42.8,54.88,0,0,,0,0,6,0,0,1017,0,3.1,0,0,0,,Clear,clear-night,"VABP,42667099999"
"Bhopal, Madhya Pradesh, India",2024-03-11T07:00:00,62.6,62.6,46.4,55.4,0,0,,0,0,6.7,5.8,310,1018,0,3.1,0,0,0,,Clear,clear-day,"VABP,42667099999"
"Bhopal, Madhya Pradesh, India",2024-03-11T08:00:00,67.6,67.6,51.9,57.15,0,0,,0,0,6.9,9,360,1018.1,23.9,2.9,58.2,0.2,1,,Partially cloudy,partly-cloudy-day,"VABP,42672099999,42667099999,42763099999"
"Bhopal, Madhya Pradesh, India",2024-03-11T09:00:00,71.6,71.6,51.8,49.67,0,0,,0,0,8.9,4.7,40,1019,0,3.7,266.5,1,3,,Clear,clear-day,"VABP,42667099999"
"Bhopal, Madhya Pradesh, India",2024-03-11T10:00:00,67.6,67.6,56.4,67.44,0,0,,0,0,10.5,3.6,11.5,1018,0,,498.2,1.8,5,,Clear,clear-day,remote
"Bhopal, Madhya Pradesh, India",2024-03-11T11:00:00,80.5,80.2,53.2,38.89,0,0,,0,0,11,9.1,340,1018,0,3.1,697.9,2.5,7,,Clear,clear-day,"VABP,42667099999,42763099999"
"Bhopal, Madhya Pradesh, India",2024-03-11T12:00:00,82.5,82.2,57.3,42.3,0,0,,0,0,11,3.6,10.9,1017,0,,841.6,3,8,,Clear,clear-day,remote
"Bhopal, Madhya Pradesh, India",2024-03-11T13:00:00,85.9,83.5,49.9,28.92,0,0,,0,0,13.2,4.7,30,1017,0,3.7,910.9,3.3,9,,Clear,clear-day,VABP
"Bhopal, Madhya Pradesh, India",2024-03-11T14:00:00,87.8,85.2,50.6,27.87,0,0,,0,0,13.9,4.7,355,1014.1,0,3.1,909.4,3.3,9,,Clear,clear-day,"VABP,42667099999,42763099999"
"Bhopal, Madhya Pradesh, India",2024-03-11T15:00:00,87.8,85.1,50,27.33,0,0,,0,0,13.9,6.9,90,1015,27.3,3.7,833.4,3,8,,Partially cloudy,partly-cloudy-day,"VABP,42667099999"
"Bhopal, Madhya Pradesh, India",2024-03-11T16:00:00,89.6,86.7,50,25.82,0,0,,0,0,13.4,4.7,80,1015,27.3,3.7,689,2.5,7,,Partially cloudy,partly-cloudy-day,"VABP,42667099999"
"Bhopal, Madhya Pradesh, India",2024-03-11T17:00:00,89.7,87,51.4,27.11,0,0,,0,0,13,2.2,90,1012.6,45.3,3.2,490.3,1.8,5,,Partially cloudy,partly-cloudy-day,"VABP,42672099999,42667099999,42763099999"
"Bhopal, Madhya Pradesh, India",2024-03-11T18:00:00,86,83.6,50,28.94,0,0,,0,0,11.6,0,0,1015,0,3.7,261.6,0.9,3,,Clear,clear-day,"VABP,42667099999"
"Bhopal, Madhya Pradesh, India",2024-03-11T19:00:00,82.4,81,50,32.49,0,0,,0,0,7.2,2.2,360,1016,0,3.7,57.4,0.2,0,,Clear,clear-night,"VABP,42667099999"
"Bhopal, Madhya Pradesh, India",2024-03-11T20:00:00,79,79,55.9,45.07,0,0,,0,0,6.3,0,0,1014.6,0,3.2,0,0,0,,Clear,clear-night,"VABP,42667099999"
"Bhopal, Madhya Pradesh, India",2024-03-11T21:00:00,77,77,53.6,44.28,0,0,,0,0,6.3,2.2,130,1016,0,3.7,0,0,0,,Clear,clear-night,"VABP,42667099999"
"Bhopal, Madhya Pradesh, India",2024-03-11T22:00:00,73.4,73.4,71.6,94.11,0,0,,0,0,5.8,2.2,200,1016,0,3.7,0,0,0,,Clear,clear-night,"VABP,42667099999"
"Bhopal, Madhya Pradesh, India",2024-03-11T23:00:00,74.1,74.1,65,73.42,0,0,,0,0,4,0,0,1015,0,3.2,0,0,0,,Clear,clear-night,"VABP,42667099999"
"Bhopal, Madhya Pradesh, India",2024-03-12T00:00:00,73.4,73.4,62.6,68.97,0,0,,0,0,4.5,0,0,1017,0,3.7,0,0,0,,Clear,clear-night,"VABP,42667099999"
"Bhopal, Madhya Pradesh, India",2024-03-12T01:00:00,74.4,74.4,59.8,60.44,0,0,,0,0,4.3,2.9,29.9,1015,0,,0,0,0,,Clear,clear-night,remote
"Bhopal, Madhya Pradesh, India",2024-03-12T02:00:00,75.1,75.1,59.8,59,0,0,,0,0,4,4,23.3,1014,0,,0,0,0,,Clear,clear-night,remote
"Bhopal, Madhya Pradesh, India",2024-03-12T03:00:00,73.8,73.8,60.5,63.14,0,0,,0,0,5.8,5.1,14.4,1013,0,,0,0,0,,Clear,clear-night,remote
"Bhopal, Madhya Pradesh, India",2024-03-12T04:00:00,65,65,58.6,79.54,0,0,,0,0,7.2,4,4.8,1013,0,,0,0,0,,Clear,clear-night,remote
"Bhopal, Madhya Pradesh, India",2024-03-12T05:00:00,66.7,66.7,56.9,70.65,0,0,,0,0,7.2,0,0,1014.1,0,3.2,0,0,0,,Clear,clear-night,"VABP,42667099999"
"Bhopal, Madhya Pradesh, India",2024-03-12T06:00:00,59,59,57.2,93.75,0,0,,0,0,6.9,4.7,100,1015,0,3.7,0,0,0,,Clear,clear-night,"VABP,42667099999"
"Bhopal, Madhya Pradesh, India",2024-03-12T07:00:00,69.8,69.8,66.2,88.35,0,0,,0,0,6.3,2.2,170,1016,0,3.7,0,0,0,,Clear,clear-day,"VABP,42667099999"
"Bhopal, Madhya Pradesh, India",2024-03-12T08:00:00,74.3,74.3,53.6,48.44,0,0,,0,0,6.3,4.6,225,1015.9,0,3.2,59.4,0.2,1,,Clear,clear-day,"VABP,42672099999,42667099999,42763099999"
"Bhopal, Madhya Pradesh, India",2024-03-12T09:00:00,78.8,78.8,48.2,34.17,0,0,,0,0,8.5,0,0,1018,0,3.7,266.4,1,3,,Clear,clear-day,"VABP,42667099999"
"Bhopal, Madhya Pradesh, India",2024-03-12T10:00:00,84.2,81.9,46.4,26.79,0,0,,0,0,10.1,6.9,200,1018,0,3.7,497.1,1.8,5,,Clear,clear-day,"VABP,42667099999"
"Bhopal, Madhya Pradesh, India",2024-03-12T11:00:00,87.9,84.9,47.5,24.87,0,0,,0,0,11,6.9,140,1015.2,0,3.1,697.6,2.5,7,,Clear,clear-day,"VABP,42667099999,42763099999"
"Bhopal, Madhya Pradesh, India",2024-03-12T12:00:00,89.6,86.1,44.6,21.07,0,0,,0,0,12.1,9.2,230,1016,0,3.7,843.8,3,8,,Clear,clear-day,"VABP,42667099999"
"Bhopal, Madhya Pradesh, India",2024-03-12T13:00:00,91.4,87.7,44.6,19.92,0,0,,0,0,15.7,11.4,220,1015,0,3.7,927.2,3.3,9,,Clear,clear-day,"VABP,42667099999"
"Bhopal, Madhya Pradesh, India",2024-03-12T14:00:00,91.3,87.4,43.3,19.06,0,0,,0,0,17.7,9.1,225,1012.7,10,3.1,927.1,3.3,9,,Clear,clear-day,"VABP,42667099999,42763099999"
"Bhopal, Madhya Pradesh, India",2024-03-12T15:00:00,93.2,88.7,32,11.5,0,0,,0,0,18.6,11.4,240,1014,0,3.7,834.1,3,8,,Clear,clear-day,"VABP,42667099999"
"Bhopal, Madhya Pradesh, India",2024-03-12T16:00:00,91.4,87.1,33.8,13.07,0,0,,0,0,18.8,15,240,1013,0,3.7,708.2,2.5,7,,Clear,clear-day,"VABP,42667099999"
"Bhopal, Madhya Pradesh, India",2024-03-12T17:00:00,90.6,86.5,37.8,15.75,0,0,,0,0,18.6,7.9,250,1010.9,0,3.2,506.4,1.8,5,,Clear,clear-day,"VABP,42672099999,42667099999,42763099999"
"Bhopal, Madhya Pradesh, India",2024-03-12T18:00:00,84.2,81.4,37.4,18.94,0,0,,0,0,17.4,9.2,270,1014,0,3.7,272.4,1,3,,Clear,clear-day,"VABP,42667099999"
"Bhopal, Madhya Pradesh, India",2024-03-12T19:00:00,78.8,78.8,39.2,24.22,0,0,,0,0,11.9,5.8,280,1014,0,3.7,60.8,0.2,0,,Clear,clear-night,"VABP,42667099999"
"Bhopal, Madhya Pradesh, India",2024-03-12T20:00:00,76.8,76.8,39.4,26.1,0,0,,0,0,9.8,5.8,270,1012.9,0,3.2,0,0,0,,Clear,clear-night,"VABP,42667099999"
"Bhopal, Madhya Pradesh, India",2024-03-12T21:00:00,77,77,39.2,25.7,0,0,,0,0,9.8,5.8,290,1014,0,3.7,0,0,0,,Clear,clear-night,"VABP,42667099999"
"Bhopal, Madhya Pradesh, India",2024-03-12T22:00:00,73.4,73.4,41,31.08,0,0,,0,0,8.5,5.8,270,1015,0,3.7,0,0,0,,Clear,clear-night,"VABP,42667099999"
"Bhopal, Madhya Pradesh, India",2024-03-12T23:00:00,71.6,71.6,48.3,43.65,0,0,,0,0,8.5,1.1,100,1013.3,0,2.8,0,0,0,,Clear,clear-night,"VABP,42667099999"
"Bhopal, Madhya Pradesh, India",2024-03-13T00:00:00,71.1,71.1,54.2,55.13,0,0,,0,0,8.5,5.4,344.2,1012,0,,0,0,0,,Clear,clear-night,remote
"Bhopal, Madhya Pradesh, India",2024-03-13T01:00:00,70.6,70.6,54.1,55.79,0,0,,0,0,8.7,5.6,331,1013,0,,0,0,0,,Clear,clear-night,remote
"Bhopal, Madhya Pradesh, India",2024-03-13T02:00:00,70.4,70.4,56,60.32,0,0,,0,0,8.1,0,314.1,1010.7,0,2.5,0,0,0,,Clear,clear-night,42667099999
"Bhopal, Madhya Pradesh, India",2024-03-13T03:00:00,68.4,68.4,53.3,58.5,0,0,,0,0,7.8,4.9,298.2,1012,0,,0,0,0,,Clear,clear-night,remote
"Bhopal, Madhya Pradesh, India",2024-03-13T04:00:00,63.8,63.8,50.8,62.71,0,0,,0,0,8.1,4.9,291.7,1012,0,,0,0,0,,Clear,clear-night,remote
"Bhopal, Madhya Pradesh, India",2024-03-13T05:00:00,64.2,64.2,45.7,51.01,0,0,,0,0,8.7,1.1,200,1011.9,0,3.2,0,0,0,,Clear,clear-night,"VABP,42667099999"
"Bhopal, Madhya Pradesh, India",2024-03-13T06:00:00,64.4,64.4,42.8,45.35,0,0,,0,0,9.4,2.2,180,1014,0,3.7,0,0,0,,Clear,clear-night,"VABP,42667099999"
"Bhopal, Madhya Pradesh, India",2024-03-13T07:00:00,67.6,67.6,51.9,57.23,0,0,,0,0,9.6,5.8,296.7,1012,0,,0,0,0,,Clear,clear-day,remote
"Bhopal, Madhya Pradesh, India",2024-03-13T08:00:00,74.4,74.4,43.8,33.51,0,0,,0,0,9.8,5.7,244,1014.1,0,3.2,64.3,0.2,1,,Clear,clear-day,"VABP,42672099999,42667099999,42763099999"
"Bhopal, Madhya Pradesh, India",2024-03-13T09:00:00,69.7,69.7,52.1,53.49,0,0,,0,0,11.6,5.4,293.2,1014,0,,279.6,1,3,,Clear,clear-day,remote
"Bhopal, Madhya Pradesh, India",2024-03-13T10:00:00,86,82.9,41,20.57,0,0,,0,0,11.9,4.7,240,1016,0,3.7,515.9,1.9,5,,Clear,clear-day,"VABP,42667099999"
"Bhopal, Madhya Pradesh, India",2024-03-13T11:00:00,86.1,82.9,40,19.72,0,0,,0,0,11.4,9.1,205,1014,0,3.1,719.6,2.6,7,,Clear,clear-day,"VABP,42667099999,42763099999"
"Bhopal, Madhya Pradesh, India",2024-03-13T12:00:00,87.8,84.1,35.6,15.72,0,0,,0,0,10.3,9.2,190,1015,0,3.7,866.9,3.1,9,,Clear,clear-day,"VABP,42667099999"
"Bhopal, Madhya Pradesh, India",2024-03-13T13:00:00,89.6,85.6,26.6,10.32,0,0,,0,0,16.1,13.9,210,1014,0,3.7,945,3.4,9,,Clear,clear-day,"VABP,42667099999"
"Bhopal, Madhya Pradesh, India",2024-03-13T14:00:00,91.5,87.2,31.4,11.84,0,0,,0,0,18.1,14.9,180,1010.8,0,3.1,944.5,3.4,9,,Clear,clear-day,"VABP,42667099999,42763099999"
"Bhopal, Madhya Pradesh, India",2024-03-13T15:00:00,91.4,87.1,28.4,10.5,0,0,,0,0,19.2,10.3,290,1012,0,3.7,866.8,3.1,9,,Clear,clear-day,"VABP,42667099999"
"Bhopal, Madhya Pradesh, India",2024-03-13T16:00:00,89.6,85.6,26.6,10.32,0,0,,0,0,19.7,10.3,280,1012,0,3.7,719,2.6,7,,Clear,clear-day,"VABP,42667099999"
"Bhopal, Madhya Pradesh, India",2024-03-13T17:00:00,89.7,85.7,30,11.8,0,0,,0,0,19.7,13.6,270,1010,0,3.2,514.5,1.9,5,,Clear,clear-day,"VABP,42672099999,42667099999,42763099999"
"Bhopal, Madhya Pradesh, India",2024-03-13T18:00:00,89.9,87.1,50.8,26.38,0,0,,0,0,18.6,6,303.4,1010,0,,277.4,1,3,,Clear,clear-day,remote
"Bhopal, Madhya Pradesh, India",2024-03-13T19:00:00,78.8,78.8,30.2,16.93,0,0,,0,0,12.1,5.8,260,1013,0,3.7,62.4,0.2,0,,Clear,clear-night,"VABP,42667099999"
"Bhopal, Madhya Pradesh, India",2024-03-13T20:00:00,77.5,77.5,38,24.11,0,0,,0,0,8.5,5.8,225,1013.4,0,3.2,0,0,0,,Clear,clear-night,"VABP,42667099999"
"Bhopal, Madhya Pradesh, India",2024-03-13T21:00:00,77,77,30.2,17.97,0,0,,0,0,8.9,9.2,240,1015,0,3.7,0,0,0,,Clear,clear-night,"VABP,42667099999"
"Bhopal, Madhya Pradesh, India",2024-03-13T22:00:00,73.4,73.4,32,21.79,0,0,,0,0,11.9,8.1,280,1015,0,3.7,0,0,0,,Clear,clear-night,"VABP,42667099999"
"Bhopal, Madhya Pradesh, India",2024-03-13T23:00:00,74.5,74.5,34.2,22.92,0,0,,0,0,13.6,11.4,270,1013.8,0,3.2,0,0,0,,Clear,clear-night,"VABP,42667099999"
"Bhopal, Madhya Pradesh, India",2024-03-14T00:00:00,74.6,74.6,44.7,34.43,0,0,,0,0,15.2,8.3,285.7,1013,0,,0,0,0,,Clear,clear-night,remote
"Bhopal, Madhya Pradesh, India",2024-03-14T01:00:00,73.3,73.3,44.9,36.17,0,0,,0,0,14.8,8.3,287.9,1013,0,,0,0,0,,Clear,clear-night,remote
"Bhopal, Madhya Pradesh, India",2024-03-14T02:00:00,68.3,68.3,38.9,34.15,0,0,,0,0,14.5,5.8,230,1012.3,0,2.5,0,0,0,,Clear,clear-night,42667099999
"Bhopal, Madhya Pradesh, India",2024-03-14T03:00:00,70.2,70.2,46.8,43.24,0,0,,0,0,13.9,7.8,293.5,1013,0,,0,0,0,,Clear,clear-night,remote
"Bhopal, Madhya Pradesh, India",2024-03-14T04:00:00,65.7,65.7,47.6,51.86,0,0,,0,0,13.4,8.1,297.2,1013,0,,0,0,0,,Clear,clear-night,remote
"Bhopal, Madhya Pradesh, India",2024-03-14T05:00:00,64.1,64.1,45.8,51.27,0,0,,0,0,12.8,3.4,250,1013.3,0,2.5,0,0,0,,Clear,clear-night,42667099999
"Bhopal, Madhya Pradesh, India",2024-03-14T06:00:00,60.8,60.8,41,48.03,0,0,,0,0,12.1,4.7,200,1015,0,3.7,0,0,0,,Clear,clear-night,"VABP,42667099999"
"Bhopal, Madhya Pradesh, India",2024-03-14T07:00:00,66.2,66.2,44.6,45.63,0,0,,0,0,11.4,2.2,220,1016,0,3.7,0,0,0,,Clear,clear-day,"VABP,42667099999"
"Bhopal, Madhya Pradesh, India",2024-03-14T08:00:00,72.8,72.8,44.4,36.19,0,0,,0,0,11.6,9,270,1015.9,0,2.6,67.7,0.2,1,,Clear,clear-day,"VABP,42672099999,42667099999,42763099999"
"Bhopal, Madhya Pradesh, India",2024-03-14T09:00:00,77,77,42.8,29.54,0,0,,0,0,13.6,8.1,290,1018,0,3.7,285.7,1,3,,Clear,clear-day,"VABP,42667099999"
"Bhopal, Madhya Pradesh, India",2024-03-14T10:00:00,82.4,80.3,41,23.1,0,0,,0,0,15.7,4.7,280,1018,0,3.7,522.5,1.9,5,,Clear,clear-day,"VABP,42667099999"
"Bhopal, Madhya Pradesh, India",2024-03-14T11:00:00,85.3,82.3,39.2,19.62,0,0,,0,0,16.3,9.1,320,1015.2,0,3.1,725.8,2.6,7,,Clear,clear-day,"VABP,42667099999,42763099999"
"Bhopal, Madhya Pradesh, India",2024-03-14T12:00:00,86,82.7,37.4,17.88,0,0,,0,0,16.3,4.7,220,1017,0,3.7,872.3,3.1,9,,Clear,clear-day,"VABP,42667099999"
"Bhopal, Madhya Pradesh, India",2024-03-14T13:00:00,87.8,84.1,35.6,15.72,0,0,,0,0,14.5,5.8,230,1016,0,3.7,947.6,3.4,9,,Clear,clear-day,"VABP,42667099999"
"Bhopal, Madhya Pradesh, India",2024-03-14T14:00:00,88.7,84.8,36.2,15.65,0,0,,0,0,14.1,4.7,19,1012.2,0,3.1,945.9,3.4,9,,Clear,clear-day,"VABP,42667099999,42763099999"
"Bhopal, Madhya Pradesh, India",2024-03-14T15:00:00,89.6,85.6,33.8,13.83,0,0,,0,0,13.6,6.9,200,1013,0,3.7,867.3,3.1,9,,Clear,clear-day,"VABP,42667099999"
"Bhopal, Madhya Pradesh, India",2024-03-14T16:00:00,89.6,85.6,33.8,13.83,0,0,,0,0,13.6,3.4,190,1013,0,3.7,718.6,2.6,7,,Clear,clear-day,"VABP,42667099999"
"Bhopal, Madhya Pradesh, India",2024-03-14T17:00:00,88.7,84.9,35.3,15.08,0,0,,0,0,13,6.8,295,1011,0,3.2,513.9,1.9,5,,Clear,clear-day,"VABP,42672099999,42667099999,42763099999"
"Bhopal, Madhya Pradesh, India",2024-03-14T18:00:00,84.2,81.3,33.8,16.42,0,0,,0,0,11.6,3.4,290,1013,0,3.7,277.6,1,3,,Clear,clear-day,"VABP,42667099999"
"Bhopal, Madhya Pradesh, India",2024-03-14T19:00:00,78.8,78.8,37.4,22.57,0,0,,0,0,7.8,3.4,260,1014,0,3.7,63.3,0.2,0,,Clear,clear-night,"VABP,42667099999"
"Bhopal, Madhya Pradesh, India",2024-03-14T20:00:00,78,78,41.9,27.54,0,0,,0,0,7.8,2.2,320,1012.7,0,3.2,0,0,0,,Clear,clear-night,"VABP,42667099999"
"Bhopal, Madhya Pradesh, India",2024-03-14T21:00:00,75.2,75.2,35.6,23.69,0,0,,0,0,8.7,3.4,300,1015,0,3.7,0,0,0,,Clear,clear-night,"VABP,42667099999"
"Bhopal, Madhya Pradesh, India",2024-03-14T22:00:00,75.6,75.6,53,45.26,0,0,,0,0,8.9,5.1,350.6,1013,0,,0,0,0,,Clear,clear-night,remote
"Bhopal, Madhya Pradesh, India",2024-03-14T23:00:00,71.8,71.8,40.2,31.81,0,0,,0,0,9.2,2.2,50,1014.2,0,3.2,0,0,0,,Clear,clear-night,"VABP,42667099999"
"Bhopal, Madhya Pradesh, India",2024-03-15T00:00:00,71.7,71.7,49.9,46.17,0,0,,0,0,10.1,6.7,354.9,1013,0,,0,0,0,,Clear,clear-night,remote
"Bhopal, Madhya Pradesh, India",2024-03-15T01:00:00,71.5,71.5,49.2,45.22,0,0,,0,0,12.1,7.2,0.2,1013,0,,0,0,0,,Clear,clear-night,remote
"Bhopal, Madhya Pradesh, India",2024-03-15T02:00:00,68.1,68.1,41.6,38.15,0,0,,0,0,12.5,2.2,90,1012.8,0,2.5,0,0,0,,Clear,clear-night,42667099999
"Bhopal, Madhya Pradesh, India",2024-03-15T03:00:00,69,69,48.5,47.97,0,0,,0,0,12.3,7.2,11.9,1012,0,,0,0,0,,Clear,clear-night,remote
"Bhopal, Madhya Pradesh, India",2024-03-15T04:00:00,66.3,66.3,47.9,51.59,0,0,,0,0,11.9,6.9,15.5,1012,0,,0,0,0,,Clear,clear-night,remote
"Bhopal, Madhya Pradesh, India",2024-03-15T05:00:00,66.3,66.3,51.5,58.99,0,0,,0,0,11.9,6.9,200,1011.7,0,2.5,0,0,0,,Clear,clear-night,42667099999
"Bhopal, Madhya Pradesh, India",2024-03-15T06:00:00,66.2,66.2,53.6,63.85,0,0,,0,0,11.9,8.1,10,1014,0,3.1,0,0,0,,Clear,clear-night,"VABP,42667099999"
"Bhopal, Madhya Pradesh, India",2024-03-15T07:00:00,68,68,55.4,64.07,0,0,,0,0,11.9,6.9,360,1015,0,3.1,0,0,0,,Clear,clear-day,"VABP,42667099999"
"Bhopal, Madhya Pradesh, India",2024-03-15T08:00:00,70.6,70.6,55.1,57.86,0,0,,0,0,12.5,5.7,6,1015.1,0,3.2,69.6,0.3,1,,Clear,clear-day,"VABP,42672099999,42667099999,42763099999"
"Bhopal, Madhya Pradesh, India",2024-03-15T09:00:00,75.2,75.2,53.6,47.01,0,0,,0,0,14.5,5.8,40,1017,0,3.7,287.5,1,3,,Clear,clear-day,"VABP,42667099999"
"Bhopal, Madhya Pradesh, India",2024-03-15T10:00:00,80.6,80.3,53.6,39.34,0,0,,0,0,16.8,6.9,20,1017,0,3.7,522.6,1.9,5,,Clear,clear-day,"VABP,42667099999"
"Bhopal, Madhya Pradesh, India",2024-03-15T11:00:00,83.1,81.6,51.5,33.61,0,0,,0,0,19.2,6.9,20,1014.6,10,3.1,723.9,2.6,7,,Clear,clear-day,"VABP,42667099999,42763099999"
"Bhopal, Madhya Pradesh, India",2024-03-15T12:00:00,86,83.6,50,28.94,0,0,,0,0,19.5,6.9,20,1015,0,3.7,868.2,3.1,9,,Clear,clear-day,"VABP,42667099999"
"Bhopal, Madhya Pradesh, India",2024-03-15T13:00:00,87.8,84.3,41,19.43,0,0,,0,0,16.8,0,0,1014,27.3,3.7,942.2,3.4,9,,Partially cloudy,partly-cloudy-day,"VABP,42667099999"
"Bhopal, Madhya Pradesh, India",2024-03-15T14:00:00,88.7,85.4,45.9,22.76,0,0,,0,0,13.9,4.7,70,1011.1,0,3.1,940.3,3.4,9,,Clear,clear-day,"VABP,42667099999,42763099999"
"Bhopal, Madhya Pradesh, India",2024-03-15T15:00:00,87.8,84.4,42.8,20.82,0,0,,0,0,11,9.2,70,1012,0,3.7,863,3.1,9,,Clear,clear-day,"VABP,42667099999"
"Bhopal, Madhya Pradesh, India",2024-03-15T16:00:00,87.8,84.4,42.8,20.82,0,0,,0,0,9.8,9.2,360,1012,0,3.7,705.5,2.5,7,,Clear,clear-day,"VABP,42667099999"
"Bhopal, Madhya Pradesh, India",2024-03-15T17:00:00,87.8,84.7,46,23.52,0,0,,0,0,9.6,7.9,359,1010.3,18.3,3.3,509.7,1.8,5,,Clear,clear-day,"VABP,42672099999,42667099999,42763099999"
"Bhopal, Madhya Pradesh, India",2024-03-15T18:00:00,84.2,81.7,44.6,25.02,0,0,,0,0,8.7,2.2,20,1013,27.3,3.7,265.9,1,3,,Partially cloudy,partly-cloudy-day,"VABP,42667099999"
"Bhopal, Madhya Pradesh, India",2024-03-15T19:00:00,80.6,79.4,44.6,28.12,0,0,,0,0,7.6,2.2,350,1013,27.3,3.7,63.4,0.2,0,,Partially cloudy,partly-cloudy-night,"VABP,42667099999"
"Bhopal, Madhya Pradesh, India",2024-03-15T20:00:00,79,79,49,34.91,0,0,,0,0,9.2,3.4,345,1013.4,20,3.2,0,0,0,,Clear,clear-night,"VABP,42667099999"
"Bhopal, Madhya Pradesh, India",2024-03-15T21:00:00,75.3,75.3,48.3,38.51,0,0,,0,0,9.4,6.9,360,1015,0,3.7,0,0,0,,Clear,clear-night,42667099999
"Bhopal, Madhya Pradesh, India",2024-03-15T22:00:00,76.6,76.6,54.4,46.3,0,0,,0,0,10.1,4.9,21.3,1013,8.6,,0,0,0,,Clear,clear-night,remote
"Bhopal, Madhya Pradesh, India",2024-03-15T23:00:00,73.2,73.2,50.4,44.66,0,0,,0,0,10.7,5.8,20,1014.1,3.8,3.2,0,0,0,,Clear,clear-night,"VABP,42667099999"
"Bhopal, Madhya Pradesh, India",2024-03-16T00:00:00,73.1,73.1,53.5,50.22,0,0,,0,0,11.2,6.9,32.5,1014,0,,0,0,0,,Clear,clear-night,remote
"Bhopal, Madhya Pradesh, India",2024-03-16T01:00:00,73.1,73.1,53.7,50.56,0,0,,0,0,12.3,6.9,35.8,1014,0,,0,0,0,,Clear,clear-night,remote
"Bhopal, Madhya Pradesh, India",2024-03-16T02:00:00,71.3,71.3,52.8,51.98,0,0,,0,0,12.5,5.8,20,1012.3,0,2.5,0,0,0,,Clear,clear-night,42667099999
"Bhopal, Madhya Pradesh, India",2024-03-16T03:00:00,69.9,69.9,53.1,55.32,0,0,,0,0,12.8,7.6,44.3,1014,0,,0,0,0,,Clear,clear-night,remote
"Bhopal, Madhya Pradesh, India",2024-03-16T04:00:00,67.2,67.2,52.4,59.11,0,0,,0,0,13.2,7.4,49.6,1013,0,,0,0,0,,Clear,clear-night,remote
"Bhopal, Madhya Pradesh, India",2024-03-16T05:00:00,67,67,49.3,52.97,0,0,,0,0,13.6,4.7,50,1014.3,13.9,3.2,0,0,0,,Clear,clear-night,"VABP,42667099999"
"Bhopal, Madhya Pradesh, India",2024-03-16T06:00:00,67.9,67.9,48.1,49.11,0,0,,0,0,13.6,8.1,55.8,1015,6.4,3.7,0,0,0,,Clear,clear-night,VABP
"Bhopal, Madhya Pradesh, India",2024-03-16T07:00:00,69.8,69.8,48.2,46.19,0,0,,0,0,13.6,4.7,60,1016,0,3.7,0,0,0,,Clear,clear-day,"VABP,42667099999"
"Bhopal, Madhya Pradesh, India",2024-03-16T08:00:00,73.4,73.4,48.8,41.89,0,0,,0,0,14.1,10.1,70,1016,0.2,3.2,71.3,0.3,1,,Clear,clear-day,"VABP,42672099999,42667099999,42763099999"
"Bhopal, Madhya Pradesh, India",2024-03-16T09:00:00,77,77,48.2,36.26,0,0,,0,0,17,6.9,50,1018,0,3.7,288.7,1,3,,Clear,clear-day,"VABP,42667099999"
"Bhopal, Madhya Pradesh, India",2024-03-16T10:00:00,82.4,80.4,42.8,24.75,0,0,,0,0,20.8,9.2,30,1018,0,3.7,521.9,1.9,5,,Clear,clear-day,"VABP,42667099999"
"Bhopal, Madhya Pradesh, India",2024-03-16T11:00:00,84.7,82.2,46.2,26.13,0,0,,0,0,22.8,9.2,45,1015.5,0,3.1,721.4,2.6,7,,Clear,clear-day,"VABP,42667099999,42763099999"
"Bhopal, Madhya Pradesh, India",2024-03-16T12:00:00,86,83.2,46.4,25.29,0,0,,0,0,23.3,6.9,10,1016,0,3.7,864.8,3.1,9,,Clear,clear-day,"VABP,42667099999"
"Bhopal, Madhya Pradesh, India",2024-03-16T13:00:00,84.8,83.4,54.6,35.57,0,0,,0,0,21.7,8.5,70,1014,0,,941.4,3.4,9,,Clear,clear-day,remote
"Bhopal, Madhya Pradesh, India",2024-03-16T14:00:00,89.9,86.1,41.5,18.54,0,0,,0,0,19.9,4.7,355,1012.1,30.1,3.1,937.9,3.4,9,,Partially cloudy,partly-cloudy-day,"VABP,42667099999,42763099999"
"Bhopal, Madhya Pradesh, India",2024-03-16T15:00:00,89.6,85.7,37.4,15.95,0,0,,0,0,17.2,5.8,340,1013,0,3.7,874.7,3.1,9,,Clear,clear-day,"VABP,42667099999"
"Bhopal, Madhya Pradesh, India",2024-03-16T16:00:00,89.6,85.7,37.4,15.95,0,0,,0,0,14.8,6.9,330,1013,0,3.7,722.3,2.6,7,,Clear,clear-day,"VABP,42667099999"
"Bhopal, Madhya Pradesh, India",2024-03-16T17:00:00,88.1,84.6,41.9,19.98,0,0,,0,0,12.8,4.6,1,1011.1,10.9,3.2,499.2,1.8,5,,Clear,clear-day,"VABP,42672099999,42667099999,42763099999"
"Bhopal, Madhya Pradesh, India",2024-03-16T18:00:00,84.2,81.5,41,21.79,0,0,,0,0,11.4,4.7,340,1014,0,3.7,280.7,1,3,,Clear,clear-day,"VABP,42667099999"
"Bhopal, Madhya Pradesh, India",2024-03-16T19:00:00,80.6,79.3,42.8,26.25,0,0,,0,0,11.6,4.7,340,1015,0,3.7,63.9,0.2,0,,Clear,clear-night,"VABP,42667099999"
"Bhopal, Madhya Pradesh, India",2024-03-16T20:00:00,78.5,78.5,44.1,29.63,0,0,,0,0,15.2,9.2,360,1013.7,2.7,3.2,0,0,0,,Clear,clear-night,"VABP,42667099999"
"Bhopal, Madhya Pradesh, India",2024-03-16T21:00:00,78.9,78.9,50.4,37.05,0,0,,0,0,17,9.8,27.5,1013,0,,0,0,0,,Clear,clear-night,remote
"Bhopal, Madhya Pradesh, India",2024-03-16T22:00:00,78.7,78.7,49.9,36.53,0,0,,0,0,17.4,10.1,35.6,1014,0.7,,0,0,0,,Clear,clear-night,remote
"Bhopal, Madhya Pradesh, India",2024-03-16T23:00:00,73.4,73.4,43.7,34.51,0,0,,0,0,17.4,6.9,20,1014.8,0,3.2,0,0,0,,Clear,clear-night,"VABP,42667099999"
"Bhopal, Madhya Pradesh, India",2024-03-17T00:00:00,73.8,73.8,47.6,39.33,0,0,,0,0,17,9.6,46.1,1014,0,,0,0,0,,Clear,clear-night,remote
"Bhopal, Madhya Pradesh, India",2024-03-17T01:00:00,73.3,73.3,46.8,38.98,0,0,,0,0,17.2,9.4,48.2,1014,0,,0,0,0,,Clear,clear-night,remote
"Bhopal, Madhya Pradesh, India",2024-03-17T02:00:00,71.7,71.7,49.4,45.25,0,0,,0,0,16.6,8.1,20,1012.7,10,2.5,0,0,0,,Clear,clear-night,42667099999
"Bhopal, Madhya Pradesh, India",2024-03-17T03:00:00,70.8,70.8,47.9,44.21,0,0,,0,0,16.1,8.9,53.2,1013,48.6,,0,0,0,,Partially cloudy,partly-cloudy-night,remote
"Bhopal, Madhya Pradesh, India",2024-03-17T04:00:00,67.7,67.7,45.9,45.56,0,0,,0,0,15.7,8.5,57.3,1013,12.3,,0,0,0,,Clear,clear-night,remote
"Bhopal, Madhya Pradesh, India",2024-03-17T05:00:00,69.5,69.5,41,35.46,0,0,,0,0,14.8,3.4,20,1013.3,8.5,3.2,0,0,0,,Clear,clear-night,"VABP,42667099999"
"Bhopal, Madhya Pradesh, India",2024-03-17T06:00:00,69.2,69.2,46.8,44.86,0,0,,0,0,14.8,7.8,60.5,1014,5.3,,0,0,0,,Clear,clear-night,remote
"Bhopal, Madhya Pradesh, India",2024-03-17T07:00:00,66.3,66.3,42.9,42.61,0,0,,0,0,13.9,5.8,340,1017,0,3.1,0,0,0,,Clear,clear-day,42667099999
"Bhopal, Madhya Pradesh, India",2024-03-17T08:00:00,69.8,69.8,43.5,38.65,0,0,,0,0,13.6,4.6,15,1016.9,30,3.2,72.9,0.3,1,,Partially cloudy,partly-cloudy-day,"VABP,42672099999,42667099999,42763099999"
"Bhopal, Madhya Pradesh, India",2024-03-17T09:00:00,75.3,75.3,42.9,31.38,0,0,,0,0,16.8,5.8,50,1018,0,3.7,286.9,1,3,,Clear,clear-day,42667099999
"Bhopal, Madhya Pradesh, India",2024-03-17T10:00:00,78.9,78.9,37.5,22.59,0,0,,0,0,20.4,11.4,40,1018,0,3.7,516.7,1.9,5,,Clear,clear-day,42667099999
"Bhopal, Madhya Pradesh, India",2024-03-17T11:00:00,81.5,79.9,43.3,25.93,0,0,,0,0,21.7,6.9,45,1015.5,40,3.1,713.4,2.6,7,,Partially cloudy,partly-cloudy-day,"VABP,42667099999,42763099999"
"Bhopal, Madhya Pradesh, India",2024-03-17T12:00:00,84.2,81.9,46.4,26.79,0,0,,0,0,21.9,5.8,40,1016,0,3.7,853.9,3.1,9,,Clear,clear-day,"VABP,42667099999"
"Bhopal, Madhya Pradesh, India",2024-03-17T13:00:00,87.8,84.9,48.2,25.55,0,0,,0,0,20.6,6.9,20,1015,0,3.7,929.6,3.3,9,,Clear,clear-day,"VABP,42667099999"
"Bhopal, Madhya Pradesh, India",2024-03-17T14:00:00,87.9,85.2,50.2,27.39,0,0,,0,0,17.7,9.1,345,1012,39.6,3.1,931.8,3.4,9,,Partially cloudy,partly-cloudy-day,"VABP,42667099999,42763099999"
"Bhopal, Madhya Pradesh, India",2024-03-17T15:00:00,89.6,86.4,48.2,24.14,0,0,,0,0,13,6.9,50,1013,0,3.7,800.5,2.9,8,,Clear,clear-day,"VABP,42667099999"
"Bhopal, Madhya Pradesh, India",2024-03-17T16:00:00,87.8,85.1,50,27.33,0,0,,0,0,9.6,9.2,350,1012,0,3.7,558.6,2,6,,Clear,clear-day,"VABP,42667099999"
"Bhopal, Madhya Pradesh, India",2024-03-17T17:00:00,88.5,86,52.1,28.89,0,0,,0,0,7.6,7.9,345,1010.9,40,3.2,437.3,1.6,4,,Partially cloudy,partly-cloudy-day,"VABP,42672099999,42667099999,42763099999"
"Bhopal, Madhya Pradesh, India",2024-03-17T18:00:00,84.2,82,48.2,28.66,0,0,,0,0,7.2,2.2,10,1013,0,3.7,211.7,0.8,2,,Clear,clear-day,"VABP,42667099999"
"Bhopal, Madhya Pradesh, India",2024-03-17T19:00:00,82.5,81.1,50.1,32.5,0,0,,0,0,6.7,4.7,360,1014,0,3.7,51.7,0.2,0,,Clear,clear-night,42667099999
"Bhopal, Madhya Pradesh, India",2024-03-17T20:00:00,80.8,80.2,51.3,35.9,0,0,,0,0,9.6,8.1,355,1012.6,10,3.2,0,0,0,,Clear,clear-night,"VABP,42667099999"
"Bhopal, Madhya Pradesh, India",2024-03-17T21:00:00,77,77,42.8,29.54,0,0,,0,0,11.2,8.1,10,1015,0,3.7,0,0,0,,Clear,clear-night,"VABP,42667099999"
"Bhopal, Madhya Pradesh, India",2024-03-17T22:00:00,79.6,79.6,55.7,43.82,0,0,,0,0,12.1,7.8,42.5,1013,8.2,,0,0,0,,Clear,clear-night,remote
"Bhopal, Madhya Pradesh, India",2024-03-17T23:00:00,75.4,75.4,42.9,31.25,0,0,,0,0,13.2,6.9,15,1013.8,10,3.2,0,0,0,,Clear,clear-night,"VABP,42667099999"
"Bhopal, Madhya Pradesh, India",2024-03-18T00:00:00,75.8,75.8,50.6,41.27,0,0,,0,0,13.4,8.7,48.1,1013,5.3,,0,0,0,,Clear,clear-night,remote
"Bhopal, Madhya Pradesh, India",2024-03-18T01:00:00,75.3,75.3,49.4,40.09,0,0,,0,0,15.7,8.7,49.8,1013,7.2,,0,0,0,,Clear,clear-night,remote
"Bhopal, Madhya Pradesh, India",2024-03-18T02:00:00,74,74,44.3,34.58,0,0,,0,0,15.4,6.9,20,1010.9,40,2.5,0,0,0,,Partially cloudy,partly-cloudy-night,42667099999
"Bhopal, Madhya Pradesh, India",2024-03-18T03:00:00,72.2,72.2,49,43.84,0,0,,0,0,14.8,7.4,57.9,1012,17.9,,0,0,0,,Clear,clear-night,remote
"Bhopal, Madhya Pradesh, India",2024-03-18T04:00:00,69.7,69.7,45.4,41.71,0,0,,0,0,13,6.9,53.8,1013,17.8,,0,0,0,,Clear,clear-night,remote
"Bhopal, Madhya Pradesh, India",2024-03-18T05:00:00,69.8,69.8,41.5,35.86,0,0,,0,0,11.2,6.9,50,1012.3,40,3.2,0,0,0,,Partially cloudy,partly-cloudy-night,"VABP,42667099999"
"Bhopal, Madhya Pradesh, India",2024-03-18T06:00:00,68,68,42.8,40.03,0,0,,0,0,9.6,3.4,350,1014,27.3,3.7,0,0,0,,Partially cloudy,partly-cloudy-night,"VABP,42667099999"
"Bhopal, Madhya Pradesh, India",2024-03-18T07:00:00,68,68,44.6,42.88,0,0,,0,0,9.2,2.2,280,1015,50,3.7,0,0,0,,Partially cloudy,partly-cloudy-day,"VABP,42667099999"
"Bhopal, Madhya Pradesh, India",2024-03-18T08:00:00,71.8,71.8,46.3,40.1,0,0,,0,0,11.2,6.8,341,1014.1,54.4,3.1,74.2,0.3,1,,Partially cloudy,partly-cloudy-day,"VABP,42672099999,42667099999,42763099999"
"Bhopal, Madhya Pradesh, India",2024-03-18T09:00:00,70.1,70.1,49.2,47.49,0,0,,0,0,13.9,7.8,53.9,1015,0.3,,285.2,1,3,,Clear,clear-day,remote
"Bhopal, Madhya Pradesh, India",2024-03-18T10:00:00,70.2,70.2,51.3,51.14,0,0,,0,0,15.2,8.3,57.1,1015,7.6,,514.5,1.9,5,,Clear,clear-day,remote
"Bhopal, Madhya Pradesh, India",2024-03-18T11:00:00,83.8,82.3,52.8,34.44,0,0,,0,0,15.7,9.1,341,1014.1,40,3.1,713.3,2.6,7,,Partially cloudy,partly-cloudy-day,"VABP,42667099999,42763099999"
"Bhopal, Madhya Pradesh, India",2024-03-18T12:00:00,84.1,83.9,59.3,43.09,0,0,,0,0,15.2,7.2,64.1,1014,5.1,,841.4,3,8,,Clear,clear-day,remote
"Bhopal, Madhya Pradesh, India",2024-03-18T13:00:00,84.3,84.2,59.6,43.4,0,0,,0,0,17,5.6,66.1,1013,4.5,,850.6,3.1,9,,Clear,clear-day,remote
"Bhopal, Madhya Pradesh, India",2024-03-18T14:00:00,87.9,85.2,50.1,27.37,0,0,,0,0,14.8,3.3,14,1010.9,10,3.1,826.8,3,8,,Clear,clear-day,"VABP,42667099999,42763099999"
"Bhopal, Madhya Pradesh, India",2024-03-18T15:00:00,89.6,86.7,50,25.82,0,0,,0,0,11.4,2.2,330,1011,27.3,3.7,831.5,3,8,,Partially cloudy,partly-cloudy-day,"VABP,42667099999"
"Bhopal, Madhya Pradesh, India",2024-03-18T16:00:00,87.8,84.9,48.2,25.55,0,0,,0,0,11,4.7,320,1011,27.3,3.7,601.5,2.2,6,,Partially cloudy,partly-cloudy-day,"VABP,42667099999"
"Bhopal, Madhya Pradesh, India",2024-03-18T17:00:00,88.7,86,50.9,27.49,0,0,,0,0,12.5,5.7,325,1008.9,18.1,3.2,446.6,1.6,4,,Clear,clear-day,"VABP,42672099999,42667099999,42763099999"
"Bhopal, Madhya Pradesh, India",2024-03-18T18:00:00,86,83.4,48.2,27.06,0,0,,0,0,13.2,5.8,340,1011,0,3.7,259.9,0.9,3,,Clear,clear-day,"VABP,42667099999"
"Bhopal, Madhya Pradesh, India",2024-03-18T19:00:00,82.4,80.8,48.2,30.38,0,0,,0,0,12.8,8.1,340,1012,0,3.7,63.4,0.2,0,,Clear,clear-night,"VABP,42667099999"
"Bhopal, Madhya Pradesh, India",2024-03-18T20:00:00,79.3,79.3,49.7,35.5,0,0,,0,0,11.9,6.9,360,1012.2,18,3.2,0,0,0,,Clear,clear-night,"VABP,42667099999"
"Bhopal, Madhya Pradesh, India",2024-03-18T21:00:00,77,77,42.8,29.54,0,0,,0,0,12.1,5.8,360,1014,27.3,3.7,0,0,0,,Partially cloudy,partly-cloudy-night,"VABP,42667099999"
"Bhopal, Madhya Pradesh, India",2024-03-18T22:00:00,79.8,79.8,49.7,35.02,0,0,,0,0,11.6,4.9,27.6,1012,4.4,,0,0,0,,Clear,clear-night,remote
"Bhopal, Madhya Pradesh, India",2024-03-18T23:00:00,71.7,71.7,44.6,37.82,0,0,,0,0,11,8.1,320,1013.7,45.4,3.2,0,0,0,,Partially cloudy,partly-cloudy-night,"VABP,42667099999"
"Bhopal, Madhya Pradesh, India",2024-03-19T00:00:00,74.2,74.2,48.6,40.47,0,0,,0,0,10.7,6,5.4,1013,5.9,,0,0,0,,Clear,clear-night,remote
"Bhopal, Madhya Pradesh, India",2024-03-19T01:00:00,72.4,72.4,49.4,44.16,0,0,,0,0,11.2,6.5,7.1,1013,6.4,,0,0,0,,Clear,clear-night,remote
"Bhopal, Madhya Pradesh, India",2024-03-19T02:00:00,70.1,70.1,48.3,45.92,0,0,,0,0,11.6,6.9,320,1011.3,40,2.5,0,0,0,,Partially cloudy,partly-cloudy-night,42667099999
"Bhopal, Madhya Pradesh, India",2024-03-19T03:00:00,70.1,70.1,48.3,45.92,0,0,,0,0,12.1,7.2,20.2,1012,9.8,,0,0,0,,Clear,clear-night,remote
"Bhopal, Madhya Pradesh, India",2024-03-19T04:00:00,66.8,66.8,48.8,52.37,0,0,,0,0,13,8.5,33,1013,6.5,,0,0,0,,Clear,clear-night,remote
"Bhopal, Madhya Pradesh, India",2024-03-19T05:00:00,66.2,66.2,43.3,43.49,0,0,,0,0,13.2,4.7,360,1013.3,45.4,3.2,0,0,0,,Partially cloudy,partly-cloudy-night,"VABP,42667099999"
"Bhopal, Madhya Pradesh, India",2024-03-19T06:00:00,66.2,66.2,41,39.74,0,0,,0,0,13,4.7,340,1015,0,3.7,0,0,0,,Clear,clear-night,"VABP,42667099999"
"Bhopal, Madhya Pradesh, India",2024-03-19T07:00:00,68,68,41,37.35,0,0,,0,0,12.1,3.4,360,1016,0,3.7,0,0,0,,Clear,clear-day,"VABP,42667099999"
"Bhopal, Madhya Pradesh, India",2024-03-19T08:00:00,72.1,72.1,42.1,33.96,0,0,,0,0,11.9,5.7,341,1015.7,30,3.2,78.9,0.3,1,,Partially cloudy,partly-cloudy-day,"VABP,42672099999,42667099999,42763099999"
"Bhopal, Madhya Pradesh, India",2024-03-19T09:00:00,77,77,42.8,29.54,0,0,,0,0,13.6,6.9,350,1017,0,3.7,297.9,1.1,3,,Clear,clear-day,"VABP,42667099999"
"Bhopal, Madhya Pradesh, India",2024-03-19T10:00:00,80.6,79.4,44.6,28.12,0,0,,0,0,15,5.8,30,1017,0,3.7,532.2,1.9,5,,Clear,clear-day,"VABP,42667099999"
"Bhopal, Madhya Pradesh, India",2024-03-19T11:00:00,83,80.5,36.4,18.97,0,0,,0,0,16.1,5.8,45,1015.1,0,3.1,733.6,2.6,7,,Clear,clear-day,"VABP,42667099999,42763099999"
"Bhopal, Madhya Pradesh, India",2024-03-19T12:00:00,86,82.6,28.4,12.46,0,0,,0,0,16.8,5.8,360,1015,0,3.7,880.7,3.2,9,,Clear,clear-day,"VABP,42667099999"
"Bhopal, Madhya Pradesh, India",2024-03-19T13:00:00,87.8,84.1,30.2,12.66,0,0,,0,0,18.1,3.4,300,1014,0,3.7,957,3.4,10,,Clear,clear-day,"VABP,42667099999"
"Bhopal, Madhya Pradesh, India",2024-03-19T14:00:00,87.7,84,24.4,10,0,0,,0,0,19.7,9.1,319,1010.9,10,3.1,950.6,3.4,10,,Clear,clear-day,"VABP,42667099999,42763099999"
"Bhopal, Madhya Pradesh, India",2024-03-19T15:00:00,89.6,85.6,21.2,8.23,0,0,,0,0,20.4,13.9,280,1012,0,3.7,877.4,3.2,9,,Clear,clear-day,"VABP,42667099999"
"Bhopal, Madhya Pradesh, India",2024-03-19T16:00:00,89.6,85.6,19.4,7.63,0,0,,0,0,21,10.3,340,1012,0,3.7,741.8,2.7,7,,Clear,clear-day,"VABP,42667099999"
"Bhopal, Madhya Pradesh, India",2024-03-19T17:00:00,88.1,84.3,24.8,10.04,0,0,,0,0,21,9,291,1010,86.4,3.2,523.8,1.9,5,,Partially cloudy,partly-cloudy-day,"VABP,42672099999,42667099999,42763099999"
"Bhopal, Madhya Pradesh, India",2024-03-19T18:00:00,82.4,79.9,24.8,12.05,0,0,,0,0,19.5,4.7,300,1013,0,3.7,288.5,1,3,,Clear,clear-day,"VABP,42667099999"
"Bhopal, Madhya Pradesh, India",2024-03-19T19:00:00,86.6,83.6,44.9,23.39,0,0,,0,0,14.3,6.7,346.3,1010,2.7,,69.7,0.3,0,,Clear,clear-night,remote
"Bhopal, Madhya Pradesh, India",2024-03-19T20:00:00,75.4,75.4,26.6,16.32,0,0,,0,0,8.9,3.4,275,1012.8,0.7,3.2,0,0,0,,Clear,clear-night,"VABP,42667099999"
"Bhopal, Madhya Pradesh, India",2024-03-19T21:00:00,75.2,75.2,28.4,17.72,0,0,,0,0,9.4,3.4,290,1014,0,3.7,0,0,0,,Clear,clear-night,"VABP,42667099999"
"Bhopal, Madhya Pradesh, India",2024-03-19T22:00:00,74.6,74.6,42.5,31.7,0,0,,0,0,9.8,6.3,335,1013,0,,0,0,0,,Clear,clear-night,remote
"Bhopal, Madhya Pradesh, India",2024-03-19T23:00:00,71.6,71.6,39.3,30.9,0,0,,0,0,10.3,4.7,320,1014.3,0,3.2,0,0,0,,Clear,clear-night,"VABP,42667099999"
"Bhopal, Madhya Pradesh, India",2024-03-20T00:00:00,71.1,71.1,42.5,35.58,0,0,,0,0,10.3,5.1,352.7,1014,0,,0,0,0,,Clear,clear-night,remote
"Bhopal, Madhya Pradesh, India",2024-03-20T01:00:00,69.5,69.5,42.9,38.12,0,0,,0,0,8.5,5.1,10.3,1014,0,,0,0,0,,Clear,clear-night,remote
"Bhopal, Madhya Pradesh, India",2024-03-20T02:00:00,69.2,69.2,37.7,31.51,0,0,,0,0,8.1,4.7,320,1012.7,0,2.5,0,0,0,,Clear,clear-night,42667099999
"Bhopal, Madhya Pradesh, India",2024-03-20T03:00:00,68.1,68.1,43.1,40.32,0,0,,0,0,8.3,5.4,46.8,1013,0,,0,0,0,,Clear,clear-night,remote
"Bhopal, Madhya Pradesh, India",2024-03-20T04:00:00,64.7,64.7,43.4,46.03,0,0,,0,0,8.3,5.4,55.6,1012,1.3,,0,0,0,,Clear,clear-night,remote
"Bhopal, Madhya Pradesh, India",2024-03-20T05:00:00,66.9,66.9,40.6,38.27,0,0,,0,0,8.1,0,0,1013.1,0.2,3.2,0,0,0,,Clear,clear-night,"VABP,42667099999"
"Bhopal, Madhya Pradesh, India",2024-03-20T06:00:00,64.4,64.4,37.4,36.77,0,0,,0,0,7.8,3.4,120,1014,0,3.7,0,0,0,,Clear,clear-night,"VABP,42667099999"
"Bhopal, Madhya Pradesh, India",2024-03-20T07:00:00,69.8,69.8,44.6,40.32,0,0,,0,0,7.2,0,0,1015,0,3.7,0.1,0,0,,Clear,clear-day,"VABP,42667099999"
"Bhopal, Madhya Pradesh, India",2024-03-20T08:00:00,77.1,77.1,45.2,32.31,0,0,,0,0,6,3.3,110,1014.5,10,3.2,83.9,0.3,1,,Clear,clear-day,"VABP,42672099999,42667099999,42763099999"
"Bhopal, Madhya Pradesh, India",2024-03-20T09:00:00,82.4,80.3,41,23.1,0,0,,0,0,7.6,6.9,100,1016,0,3.7,308.9,1.1,3,,Clear,clear-day,"VABP,42667099999"
"Bhopal, Madhya Pradesh, India",2024-03-20T10:00:00,73.8,73.8,48.5,40.68,0,0,,0,0,10.1,4.3,186.5,1015,2.2,,545.8,2,5,,Clear,clear-day,remote
"Bhopal, Madhya Pradesh, India",2024-03-20T11:00:00,88.6,84.8,34.2,14.5,0,0,,0,0,12.3,3.3,90,1014,10,3.1,747.6,2.7,7,,Clear,clear-day,"VABP,42667099999,42763099999"
"Bhopal, Madhya Pradesh, India",2024-03-20T12:00:00,89.6,85.6,28.4,11.11,0,0,,0,0,14.3,11.4,280,1015,27.3,3.7,897.7,3.2,9,,Partially cloudy,partly-cloudy-day,"VABP,42667099999"
"Bhopal, Madhya Pradesh, India",2024-03-20T13:00:00,91.4,87.1,26.6,9.76,0,0,,0,0,18.3,9.2,260,1014,27.3,3.7,910,3.3,9,,Partially cloudy,partly-cloudy-day,"VABP,42667099999"
"Bhopal, Madhya Pradesh, India",2024-03-20T14:00:00,90.3,86.1,27.7,10.57,0,0,,0,0,20.1,9.1,220,1010.8,18.2,3.1,956.2,3.4,10,,Clear,clear-day,"VABP,42667099999,42763099999"
"Bhopal, Madhya Pradesh, India",2024-03-20T15:00:00,91.5,87.6,42.7,18.48,0,0,,0,0,21,9.2,314.3,1011,11,,853.1,3.1,9,,Clear,clear-day,remote
"Bhopal, Madhya Pradesh, India",2024-03-20T16:00:00,89.9,86.5,46.1,22.14,0,0,,0,0,21.3,10.3,322.8,1010,12.9,,721.9,2.6,7,,Clear,clear-day,remote
"Bhopal, Madhya Pradesh, India",2024-03-20T17:00:00,89.9,85.8,27.8,10.77,0,0,,0,0,21.3,10.1,290,1009,0.2,3.2,509.2,1.8,5,,Clear,clear-day,"VABP,42672099999,42667099999,42763099999"
"Bhopal, Madhya Pradesh, India",2024-03-20T18:00:00,84.2,81.2,24.8,11.37,0,0,,0,0,20.1,5.8,320,1012,0,3.7,242.6,0.9,2,,Clear,clear-day,"VABP,42667099999"
"Bhopal, Madhya Pradesh, India",2024-03-20T19:00:00,82.4,79.9,24.8,12.05,0,0,,0,0,15,4.7,320,1013,0,3.7,67.8,0.2,0,,Clear,clear-night,"VABP,42667099999"
"Bhopal, Madhya Pradesh, India",2024-03-20T20:00:00,80,78.3,25.4,13.37,0,0,,0,0,12.1,5.8,340,1012.6,0,3.2,0,0,0,,Clear,clear-night,"VABP,42667099999"
"Bhopal, Madhya Pradesh, India",2024-03-20T21:00:00,77,77,26.6,15.5,0,0,,0,0,10.7,5.8,330,1015,0,3.7,0,0,0,,Clear,clear-night,"VABP,42667099999"
"Bhopal, Madhya Pradesh, India",2024-03-20T22:00:00,77.3,77.3,44.5,31.26,0,0,,0,0,10.3,6.9,9.8,1013,0,,0,0,0,,Clear,clear-night,remote
"Bhopal, Madhya Pradesh, India",2024-03-20T23:00:00,73.4,73.4,38.9,28.65,0,0,,0,0,9.6,5.8,360,1013.8,0,3.2,0,0,0,,Clear,clear-night,"VABP,42667099999"
"Bhopal, Madhya Pradesh, India",2024-03-21T00:00:00,70.1,70.1,46.7,43.21,0,0,,0,0,8.9,6.5,23.5,1013,0,,0,0,0,,Clear,clear-night,remote
"Bhopal, Madhya Pradesh, India",2024-03-21T01:00:00,69.3,69.3,46.8,44.59,0,0,,0,0,11,5.6,37.2,1013,0,,0,0,0,,Clear,clear-night,remote
"Bhopal, Madhya Pradesh, India",2024-03-21T02:00:00,71.7,71.7,49.4,45.25,0,0,,0,0,8.9,5.8,340,1011.2,0,2.5,0,0,0,,Clear,clear-night,42667099999
"Bhopal, Madhya Pradesh, India",2024-03-21T03:00:00,68.3,68.3,47.2,46.9,0,0,,0,0,8.1,4.9,48.7,1012,0,,0,0,0,,Clear,clear-night,remote
"Bhopal, Madhya Pradesh, India",2024-03-21T04:00:00,64.5,64.5,47.2,53.46,0,0,,0,0,7.8,4.9,50.1,1012,75,,0,0,0,,Partially cloudy,partly-cloudy-night,remote
"Bhopal, Madhya Pradesh, India",2024-03-21T05:00:00,67.8,67.8,43.5,41.37,0,0,,0,0,7.6,3.4,340,1012.9,99.3,3.2,0,0,0,,Overcast,cloudy,"VABP,42667099999"
"Bhopal, Madhya Pradesh, India",2024-03-21T06:00:00,66.2,66.2,39.2,37.06,0,0,,0,0,8.1,3.4,30,1014,0,3.1,0,0,0,,Clear,clear-night,"VABP,42667099999"
"Bhopal, Madhya Pradesh, India",2024-03-21T07:00:00,65.2,65.2,48.6,55.03,0,0,,0,0,8.1,4.9,56.1,1013,28.1,,0.1,0,0,,Partially cloudy,partly-cloudy-day,remote
"Bhopal, Madhya Pradesh, India",2024-03-21T08:00:00,73.8,73.8,45.6,36.57,0,0,,0,0,7.8,6.8,321,1014.5,10,3.2,76.9,0.3,1,,Clear,clear-day,"VABP,42672099999,42667099999,42763099999"
"Bhopal, Madhya Pradesh, India",2024-03-21T09:00:00,78.8,78.8,42.8,27.84,0,0,,0,0,9.4,3.4,360,1016,0,3.7,284.7,1,3,,Clear,clear-day,"VABP,42667099999"
"Bhopal, Madhya Pradesh, India",2024-03-21T10:00:00,82.4,80.4,42.8,24.75,0,0,,0,0,12.1,5.8,60,1016,0,3.7,547.2,2,5,,Clear,clear-day,"VABP,42667099999"
"Bhopal, Madhya Pradesh, India",2024-03-21T11:00:00,87.5,83.9,38.4,17.72,0,0,,0,0,13.6,4.7,85,1013,30,3.1,753.4,2.7,8,,Partially cloudy,partly-cloudy-day,"VABP,42667099999,42763099999"
"Bhopal, Madhya Pradesh, India",2024-03-21T12:00:00,87.8,84.1,35.6,15.72,0,0,,0,0,13.9,3.4,30,1014,0,3.7,897.8,3.2,9,,Clear,clear-day,"VABP,42667099999"
"Bhopal, Madhya Pradesh, India",2024-03-21T13:00:00,91.4,87.1,30.2,11.31,0,0,,0,0,12.1,3.4,360,1013,0,3.7,971,3.5,10,,Clear,clear-day,"VABP,42667099999"
"Bhopal, Madhya Pradesh, India",2024-03-21T14:00:00,92.6,88.2,35.1,13.25,0,0,,0,0,10.1,2.2,20,1009.8,50.1,3.1,967.5,3.5,10,,Partially cloudy,partly-cloudy-day,"VABP,42667099999,42763099999"
"Bhopal, Madhya Pradesh, India",2024-03-21T15:00:00,91.4,87.1,26.6,9.76,0,0,,0,0,11.2,8.1,230,1011,0,3.7,871.9,3.1,9,,Clear,clear-day,"VABP,42667099999"
"Bhopal, Madhya Pradesh, India",2024-03-21T16:00:00,91.4,87.1,24.8,9.05,0,0,,0,0,11.6,6.9,260,1011,0,3.7,702.2,2.5,7,,Clear,clear-day,"VABP,42667099999"
"Bhopal, Madhya Pradesh, India",2024-03-21T17:00:00,91.7,87.3,28.8,10.61,0,0,,0,0,11.6,7.9,290,1008.8,30.4,3.2,505.1,1.8,5,,Partially cloudy,partly-cloudy-day,"VABP,42672099999,42667099999,42763099999"
"Bhopal, Madhya Pradesh, India",2024-03-21T18:00:00,84.2,81.2,26.6,12.26,0,0,,0,0,10.1,3.4,290,1012,0,3.7,279.8,1,3,,Clear,clear-day,"VABP,42667099999"
"Bhopal, Madhya Pradesh, India",2024-03-21T19:00:00,82.4,79.9,24.8,12.05,0,0,,0,0,7.4,3.4,300,1012,0,3.7,67.4,0.2,0,,Clear,clear-night,"VABP,42667099999"
"Bhopal, Madhya Pradesh, India",2024-03-21T20:00:00,78.8,78.8,34.7,20.27,0,0,,0,0,8.3,5.8,295,1011.5,30,3.2,0,0,0,,Partially cloudy,partly-cloudy-night,"VABP,42667099999"
"Bhopal, Madhya Pradesh, India",2024-03-21T21:00:00,77,77,28.4,16.69,0,0,,0,0,8.5,2.2,290,1013,0,3.7,0,0,0,,Clear,clear-night,"VABP,42667099999"
"Bhopal, Madhya Pradesh, India",2024-03-21T22:00:00,75.8,75.8,50.3,40.72,0,0,,0,0,8.3,6,53,1011,81.9,,0,0,0,,Partially cloudy,partly-cloudy-night,remote
"Bhopal, Madhya Pradesh, India",2024-03-21T23:00:00,74.9,74.9,38.5,26.88,0,0,,0,0,8.1,6.9,355,1011.9,33.9,3.2,0,0,0,,Partially cloudy,partly-cloudy-night,"VABP,42667099999"
"Bhopal, Madhya Pradesh, India",2024-03-22T00:00:00,72.4,72.4,49.9,45.06,0,0,,0,0,8.7,5.4,42.9,1011,31,,0,0,0,,Partially cloudy,partly-cloudy-night,remote
"Bhopal, Madhya Pradesh, India",2024-03-22T01:00:00,73.3,73.3,47.9,40.6,0,0,,0,0,9.2,5.6,45.6,1011,40.1,,0,0,0,,Partially cloudy,partly-cloudy-night,remote
"Bhopal, Madhya Pradesh, India",2024-03-22T02:00:00,71,71,44,37.82,0,0,,0,0,10.5,3.4,360,1009.9,40,2.5,0,0,0,,Partially cloudy,partly-cloudy-night,42667099999
"Bhopal, Madhya Pradesh, India",2024-03-22T03:00:00,70.4,70.4,45.4,40.7,0,0,,0,0,10.7,6.5,61.8,1011,3.3,,0,0,0,,Clear,clear-night,remote
"Bhopal, Madhya Pradesh, India",2024-03-22T04:00:00,66.8,66.8,48.1,50.98,0,0,,0,0,10.5,6.3,73,1011,3.7,,0,0,0,,Clear,clear-night,remote
"Bhopal, Madhya Pradesh, India",2024-03-22T05:00:00,67.4,67.4,49.4,52.45,0,0,,0,0,10.3,3.4,20,1010.3,10,2.5,0,0,0,,Clear,clear-night,42667099999
"Bhopal, Madhya Pradesh, India",2024-03-22T06:00:00,68,68,46.4,45.91,0,0,,0,0,10.5,2.2,50,1012,0,3.7,0,0,0,,Clear,clear-night,"VABP,42667099999"
"Bhopal, Madhya Pradesh, India",2024-03-22T07:00:00,71.6,71.6,48.2,43.45,0,0,,0,0,11,4.7,40,1013,27.3,3.7,0.2,0,0,,Partially cloudy,partly-cloudy-day,"VABP,42667099999"
"Bhopal, Madhya Pradesh, India",2024-03-22T08:00:00,75.1,75.1,50.9,42.75,0,0,,0,0,13.4,5.7,55,1012,0,3.2,87.6,0.3,1,,Clear,clear-day,"VABP,42672099999,42667099999,42763099999"
"Bhopal, Madhya Pradesh, India",2024-03-22T09:00:00,78.8,78.8,50,36.54,0,0,,0,0,16.3,8.1,90,1014,0,3.7,310.3,1.1,3,,Clear,clear-day,"VABP,42667099999"
"Bhopal, Madhya Pradesh, India",2024-03-22T10:00:00,84.2,81.9,46.4,26.79,0,0,,0,0,17,6.9,80,1014,0,3.7,545.1,2,5,,Clear,clear-day,"VABP,42667099999"
"Bhopal, Madhya Pradesh, India",2024-03-22T11:00:00,88.3,84.8,42.6,20.34,0,0,,0,0,17,6.9,95,1011.1,0,3.1,745.7,2.7,7,,Clear,clear-day,"VABP,42667099999,42763099999"
"Bhopal, Madhya Pradesh, India",2024-03-22T12:00:00,91.4,87.2,35.6,14.04,0,0,,0,0,16.6,2.2,130,1012,0,3.7,889.1,3.2,9,,Clear,clear-day,"VABP,42667099999"
"Bhopal, Madhya Pradesh, India",2024-03-22T13:00:00,90.2,87.3,50.1,25.4,0,0,,0,0,11.9,1.1,114,1010,18.1,,963.4,3.5,10,,Clear,clear-day,remote
"Bhopal, Madhya Pradesh, India",2024-03-22T14:00:00,93.3,88.7,31,10.99,0,0,,0,0,9.4,1.1,200,1007,50,3.1,956.3,3.4,10,,Partially cloudy,partly-cloudy-day,"VABP,42667099999,42763099999"
"Bhopal, Madhya Pradesh, India",2024-03-22T15:00:00,95,90.2,30.2,10.11,0,0,,0,0,10.3,4.7,310,1009,50.5,3.7,868.5,3.1,9,,Partially cloudy,partly-cloudy-day,"VABP,42667099999"
"Bhopal, Madhya Pradesh, India",2024-03-22T16:00:00,95,90.1,26.6,8.72,0,0,,0,0,10.5,8.1,260,1008,0,3.7,720,2.6,7,,Clear,clear-day,"VABP,42667099999"
"Bhopal, Madhya Pradesh, India",2024-03-22T17:00:00,93.7,89.1,27.8,9.53,0,0,,0,0,10.3,6.8,229,1006,30,3.2,522.5,1.9,5,,Partially cloudy,partly-cloudy-day,"VABP,42672099999,42667099999,42763099999"
"Bhopal, Madhya Pradesh, India",2024-03-22T18:00:00,86,82.6,28.4,12.46,0,0,,0,0,8.7,4.7,260,1009,0,3.7,286.9,1,3,,Clear,clear-day,"VABP,42667099999"
"Bhopal, Madhya Pradesh, India",2024-03-22T19:00:00,82.4,79.9,26.6,12.99,0,0,,0,0,4.5,0,0,1010,0,3.7,70.3,0.3,0,,Clear,clear-night,"VABP,42667099999"
"Bhopal, Madhya Pradesh, India",2024-03-22T20:00:00,80.4,78.7,31.4,16.88,0,0,,0,0,4.7,0,0,1008.5,0,3.2,0,0,0,,Clear,clear-night,"VABP,42667099999"
"Bhopal, Madhya Pradesh, India",2024-03-22T21:00:00,78.8,78.8,32,18.21,0,0,,0,0,5.1,2.2,330,1011,0,3.7,0,0,0,,Clear,clear-night,"VABP,42667099999"
"Bhopal, Madhya Pradesh, India",2024-03-22T22:00:00,79.2,79.2,52.4,39.39,0,0,,0,0,6.3,4,148.5,1009,0,,0,0,0,,Clear,clear-night,remote
"Bhopal, Madhya Pradesh, India",2024-03-22T23:00:00,75.4,75.4,46.6,36.01,0,0,,0,0,7.4,3.4,90,1009.5,0,3.2,0,0,0,,Clear,clear-night,"VABP,42667099999"
"Bhopal, Madhya Pradesh, India",2024-03-23T00:00:00,75.1,75.1,52.4,45.17,0,0,,0,0,8.1,6,177.4,1009,0,,0,0,0,,Clear,clear-night,remote
"Bhopal, Madhya Pradesh, India",2024-03-23T01:00:00,74.2,74.2,52.4,46.55,0,0,,0,0,8.5,6.5,191.6,1008,0,,0,0,0,,Clear,clear-night,remote
"Bhopal, Madhya Pradesh, India",2024-03-23T02:00:00,74,74,47,38.31,0,0,,0,0,8.5,0,223.7,1006.9,0,2.5,0,0,0,,Clear,clear-night,42667099999
"Bhopal, Madhya Pradesh, India",2024-03-23T03:00:00,71.5,71.5,52.6,51.33,0,0,,0,0,8.1,5.1,257.9,1008,0,,0,0,0,,Clear,clear-night,remote
"Bhopal, Madhya Pradesh, India",2024-03-23T04:00:00,67.6,67.6,49.2,51.78,0,0,,0,0,8.3,6,286.3,1008,0,,0,0,0,,Clear,clear-night,remote
"Bhopal, Madhya Pradesh, India",2024-03-23T05:00:00,66.3,66.3,35.8,32.4,0,0,,0,0,9.8,0,0,1009.2,0,3.2,0,0,0,,Clear,clear-night,"VABP,42667099999"
"Bhopal, Madhya Pradesh, India",2024-03-23T06:00:00,66.2,66.2,35.6,32.17,0,0,,0,0,10.1,0,0,1011,0,3.7,0,0,0,,Clear,clear-night,"VABP,42667099999"
"Bhopal, Madhya Pradesh, India",2024-03-23T07:00:00,71.6,71.6,33.8,24.89,0,0,,0,0,9.8,0,0,1012,0,3.7,0.4,0,0,,Clear,clear-day,"VABP,42667099999"
"Bhopal, Madhya Pradesh, India",2024-03-23T08:00:00,78.4,78.4,41.1,26.41,0,0,,0,0,9.8,2.2,185,1010.9,0,3.2,91.4,0.3,1,,Clear,clear-day,"VABP,42672099999,42667099999,42763099999"
"Bhopal, Madhya Pradesh, India",2024-03-23T09:00:00,86,82.7,37.4,17.88,0,0,,0,0,11,5.8,270,1013,0,3.7,316.1,1.1,3,,Clear,clear-day,"VABP,42667099999"
"Bhopal, Madhya Pradesh, India",2024-03-23T10:00:00,89.6,85.7,37.4,15.95,0,0,,0,0,10.7,4.7,170,1013,0,3.7,551.6,2,6,,Clear,clear-day,"VABP,42667099999"
"Bhopal, Madhya Pradesh, India",2024-03-23T11:00:00,91.6,87.5,39.3,16.14,0,0,,0,0,10.1,4.7,140,1010,0,3.1,752.1,2.7,8,,Clear,clear-day,"VABP,42667099999,42763099999"
"Bhopal, Madhya Pradesh, India",2024-03-23T12:00:00,95,90.2,28.4,9.4,0,0,,0,0,9.6,8.1,120,1011,0,3.7,895.3,3.2,9,,Clear,clear-day,"VABP,42667099999"
"Bhopal, Madhya Pradesh, India",2024-03-23T13:00:00,92.6,89.2,48.5,22.22,0,0,,0,0,9.4,1.8,229,1009,0,,968.2,3.5,10,,Clear,clear-day,remote
"Bhopal, Madhya Pradesh, India",2024-03-23T14:00:00,98.6,93.5,32.7,10.03,0,0,,0,0,11.2,2.2,200,1006.9,0,3.1,963.6,3.5,10,,Clear,clear-day,"VABP,42667099999,42763099999"
"Bhopal, Madhya Pradesh, India",2024-03-23T15:00:00,96.8,91.6,23,7.11,0,0,,0,0,12.1,2.2,130,1009,0,3.7,883.1,3.2,9,,Clear,clear-day,"VABP,42667099999"
"Bhopal, Madhya Pradesh, India",2024-03-23T16:00:00,95.3,91.8,47.9,20.03,0,0,,0,0,12.3,4,289.1,1006,0,,733,2.6,7,,Clear,clear-day,remote
"Bhopal, Madhya Pradesh, India",2024-03-23T17:00:00,96.1,91.2,30.5,9.88,0,0,,0,0,12.3,6.8,200,1006.4,0,3.2,527.3,1.9,5,,Clear,clear-day,"VABP,42672099999,42667099999,42763099999"
"Bhopal, Madhya Pradesh, India",2024-03-23T18:00:00,95.4,92.3,49.5,21.17,0,0,,0,0,11.9,3.1,322.1,1006,0,,289.9,1,3,,Clear,clear-day,remote
"Bhopal, Madhya Pradesh, India",2024-03-23T19:00:00,86,82.6,24.8,10.74,0,0,,0,0,8.1,4.7,240,1010,0,3.7,72,0.3,0,,Clear,clear-night,"VABP,42667099999"
"Bhopal, Madhya Pradesh, India",2024-03-23T20:00:00,84.2,81.2,28.4,13.2,0,0,,0,0,8.3,2.2,225,1008.6,87.3,3.2,0,0,0,,Partially cloudy,partly-cloudy-night,"VABP,42667099999"
"Bhopal, Madhya Pradesh, India",2024-03-23T21:00:00,81.2,80.3,50.8,34.78,0,0,,0,0,8.5,5.8,342.1,1008,87,,0,0,0,,Partially cloudy,partly-cloudy-night,remote
"Bhopal, Madhya Pradesh, India",2024-03-23T22:00:00,80.9,80.1,50.1,34.26,0,0,,0,0,8.7,5.8,357.6,1009,99.3,,0,0,0,,Overcast,cloudy,remote
"Bhopal, Madhya Pradesh, India",2024-03-23T23:00:00,77,77,39.2,25.7,0,0,,0,0,7.8,0,0,1010.6,100,3.2,0,0,0,,Overcast,cloudy,"VABP,42667099999"
"Bhopal, Madhya Pradesh, India",2024-03-24T00:00:00,78.3,78.3,48.1,34.56,0,0,,0,0,6.9,4.9,42.5,1010,100,,0,0,0,,Overcast,cloudy,remote
"Bhopal, Madhya Pradesh, India",2024-03-24T01:00:00,78.5,78.5,47.2,33.21,0,0,,0,0,6,2.2,8.7,1010,100,,0,0,0,,Overcast,cloudy,remote
"Bhopal, Madhya Pradesh, India",2024-03-24T02:00:00,75,75,41,29.43,0,0,,0,0,5.6,0,0,1009.7,100,3.2,0,0,0,,Overcast,cloudy,"VABP,42667099999"
"Bhopal, Madhya Pradesh, India",2024-03-24T03:00:00,74,74,47.9,39.63,0,0,,0,0,7.6,4.3,293.9,1009,100,,0,0,0,,Overcast,cloudy,remote
"Bhopal, Madhya Pradesh, India",2024-03-24T04:00:00,70.4,70.4,47.7,44.45,0,0,,0,0,8.3,4.7,309,1009,99.1,,0,0,0,,Overcast,cloudy,remote
"Bhopal, Madhya Pradesh, India",2024-03-24T05:00:00,72.6,72.6,39.9,30.6,0,0,,0,0,8.5,2.2,275,1010.1,30,3.2,0,0,0,,Partially cloudy,partly-cloudy-night,"VABP,42667099999"
"Bhopal, Madhya Pradesh, India",2024-03-24T06:00:00,71.6,71.6,35.6,26.74,0,0,,0,0,9.2,0,0,1012,0,3.7,0,0,0,,Clear,clear-night,"VABP,42667099999"
"Bhopal, Madhya Pradesh, India",2024-03-24T07:00:00,71.6,71.6,39.2,30.8,0,0,,0,0,9.4,2.2,140,1013,27.3,3.7,0.5,0,0,,Partially cloudy,partly-cloudy-day,"VABP,42667099999"
"Bhopal, Madhya Pradesh, India",2024-03-24T08:00:00,76.7,76.7,47,35.03,0,0,,0,0,9.2,0,0,1012.8,32.5,3.2,69,0.2,1,,Partially cloudy,partly-cloudy-day,"VABP,42672099999,42667099999,42763099999"
"Bhopal, Madhya Pradesh, India",2024-03-24T09:00:00,87.8,84.4,42.8,20.82,0,0,,0,0,10.1,4.7,310,1014,27.3,3.7,196.6,0.7,2,,Partially cloudy,partly-cloudy-day,"VABP,42667099999"
"Bhopal, Madhya Pradesh, India",2024-03-24T10:00:00,89.6,85.8,41,18.35,0,0,,0,0,11.6,4.7,260,1015,27.3,3.7,461.5,1.7,5,,Partially cloudy,partly-cloudy-day,"VABP,42667099999"
"Bhopal, Madhya Pradesh, India",2024-03-24T11:00:00,92.9,88.9,43.2,18.06,0,0,,0,0,12.8,8,241,1012,30,3.1,712.7,2.6,7,,Partially cloudy,partly-cloudy-day,"VABP,42667099999,42763099999"
"Bhopal, Madhya Pradesh, India",2024-03-24T12:00:00,95,90.5,37.4,13.48,0,0,,0,0,12.5,3.4,180,1013,0,3.7,848.8,3.1,8,,Clear,clear-day,"VABP,42667099999"
"Bhopal, Madhya Pradesh, India",2024-03-24T13:00:00,95,90.4,35.6,12.56,0,0,,0,0,12.5,9.2,220,1012,27.3,3.7,957.7,3.4,10,,Partially cloudy,partly-cloudy-day,"VABP,42667099999"
"Bhopal, Madhya Pradesh, India",2024-03-24T14:00:00,95,90.4,35.5,12.5,0,0,,0,0,19.2,13.8,264,1009.5,68.7,3.1,931.4,3.4,9,,Partially cloudy,partly-cloudy-day,"VABP,42667099999,42763099999"
"Bhopal, Madhya Pradesh, India",2024-03-24T15:00:00,95,90.5,37.4,13.48,0,0,,0,0,20.8,16.1,280,1011,50,3.7,663.5,2.4,7,,Partially cloudy,partly-cloudy-day,"VABP,42667099999"
"Bhopal, Madhya Pradesh, India",2024-03-24T16:00:00,93.2,88.9,39.2,15.29,0,0,,0,0,21.9,13.9,270,1011,50,3.7,562,2,6,,Partially cloudy,partly-cloudy-day,"VABP,42667099999"
"Bhopal, Madhya Pradesh, India",2024-03-24T17:00:00,93.5,89.3,41.2,16.41,0,0,,0,0,21.7,10.1,264,1008.9,50.2,3.2,406.9,1.5,4,,Partially cloudy,partly-cloudy-day,"VABP,42672099999,42667099999,42763099999"
"Bhopal, Madhya Pradesh, India",2024-03-24T18:00:00,89.6,85.7,39.2,17.11,0,0,,0,0,20.1,6.9,230,1012,50,3.7,227.8,0.8,2,,Partially cloudy,partly-cloudy-day,"VABP,42667099999"
"Bhopal, Madhya Pradesh, India",2024-03-24T19:00:00,92.6,91.4,57.6,31.12,0,0,,0,0,10.7,5.4,253.7,1009,98,,52.3,0.2,0,,Overcast,cloudy,remote
"Bhopal, Madhya Pradesh, India",2024-03-24T20:00:00,83.9,82.8,55.4,37.79,0,0,,0,0,7.6,2.2,140,1011.4,50,3.2,0,0,0,,Partially cloudy,partly-cloudy-night,"VABP,42667099999"
"Bhopal, Madhya Pradesh, India",2024-03-24T21:00:00,84.2,81.6,42.8,23.36,0,0,,0,0,6.3,4.7,210,1014,50,3.7,0,0,0,,Partially cloudy,partly-cloudy-night,"VABP,42667099999"
"Bhopal, Madhya Pradesh, India",2024-03-24T22:00:00,84.6,83.5,55.8,37.45,0,0,,0,0,4.5,4.3,253.5,1012,32.7,,0,0,0,,Partially cloudy,partly-cloudy-night,remote
"Bhopal, Madhya Pradesh, India",2024-03-24T23:00:00,77.6,77.6,60.2,54.97,0,0,,0,0,5.6,3.4,110,1011,18.1,2.5,0,0,0,,Clear,clear-night,42667099999
"Bhopal, Madhya Pradesh, India",2024-03-25T00:00:00,77.1,77.1,56,48.23,0,0,,0,0,7.2,5.1,280.7,1012,6.2,,0,0,0,,Clear,clear-night,remote
"Bhopal, Madhya Pradesh, India",2024-03-25T01:00:00,76.2,76.2,56.2,50.02,0,0,,0,0,9.2,5.4,301.2,1011,0.9,,0,0,0,,Clear,clear-night,remote
"Bhopal, Madhya Pradesh, India",2024-03-25T02:00:00,75.8,75.8,63.2,65.01,0,0,,0,0,9.2,5.8,320,1010.2,39.5,2.5,0,0,0,,Partially cloudy,partly-cloudy-night,42667099999
"Bhopal, Madhya Pradesh, India",2024-03-25T03:00:00,74.2,74.2,55.8,52.74,0,0,,0,0,8.5,5.1,309.9,1011,13.2,,0,0,0,,Clear,clear-night,remote
"Bhopal, Madhya Pradesh, India",2024-03-25T04:00:00,70.6,70.6,53,53.62,0,0,,0,0,8.5,5.6,312.5,1010,39.5,,0,0,0,,Partially cloudy,partly-cloudy-night,remote
"Bhopal, Madhya Pradesh, India",2024-03-25T05:00:00,71.2,71.2,51.5,49.76,0,0,,0,0,9.4,4.7,320,1012.1,55.8,3.2,0,0,0,,Partially cloudy,partly-cloudy-night,"VABP,42667099999"
"Bhopal, Madhya Pradesh, India",2024-03-25T06:00:00,68,68,50,52.54,0,0,,0,0,10.5,4.7,310,1014,0,3.7,0,0,0,,Clear,clear-night,"VABP,42667099999"
"Bhopal, Madhya Pradesh, India",2024-03-25T07:00:00,73.7,73.7,54.2,50.64,0,0,,0,0,11,6.5,339,1012,1.4,,0.7,0,0,,Clear,clear-day,remote
"Bhopal, Madhya Pradesh, India",2024-03-25T08:00:00,77.5,77.5,54.6,45.2,0,0,,0,0,11.6,3.3,360,1014.3,30,3.2,95,0.3,1,,Partially cloudy,partly-cloudy-day,"VABP,42672099999,42667099999,42763099999"
"Bhopal, Madhya Pradesh, India",2024-03-25T09:00:00,84.2,82.5,51.8,32.77,0,0,,0,0,11.9,3.4,70,1016,0,3.7,312.5,1.1,3,,Clear,clear-day,"VABP,42667099999"
"Bhopal, Madhya Pradesh, India",2024-03-25T10:00:00,87.8,85.1,50,27.33,0,0,,0,0,11.4,4.7,100,1016,0,3.7,548.9,2,5,,Clear,clear-day,"VABP,42667099999"
"Bhopal, Madhya Pradesh, India",2024-03-25T11:00:00,92.1,88.6,46.8,21.22,0,0,,0,0,11,3.3,315,1013.6,10,3.1,747.2,2.7,7,,Clear,clear-day,"VABP,42667099999,42763099999"
"Bhopal, Madhya Pradesh, India",2024-03-25T12:00:00,95,91.1,44.6,17.81,0,0,,0,0,10.7,4.7,80,1014,0,3.7,889.2,3.2,9,,Clear,clear-day,"VABP,42667099999"
"Bhopal, Madhya Pradesh, India",2024-03-25T13:00:00,95,90.9,42.8,16.63,0,0,,0,0,11.4,6.9,100,1013,0,3.7,959.7,3.5,10,,Clear,clear-day,"VABP,42667099999"
"Bhopal, Madhya Pradesh, India",2024-03-25T14:00:00,96.8,92.2,39.1,13.64,0,0,,0,0,12.5,5.8,231,1010,18.1,3.1,970.2,3.5,10,,Clear,clear-day,"VABP,42667099999,42763099999"
"Bhopal, Madhya Pradesh, India",2024-03-25T15:00:00,96.8,92,35.6,11.88,0,0,,0,0,13.4,5.8,340,1011,27.3,3.7,812.7,2.9,8,,Partially cloudy,partly-cloudy-day,"VABP,42667099999"
"Bhopal, Madhya Pradesh, India",2024-03-25T16:00:00,96.8,92,35.6,11.88,0,0,,0,0,13.4,8.1,280,1011,27.3,3.7,680.7,2.5,7,,Partially cloudy,partly-cloudy-day,"VABP,42667099999"
"Bhopal, Madhya Pradesh, India",2024-03-25T17:00:00,95.8,91.4,40.5,14.81,0,0,,0,0,13,4.6,270,1008.9,10.4,3.2,523.3,1.9,5,,Clear,clear-day,"VABP,42672099999,42667099999,42763099999"
"Bhopal, Madhya Pradesh, India",2024-03-25T18:00:00,91.4,87.3,39.2,16.18,0,0,,0,0,11.6,3.4,320,1011,0,3.7,286.4,1,3,,Clear,clear-day,"VABP,42667099999"
"Bhopal, Madhya Pradesh, India",2024-03-25T19:00:00,87.8,84.3,41,19.43,0,0,,0,0,8.7,0,0,1012,0,3.7,72.5,0.3,0,,Clear,clear-night,"VABP,42667099999"
"Bhopal, Madhya Pradesh, India",2024-03-25T20:00:00,82.6,80.6,43.9,25.64,0,0,,0,0,8.7,3.4,295,1011.3,0.1,3.2,0,0,0,,Clear,clear-night,"VABP,42667099999"
"Bhopal, Madhya Pradesh, India",2024-03-25T21:00:00,84.2,81.7,44.6,25.02,0,0,,0,0,9.2,5.8,340,1014,0,3.7,0,0,0,,Clear,clear-night,"VABP,42667099999"
"Bhopal, Madhya Pradesh, India",2024-03-25T22:00:00,83.6,82.4,54.4,36.8,0,0,,0,0,9.6,4.7,14.3,1011,1.3,,0,0,0,,Clear,clear-night,remote
"Bhopal, Madhya Pradesh, India",2024-03-25T23:00:00,80.8,79.9,48.7,32.6,0,0,,0,0,9.4,4.7,340,1012.6,50.2,3.2,0,0,0,,Partially cloudy,partly-cloudy-night,"VABP,42667099999"
"Bhopal, Madhya Pradesh, India",2024-03-26T00:00:00,79.8,79.8,54.6,41.88,0,0,,0,0,9.4,5.6,9.4,1012,0,,0,0,0,,Clear,clear-night,remote
"Bhopal, Madhya Pradesh, India",2024-03-26T01:00:00,78.7,78.7,54.4,43.11,0,0,,0,0,9.6,5.6,12.5,1012,18.7,,0,0,0,,Clear,clear-night,remote
"Bhopal, Madhya Pradesh, India",2024-03-26T02:00:00,74,74,52.8,47.46,0,0,,0,0,8.7,0,25,1010.8,30,2.5,0,0,0,,Partially cloudy,partly-cloudy-night,42667099999
"Bhopal, Madhya Pradesh, India",2024-03-26T03:00:00,74.7,74.7,53.3,47.26,0,0,,0,0,8.1,5.1,37.1,1011,84.1,,0,0,0,,Partially cloudy,partly-cloudy-night,remote
"Bhopal, Madhya Pradesh, India",2024-03-26T04:00:00,72.4,72.4,54.2,52.83,0,0,,0,0,8.5,5.4,46.5,1011,69.4,,0,0,0,,Partially cloudy,partly-cloudy-night,remote
"Bhopal, Madhya Pradesh, India",2024-03-26T05:00:00,73.5,73.5,48,40.51,0,0,,0,0,8.7,0,0,1012,30,3.2,0,0,0,,Partially cloudy,partly-cloudy-night,"VABP,42667099999"
"Bhopal, Madhya Pradesh, India",2024-03-26T06:00:00,77,77,44.6,31.65,0,0,,0,0,8.9,5.8,70,1014,0,3.7,0,0,0,,Clear,clear-night,"VABP,42667099999"
"Bhopal, Madhya Pradesh, India",2024-03-26T07:00:00,78.8,78.8,46.4,31.93,0,0,,0,0,8.9,4.7,60,1014,0,3.7,0.9,0,0,,Clear,clear-day,"VABP,42667099999"
"Bhopal, Madhya Pradesh, India",2024-03-26T08:00:00,83.2,81.3,48.1,29.52,0,0,,0,0,11,9,51,1013.3,9.3,3.2,98.4,0.4,1,,Clear,clear-day,"VABP,42672099999,42667099999,42763099999"
"Bhopal, Madhya Pradesh, India",2024-03-26T09:00:00,86,83.1,44.6,23.62,0,0,,0,0,13.4,11.4,50,1016,0,3.7,322.4,1.2,3,,Clear,clear-day,"VABP,42667099999"
"Bhopal, Madhya Pradesh, India",2024-03-26T10:00:00,89.6,86.1,44.6,21.07,0,0,,0,0,16.8,10.3,70,1016,0,3.7,551,2,6,,Clear,clear-day,"VABP,42667099999"
"Bhopal, Madhya Pradesh, India",2024-03-26T11:00:00,91.7,87.7,42.4,18.16,0,0,,0,0,18.6,6.9,21,1013.7,50,3.1,742.2,2.7,7,,Partially cloudy,partly-cloudy-day,"VABP,42667099999,42763099999"
"Bhopal, Madhya Pradesh, India",2024-03-26T12:00:00,93.2,89,41,16.4,0,0,,0,0,18.6,6.9,60,1014,0,3.7,875.6,3.2,9,,Clear,clear-day,"VABP,42667099999"
"Bhopal, Madhya Pradesh, India",2024-03-26T13:00:00,95,90.9,42.8,16.63,0,0,,0,0,16.6,6.9,100,1013,27.3,3.7,930.2,3.3,9,,Partially cloudy,partly-cloudy-day,"VABP,42667099999"
"Bhopal, Madhya Pradesh, India",2024-03-26T14:00:00,95.3,90.8,39.5,14.5,0,0,,0,0,13.9,2.2,140,1010.8,54.6,3.1,935.6,3.4,9,,Partially cloudy,partly-cloudy-day,"VABP,42667099999,42763099999"
"Bhopal, Madhya Pradesh, India",2024-03-26T15:00:00,95,90.6,39.2,14.47,0,0,,0,0,11.2,4.7,180,1012,50,3.7,867,3.1,9,,Partially cloudy,partly-cloudy-day,"VABP,42667099999"
"Bhopal, Madhya Pradesh, India",2024-03-26T16:00:00,95,90.7,41,15.51,0,0,,0,0,10.7,5.8,100,1012,50,3.7,718,2.6,7,,Partially cloudy,partly-cloudy-day,"VABP,42667099999"
"Bhopal, Madhya Pradesh, India",2024-03-26T17:00:00,95.8,92,45.7,18.12,0,0,,0,0,11.6,4.7,20,1010,54.6,3.2,483.1,1.7,5,,Partially cloudy,partly-cloudy-day,"VABP,42667099999"
"Bhopal, Madhya Pradesh, India",2024-03-26T18:00:00,93.1,88.8,39.1,15.28,0,0,,0,0,11.6,2.2,330,1013,50,3.7,215,0.8,2,,Partially cloudy,partly-cloudy-day,VABP
"Bhopal, Madhya Pradesh, India",2024-03-26T19:00:00,85.9,82.9,42.7,22.04,0,0,,0,0,10.1,2.2,290,1013,25,3.7,58.3,0.2,0,,Partially cloudy,partly-cloudy-night,VABP
"Bhopal, Madhya Pradesh, India",2024-03-26T20:00:00,84.2,81.6,42.8,23.36,0,0,,0,0,9.8,3.4,270,1014,0,3.7,0,0,0,,Clear,clear-night,"VABP,42667099999"
"Bhopal, Madhya Pradesh, India",2024-03-26T21:00:00,84.2,81.6,42.8,23.36,0,0,,0,0,9.6,4.7,340,1015,0,3.7,0,0,0,,Clear,clear-night,"VABP,42667099999"
"Bhopal, Madhya Pradesh, India",2024-03-26T22:00:00,84.2,81.5,41,21.79,0,0,,0,0,9.2,4.7,10,1015,0,3.7,0,0,0,,Clear,clear-night,"VABP,42667099999"
"Bhopal, Madhya Pradesh, India",2024-03-26T23:00:00,82.6,80.7,44.9,26.59,0,0,,0,0,8.5,2.2,340,1015.2,0.5,3.2,0,0,0,,Clear,clear-night,"VABP,42667099999"
"Bhopal, Madhya Pradesh, India",2024-03-27T00:00:00,81.1,80.4,51.9,36.41,0,0,,0,0,8.9,4.9,60.6,1013,0,,0,0,0,,Clear,clear-night,remote
"Bhopal, Madhya Pradesh, India",2024-03-27T01:00:00,80.5,79.9,50.8,35.6,0,0,,0,0,8.3,4.9,52,1013,21.4,,0,0,0,,Partially cloudy,partly-cloudy-night,remote
"Bhopal, Madhya Pradesh, India",2024-03-27T02:00:00,78.9,78.9,51.7,38.81,0,0,,0,0,8.3,5.1,50.6,1012,2.7,,0,0,0,,Clear,clear-night,remote
"Bhopal, Madhya Pradesh, India",2024-03-27T03:00:00,78.5,78.5,52.4,40.33,0,0,,0,0,8.5,5.1,53.8,1012,0.7,,0,0,0,,Clear,clear-night,remote
"Bhopal, Madhya Pradesh, India",2024-03-27T04:00:00,75.1,75.1,51.2,43.12,0,0,,0,0,8.5,5.4,65.9,1012,45.2,,0,0,0,,Partially cloudy,partly-cloudy-night,remote
"Bhopal, Madhya Pradesh, India",2024-03-27T05:00:00,80.5,79.1,40.9,24.48,0,0,,0,0,8.7,10.3,70,1015,67.2,3.7,0,0,0,,Partially cloudy,partly-cloudy-night,VABP
"Bhopal, Madhya Pradesh, India",2024-03-27T06:00:00,78.7,78.7,42.7,27.83,0,0,,0,0,8.9,6.9,80,1018,2.1,3.7,0,0,0,,Clear,clear-night,VABP
"Bhopal, Madhya Pradesh, India",2024-03-27T07:00:00,82.3,80.3,42.7,24.74,0,0,,0,0,9.2,6.9,70,1016,0,3.7,1.1,0,0,,Clear,clear-day,VABP
"Bhopal, Madhya Pradesh, India",2024-03-27T08:00:00,84.2,81.8,45.4,25.73,0,0,,0,0,11.6,6.8,85,1015.3,39.9,3.2,100.8,0.4,1,,Partially cloudy,partly-cloudy-day,"VABP,42672099999,42667099999,42763099999"
"Bhopal, Madhya Pradesh, India",2024-03-27T09:00:00,87.8,84.5,44.6,22.3,0,0,,0,0,14.1,5.8,60,1017,0,3.7,324.6,1.2,3,,Clear,clear-day,"VABP,42667099999"
"Bhopal, Madhya Pradesh, India",2024-03-27T10:00:00,91.4,87.7,44.6,19.92,0,0,,0,0,16.3,6.9,90,1017,0,3.7,554.6,2,6,,Clear,clear-day,"VABP,42667099999"
"Bhopal, Madhya Pradesh, India",2024-03-27T11:00:00,95.7,92,46.6,18.82,0,0,,0,0,17.4,6.9,65,1014.8,50,3.1,750.2,2.7,8,,Partially cloudy,partly-cloudy-day,"VABP,42667099999,42763099999"
"Bhopal, Madhya Pradesh, India",2024-03-27T12:00:00,96.8,92.2,39.2,13.69,0,0,,0,0,17.7,6.9,140,1016,0,3.7,884.3,3.2,9,,Clear,clear-day,"VABP,42667099999"
"Bhopal, Madhya Pradesh, India",2024-03-27T13:00:00,98.6,94.1,41,13.9,0,0,,0,0,15.2,4.7,120,1015,0,3.7,954.8,3.4,10,,Clear,clear-day,"VABP,42667099999"
"Bhopal, Madhya Pradesh, India",2024-03-27T14:00:00,100.2,95.9,42.6,14.05,0,0,,0,0,11.9,4.7,90,1011.7,27.5,3.1,921.5,3.3,9,,Partially cloudy,partly-cloudy-day,"VABP,42667099999,42763099999"
"Bhopal, Madhya Pradesh, India",2024-03-27T15:00:00,98.6,94.1,41,13.9,0,0,,0,0,9.2,6.9,80,1013,27.3,3.7,822.1,3,8,,Partially cloudy,partly-cloudy-day,"VABP,42667099999"
"Bhopal, Madhya Pradesh, India",2024-03-27T16:00:00,97.8,97.1,57.6,26.5,0,0,,0,0,8.3,1.6,329.2,1010,20.7,,695.5,2.5,7,,Partially cloudy,partly-cloudy-day,remote
"Bhopal, Madhya Pradesh, India",2024-03-27T17:00:00,97.6,93.9,46.3,17.52,0,0,,0,0,8.1,4.6,140,1009.9,50,3.2,506.6,1.8,5,,Partially cloudy,partly-cloudy-day,"VABP,42672099999,42667099999,42763099999"
"Bhopal, Madhya Pradesh, India",2024-03-27T18:00:00,98.1,99.7,62.3,30.97,0,0,,0,0,7.2,2.5,11.4,1010,89.1,,265.9,1,3,,Partially cloudy,partly-cloudy-day,remote
"Bhopal, Madhya Pradesh, India",2024-03-27T19:00:00,91.4,87.5,42.8,18.59,0,0,,0,0,5.1,2.2,320,1013,50,3.7,64.2,0.2,0,,Partially cloudy,partly-cloudy-night,"VABP,42667099999"
"Bhopal, Madhya Pradesh, India",2024-03-27T20:00:00,87.9,85.2,50.4,27.68,0,0,,0,0,7.4,2.2,320,1012.2,27.3,3.2,0,0,0,,Partially cloudy,partly-cloudy-night,"VABP,42667099999"
"Bhopal, Madhya Pradesh, India",2024-03-27T21:00:00,84.2,82.8,53.6,35.01,0,0,,0,0,8.1,4.7,140,1014,0,3.7,0,0,0,,Clear,clear-night,"VABP,42667099999"
"Bhopal, Madhya Pradesh, India",2024-03-27T22:00:00,85.2,84.5,58,39.79,0,0,,0,0,7.8,6.3,101.9,1012,100,,0,0,0,,Overcast,cloudy,remote
"Bhopal, Madhya Pradesh, India",2024-03-27T23:00:00,84.1,82.4,51.7,32.75,0,0,,0,0,7.8,3.4,110,1015,50,3.7,0,0,0,,Partially cloudy,partly-cloudy-night,VABP
"Bhopal, Madhya Pradesh, India",2024-03-28T00:00:00,82.5,82.1,56.9,41.75,0,0,,0,0,7.6,5.4,161.2,1012,100,,0,0,0,,Overcast,cloudy,remote
"Bhopal, Madhya Pradesh, India",2024-03-28T01:00:00,82.1,81.8,56.7,41.97,0,0,,0,0,7.2,4.7,185.8,1012,100,,0,0,0,,Overcast,cloudy,remote
"Bhopal, Madhya Pradesh, India",2024-03-28T02:00:00,81.2,81.1,56.4,42.65,0,0,,0,0,7.2,2.9,231.1,1012,100,,0,0,0,,Overcast,cloudy,remote
"Bhopal, Madhya Pradesh, India",2024-03-28T03:00:00,80.3,80.6,56.9,44.79,0,0,,0,0,6.9,3.1,317,1011,100,,0,0,0,,Overcast,cloudy,remote
"Bhopal, Madhya Pradesh, India",2024-03-28T04:00:00,75.5,75.5,56.2,51.23,0,0,,0,0,7.6,2.9,345.2,1011,98.2,,0,0,0,,Overcast,cloudy,remote
"Bhopal, Madhya Pradesh, India",2024-03-28T05:00:00,75.1,75.1,53.5,47,0,0,,0,0,7.8,5.8,90,1012,74.7,3.7,0,0,0,,Partially cloudy,partly-cloudy-night,VABP
"Bhopal, Madhya Pradesh, India",2024-03-28T06:00:00,76.9,76.9,53.5,44.27,0,0,,0,0,7.6,6.9,90,1013,55.1,3.7,0,0,0,,Partially cloudy,partly-cloudy-night,VABP
"Bhopal, Madhya Pradesh, India",2024-03-28T07:00:00,76.9,76.9,58.9,53.82,0,0,,0,0,6.3,3.4,120,1013,54.5,3.7,1.3,0,0,,Partially cloudy,partly-cloudy-day,VABP
"Bhopal, Madhya Pradesh, India",2024-03-28T08:00:00,84.1,82,48.1,28.65,0,0,,0,0,5.4,2.2,100,1014,64,3.7,97.5,0.4,1,,Partially cloudy,partly-cloudy-day,VABP
"Bhopal, Madhya Pradesh, India",2024-03-28T09:00:00,89.5,86.6,49.9,25.81,0,0,,0,0,6.9,4.7,110,1014,52,3.7,315.5,1.1,3,,Partially cloudy,partly-cloudy-day,VABP
"Bhopal, Madhya Pradesh, India",2024-03-28T10:00:00,94.9,91.5,48.1,20.39,0,0,,0,0,9.8,5.8,100,1014,66.5,3.7,530.6,1.9,5,,Partially cloudy,partly-cloudy-day,VABP
"Bhopal, Madhya Pradesh, India",2024-03-28T11:00:00,96.7,92.7,44.5,16.84,0,0,,0,0,11.6,4.7,140,1014,25,3.1,735.2,2.6,7,,Partially cloudy,partly-cloudy-day,VABP
"Bhopal, Madhya Pradesh, India",2024-03-28T12:00:00,100.3,95.9,42.7,14.1,0,0,,0,0,12.5,6.9,160,1013,25,3.1,878.7,3.2,9,,Partially cloudy,partly-cloudy-day,VABP
"Bhopal, Madhya Pradesh, India",2024-03-28T13:00:00,102.1,97.7,42.7,13.35,0,0,,0,0,14.5,6.9,200,1012,25,3.1,938.7,3.4,9,,Partially cloudy,partly-cloudy-day,VABP
"Bhopal, Madhya Pradesh, India",2024-03-28T14:00:00,102.1,97.2,39.1,11.62,0,0,,0,0,17.2,8.1,190,1011,50,3.7,948.6,3.4,9,,Partially cloudy,partly-cloudy-day,VABP
"Bhopal, Madhya Pradesh, India",2024-03-28T15:00:00,102.1,97.2,39.1,11.62,0,0,,0,0,19,6.9,180,1010,25,3.7,869.3,3.1,9,,Partially cloudy,partly-cloudy-day,VABP
"Bhopal, Madhya Pradesh, India",2024-03-28T16:00:00,100.3,95.9,42.7,14.1,0,0,,0,0,19.7,11.4,220,1010,50,3.7,723.7,2.6,7,,Partially cloudy,partly-cloudy-day,VABP
"Bhopal, Madhya Pradesh, India",2024-03-28T17:00:00,98.5,94.2,42.7,14.89,0,0,,0,0,19.5,8.1,210,1010,50,3.7,463.8,1.7,5,,Partially cloudy,partly-cloudy-day,VABP
"Bhopal, Madhya Pradesh, India",2024-03-28T18:00:00,99.6,99.4,58.4,25.75,0,0,,0,0,20.6,6.5,278.6,1007,33.8,,259.8,0.9,3,,Partially cloudy,partly-cloudy-day,remote
"Bhopal, Madhya Pradesh, India",2024-03-28T19:00:00,93.1,89.5,46.3,20.15,0,0,,0,0,19.5,8.1,240,1011,50,3.7,69.7,0.3,0,,Partially cloudy,partly-cloudy-night,VABP
"Bhopal, Madhya Pradesh, India",2024-03-28T20:00:00,87.7,84.6,46.3,23.87,0,0,,0,0,15.9,5.8,230,1011,20.4,3.7,0,0,0,,Partially cloudy,partly-cloudy-night,VABP
"Bhopal, Madhya Pradesh, India",2024-03-28T21:00:00,87.7,84.8,48.1,25.54,0,0,,0,0,12.1,6.9,230,1011,12.2,3.7,0,0,0,,Clear,clear-night,VABP
"Bhopal, Madhya Pradesh, India",2024-03-28T22:00:00,88.6,87.3,57.1,34.55,0,0,,0,0,10.1,4.9,279.9,1010,10.3,,0,0,0,,Clear,clear-night,remote
"Bhopal, Madhya Pradesh, India",2024-03-28T23:00:00,82.3,80.7,48.1,30.37,0,0,,0,0,10.3,8.1,230,1012,5.6,3.7,0,0,0,,Clear,clear-night,VABP
"Bhopal, Madhya Pradesh, India",2024-03-29T00:00:00,85.6,84.4,56.6,37.35,0,0,,0,0,11.6,6,286,1010,3.4,,0,0,0,,Clear,clear-night,remote
"Bhopal, Madhya Pradesh, India",2024-03-29T01:00:00,84.8,83.7,56,37.48,0,0,,0,0,11.9,6.9,293.1,1010,5.4,,0,0,0,,Clear,clear-night,remote
"Bhopal, Madhya Pradesh, India",2024-03-29T02:00:00,83,82.5,56.9,41.03,0,0,,0,0,13.6,7.8,300.8,1009,4.1,,0,0,0,,Clear,clear-night,remote
"Bhopal, Madhya Pradesh, India",2024-03-29T03:00:00,83.4,82.7,56.6,40.03,0,0,,0,0,15,8.5,307.5,1008,5,,0,0,0,,Clear,clear-night,remote
"Bhopal, Madhya Pradesh, India",2024-03-29T04:00:00,78.7,78.7,56.4,46.32,0,0,,0,0,15.2,8.7,311.7,1008,30.7,,0,0,0,,Partially cloudy,partly-cloudy-night,remote
"Bhopal, Madhya Pradesh, India",2024-03-29T05:00:00,75.1,75.1,51.7,43.99,0,0,,0,0,15,4.7,160,1011,69.8,3.7,0,0,0,,Partially cloudy,partly-cloudy-night,VABP
"Bhopal, Madhya Pradesh, India",2024-03-29T06:00:00,75.1,75.1,51.7,43.99,0,0,,0,0,13.9,0,0,1011,81,3.7,0,0,0,,Partially cloudy,partly-cloudy-night,VABP
"Bhopal, Madhya Pradesh, India",2024-03-29T07:00:00,78.7,78.7,51.7,39.04,0,0,,0,0,13,2.2,200,1012,25,3.1,1.5,0,0,,Partially cloudy,partly-cloudy-day,VABP
"Bhopal, Madhya Pradesh, India",2024-03-29T08:00:00,84.1,82.4,51.7,32.75,0,0,,0,0,14.8,5.8,230,1013,88,3.1,103.8,0.4,1,,Partially cloudy,partly-cloudy-day,VABP
"Bhopal, Madhya Pradesh, India",2024-03-29T09:00:00,84.1,82.4,51.7,32.75,0,0,,0,0,16.8,8.1,240,1014,88,3.1,328,1.2,3,,Partially cloudy,partly-cloudy-day,VABP
"Bhopal, Madhya Pradesh, India",2024-03-29T10:00:00,91.3,88.6,51.7,26.07,0,0,,0,0,17.4,2.2,170,1014,50,3.7,550.8,2,6,,Partially cloudy,partly-cloudy-day,VABP
"Bhopal, Madhya Pradesh, India",2024-03-29T11:00:00,94.9,91.5,48.1,20.39,0,0,,0,0,17.2,6.9,110,1013,63.4,3.7,737,2.7,7,,Partially cloudy,partly-cloudy-day,VABP
"Bhopal, Madhya Pradesh, India",2024-03-29T12:00:00,96.9,95.5,56,25.69,0,0,,0,0,15.9,5.1,341.3,1011,30.7,,834.7,3,8,,Partially cloudy,partly-cloudy-day,remote
"Bhopal, Madhya Pradesh, India",2024-03-29T13:00:00,97.8,96.3,55.5,24.51,0,0,,0,0,13,2.5,264.5,1010,39.3,,866.3,3.1,9,,Partially cloudy,partly-cloudy-day,remote
"Bhopal, Madhya Pradesh, India",2024-03-29T14:00:00,98.5,94.7,46.3,17.07,0,0,,0,0,14.3,6.9,140,1011,88,3.7,764.5,2.8,8,,Partially cloudy,partly-cloudy-day,VABP
"Bhopal, Madhya Pradesh, India",2024-03-29T15:00:00,96.7,93,46.3,18.04,0.004,100,rain,0,0,16.6,17.2,230,1010,50,3.7,646.1,2.3,6,,"Rain, Partially cloudy",rain,VABP
"Bhopal, Madhya Pradesh, India",2024-03-29T16:00:00,95.1,94.7,59.1,30.31,0,0,,0,0,18.1,9.8,238.6,1008,64,,509.5,1.8,5,,Partially cloudy,partly-cloudy-day,remote
"Bhopal, Madhya Pradesh, India",2024-03-29T17:00:00,96.7,92.5,42.7,15.72,0,0,,0,0,17.9,6.9,260,1010,50,3.7,291.4,1,3,,Partially cloudy,partly-cloudy-day,VABP
"Bhopal, Madhya Pradesh, India",2024-03-29T18:00:00,93.1,89.5,46.3,20.15,0,0,,0,0,14.8,4.7,210,1011,88,3.7,235.1,0.8,2,,Partially cloudy,partly-cloudy-day,VABP
"Bhopal, Madhya Pradesh, India",2024-03-29T19:00:00,78.7,78.7,58.9,50.71,0,0,,0,0,8.7,17.2,210,1013,88,2.5,54.2,0.2,0,,Partially cloudy,partly-cloudy-night,VABP
"Bhopal, Madhya Pradesh, India",2024-03-29T20:00:00,80.5,82.2,64.3,57.86,0,0,,0,0,7.4,6.9,300,1013,88,3.1,0,0,0,,Partially cloudy,partly-cloudy-night,VABP
"Bhopal, Madhya Pradesh, India",2024-03-29T21:00:00,80.5,82.6,66.1,61.6,0,0,,0,0,8.5,4.7,270,1013,88,3.1,0,0,0,,Partially cloudy,partly-cloudy-night,VABP
"Bhopal, Madhya Pradesh, India",2024-03-29T22:00:00,84.3,84.3,60,43.96,0,0,,0,0,9.8,4.3,317.5,1011,24.2,,0,0,0,,Partially cloudy,partly-cloudy-night,remote
"Bhopal, Madhya Pradesh, India",2024-03-29T23:00:00,80.5,81.7,62.5,54.32,0,0,,0,0,11.2,3.4,290,1013,88,3.1,0,0,0,,Partially cloudy,partly-cloudy-night,VABP
"Bhopal, Madhya Pradesh, India",2024-03-30T00:00:00,81.9,82.3,59.8,47.11,0,0,,0,0,11.2,3.8,322.4,1011,35,,0,0,0,,Partially cloudy,partly-cloudy-night,remote
"Bhopal, Madhya Pradesh, India",2024-03-30T01:00:00,83,83.2,60,45.78,0,0,,0,0,6.7,4.7,304.1,1011,31.2,,0,0,0,,Partially cloudy,partly-cloudy-night,remote
"Bhopal, Madhya Pradesh, India",2024-03-30T02:00:00,76.9,76.9,69.7,78.49,0,0,,0,0,6.9,4.7,70,1012,50,3.1,0,0,0,,Partially cloudy,partly-cloudy-night,VABP
"Bhopal, Madhya Pradesh, India",2024-03-30T03:00:00,80.1,81,60,50.27,0,0,,0,0,7.4,5.1,260.2,1010,20.7,,0,0,0,,Partially cloudy,partly-cloudy-night,remote
"Bhopal, Madhya Pradesh, India",2024-03-30T04:00:00,75.6,75.6,62.3,63.36,0,0,,0,0,6.9,2.2,203.5,1011,24.9,,0,0,0,,Partially cloudy,partly-cloudy-night,remote
"Bhopal, Madhya Pradesh, India",2024-03-30T05:00:00,75.1,75.1,62.5,64.92,0,0,,0,0,7.4,3.4,160,1013,50,3.1,0,0,0,,Partially cloudy,partly-cloudy-night,VABP
"Bhopal, Madhya Pradesh, India",2024-03-30T06:00:00,78.7,78.7,62.3,57.26,0,0,,0,0,7.6,4.5,262.4,1011,36.6,,0,0,0,,Partially cloudy,partly-cloudy-night,remote
"Bhopal, Madhya Pradesh, India",2024-03-30T07:00:00,78.9,78.9,62,56.2,0,0,,0,0,7.6,4.5,268.1,1012,39.3,,1.5,0,0,,Partially cloudy,partly-cloudy-day,remote
"Bhopal, Madhya Pradesh, India",2024-03-30T08:00:00,82.3,83.3,62.5,51.23,0,0,,0,0,8.1,5.8,110,1015,50,1.9,87.4,0.3,1,,Partially cloudy,partly-cloudy-day,VABP
"Bhopal, Madhya Pradesh, India",2024-03-30T09:00:00,80.5,81.9,63.1,55.36,0,0,,0,0,9.4,2.9,243.8,1013,18.6,,294.3,1.1,3,,Clear,clear-day,remote
"Bhopal, Madhya Pradesh, India",2024-03-30T10:00:00,80.5,81.7,62.3,53.98,0,0,,0,0,10.7,2.9,258.7,1014,10.7,,508.7,1.8,5,,Clear,clear-day,remote
"Bhopal, Madhya Pradesh, India",2024-03-30T11:00:00,94.9,91.8,49.9,21.81,0,0,,0,0,12.3,4.7,140,1015,50,3.7,723.5,2.6,7,,Partially cloudy,partly-cloudy-day,VABP
"Bhopal, Madhya Pradesh, India",2024-03-30T12:00:00,96.7,93.3,48.1,19.3,0,0,,0,0,13.4,5.8,150,1014,50,3.7,773.6,2.8,8,,Partially cloudy,partly-cloudy-day,VABP
"Bhopal, Madhya Pradesh, India",2024-03-30T13:00:00,94.9,93.9,57.6,28.95,0,0,,0,0,14.1,4.7,271,1012,43.2,,868,3.1,9,,Partially cloudy,partly-cloudy-day,remote
"Bhopal, Madhya Pradesh, India",2024-03-30T14:00:00,96.7,92.7,44.5,16.84,0,0,,0,0,14.3,2.2,160,1013,50,3.7,738,2.7,7,,Partially cloudy,partly-cloudy-day,VABP
"Bhopal, Madhya Pradesh, India",2024-03-30T15:00:00,96.7,92.5,42.7,15.72,0,0,,0,0,15.7,4.7,290,1012,50,3.7,706,2.5,7,,Partially cloudy,partly-cloudy-day,VABP
"Bhopal, Madhya Pradesh, India",2024-03-30T16:00:00,96.7,92.7,44.5,16.84,0,0,,0,0,17.2,5.8,240,1011,50,3.7,625.7,2.3,6,,Partially cloudy,partly-cloudy-day,VABP
"Bhopal, Madhya Pradesh, India",2024-03-30T17:00:00,94.9,91,44.5,17.8,0,0,,0,0,17.4,6.9,220,1011,50,3.7,491.9,1.8,5,,Partially cloudy,partly-cloudy-day,VABP
"Bhopal, Madhya Pradesh, India",2024-03-30T18:00:00,98.1,97,56.4,25.05,0,0,,0,0,17.9,6,245.6,1009,26,,261.5,0.9,3,,Partially cloudy,partly-cloudy-day,remote
"Bhopal, Madhya Pradesh, India",2024-03-30T19:00:00,87.7,87,58.9,37.92,0,0,,0,0,15.4,4.7,70,1013,50,3.7,60.1,0.2,0,,Partially cloudy,partly-cloudy-night,VABP
"Bhopal, Madhya Pradesh, India",2024-03-30T20:00:00,85.9,84.5,55.3,35.27,0,0,,0,0,11.9,2.2,120,1014,50,3.7,0,0,0,,Partially cloudy,partly-cloudy-night,VABP
"Bhopal, Madhya Pradesh, India",2024-03-30T21:00:00,84.1,83.4,57.1,39.88,0,0,,0,0,10.7,3.4,160,1014,50,3.7,0,0,0,,Partially cloudy,partly-cloudy-night,VABP
"Bhopal, Madhya Pradesh, India",2024-03-30T22:00:00,84.1,82.2,49.9,30.64,0,0,,0,0,9.2,4.7,200,1015,50,3.7,0,0,0,,Partially cloudy,partly-cloudy-night,VABP
"Bhopal, Madhya Pradesh, India",2024-03-30T23:00:00,82.3,80.9,49.9,32.48,0,0,,0,0,7.8,4.7,210,1015,50,3.7,0,0,0,,Partially cloudy,partly-cloudy-night,VABP
"Bhopal, Madhya Pradesh, India",2024-03-31T00:00:00,81.8,81.6,57.1,43.02,0,0,,0,0,7.8,4.9,259.5,1013,1.2,,0,0,0,,Clear,clear-night,remote
"Bhopal, Madhya Pradesh, India",2024-03-31T01:00:00,81.8,81.4,56,41.37,0,0,,0,0,9.2,5.8,270.3,1012,1.5,,0,0,0,,Clear,clear-night,remote
"Bhopal, Madhya Pradesh, India",2024-03-31T02:00:00,79.4,79.4,54.8,42.66,0,0,,0,0,10.3,6.5,284.6,1012,6.7,,0,0,0,,Clear,clear-night,remote
"Bhopal, Madhya Pradesh, India",2024-03-31T03:00:00,79.6,79.6,54.4,41.85,0,0,,0,0,12.3,7.6,294.7,1012,11,,0,0,0,,Clear,clear-night,remote
"Bhopal, Madhya Pradesh, India",2024-03-31T04:00:00,77.1,77.1,54.1,44.88,0,0,,0,0,14.3,8.5,284.6,1012,7.4,,0,0,0,,Clear,clear-night,remote
"Bhopal, Madhya Pradesh, India",2024-03-31T05:00:00,75.1,75.1,44.5,33.59,0,0,,0,0,14.8,6.9,240,1014,50,3.7,0,0,0,,Partially cloudy,partly-cloudy-night,VABP
"Bhopal, Madhya Pradesh, India",2024-03-31T06:00:00,73.3,73.3,46.3,38.2,0,0,,0,0,14.5,5.8,230,1015,50,3.7,0,0,0,,Partially cloudy,partly-cloudy-night,VABP
"Bhopal, Madhya Pradesh, India",2024-03-31T07:00:00,76.9,76.9,48.1,36.24,0,0,,0,0,13.6,5.8,130,1016,50,3.7,2.2,0,0,,Partially cloudy,partly-cloudy-day,VABP
"Bhopal, Madhya Pradesh, India",2024-03-31T08:00:00,80.5,79.7,48.1,32.2,0,0,,0,0,12.8,4.7,150,1017,88,3.7,94.6,0.3,1,,Partially cloudy,partly-cloudy-day,VABP
"Bhopal, Madhya Pradesh, India",2024-03-31T09:00:00,84.1,81.8,46.3,26.78,0,0,,0,0,14.5,2.2,140,1017,50,3.7,307.1,1.1,3,,Partially cloudy,partly-cloudy-day,VABP
"Bhopal, Madhya Pradesh, India",2024-03-31T10:00:00,87.7,84.4,44.5,22.29,0,0,,0,0,15.4,5.8,230,1017,50,3.7,457,1.6,5,,Partially cloudy,partly-cloudy-day,VABP
"Bhopal, Madhya Pradesh, India",2024-03-31T11:00:00,89.5,86.2,46.3,22.55,0,0,,0,0,15.9,4.7,210,1016,25,3.7,653.2,2.4,7,,Partially cloudy,partly-cloudy-day,VABP
"Bhopal, Madhya Pradesh, India",2024-03-31T12:00:00,93.1,89.1,42.7,17.57,0,0,,0,0,15.7,8.1,180,1016,25,3.7,775.7,2.8,8,,Partially cloudy,partly-cloudy-day,VABP
"Bhopal, Madhya Pradesh, India",2024-03-31T13:00:00,93.1,88.9,40.9,16.39,0,0,,0,0,17.2,13.9,240,1014,25,3.7,912.8,3.3,9,,Partially cloudy,partly-cloudy-day,VABP
"Bhopal, Madhya Pradesh, India",2024-03-31T14:00:00,94.9,90.6,40.9,15.5,0,0,,0,0,18.6,10.3,190,1014,50,3.7,842.3,3,8,,Partially cloudy,partly-cloudy-day,VABP
"Bhopal, Madhya Pradesh, India",2024-03-31T15:00:00,94.9,90.5,39.1,14.46,0,0,,0,0,19.7,4.7,230,1012,50,3.7,733.5,2.6,7,,Partially cloudy,partly-cloudy-day,VABP
"Bhopal, Madhya Pradesh, India",2024-03-31T16:00:00,96.7,92,37.3,12.75,0,0,,0,0,20.1,13.9,230,1012,50,3.7,675.3,2.4,7,,Partially cloudy,partly-cloudy-day,VABP
"Bhopal, Madhya Pradesh, India",2024-03-31T17:00:00,94.9,90.5,39.1,14.46,0,0,,0,0,19.9,10.3,220,1012,25,3.7,481.1,1.7,5,,Partially cloudy,partly-cloudy-day,VABP
"Bhopal, Madhya Pradesh, India",2024-03-31T18:00:00,96.2,93.5,51.7,22.43,0,0,,0,0,18.8,5.8,305.1,1009,19,,283.9,1,3,,Clear,clear-day,remote
"Bhopal, Madhya Pradesh, India",2024-03-31T19:00:00,87.7,84.2,40.9,19.42,0,0,,0,0,14.1,5.8,220,1013,25,3.7,74.1,0.3,0,,Partially cloudy,partly-cloudy-night,VABP
"Bhopal, Madhya Pradesh, India",2024-03-31T20:00:00,85.9,82.8,40.9,20.56,0,0,,0,0,8.3,6.9,220,1013,50,3.7,0,0,0,,Partially cloudy,partly-cloudy-night,VABP
"Bhopal, Madhya Pradesh, India",2024-03-31T21:00:00,84.1,81.5,40.9,21.78,0,0,,0,0,8.1,8.1,240,1013,50,3.7,0,0,0,,Partially cloudy,partly-cloudy-night,VABP
"Bhopal, Madhya Pradesh, India",2024-03-31T22:00:00,83.9,82.5,53.3,34.97,0,0,,0,0,8.3,6,304,1011,15.5,,0,0,0,,Clear,clear-night,remote
"Bhopal, Madhya Pradesh, India",2024-03-31T23:00:00,82.3,80.2,40.9,23.08,0,0,,0,0,8.3,6.9,250,1013,25,3.7,0,0,0,,Partially cloudy,partly-cloudy-night,VABP
